# 3ds Max Wavefront OBJ Exporter v0.94b - (c)2007 guruware
# File Created: 14.10.2021 16:47:18

mtllib Easel.mtl

#
# object painting
#

v  34.6637 410.1945 7.9457
v  34.6637 438.4075 5.4774
v  -8.2323 438.4075 5.4774
v  34.6637 372.5435 11.2398
v  34.6637 334.8925 14.5338
v  34.6637 297.2415 17.8278
v  34.6637 259.5903 21.1219
v  -112.9724 156.0752 30.1782
v  -112.9724 438.4075 5.4774
v  -155.8685 438.4075 5.4773
v  -155.8685 410.1945 7.9457
v  -60.6024 438.4075 5.4774
v  -155.8685 372.5435 11.2397
v  -155.8685 334.8925 14.5337
v  -155.8685 184.2883 27.7099
v  -155.8685 156.0752 30.1782
v  -155.8685 221.9393 24.4159
v  -155.8685 259.5903 21.1218
v  -155.8685 297.2415 17.8278
v  34.6637 221.9393 24.4159
v  34.6637 184.2883 27.7100
v  -60.6024 156.0752 30.1783
v  -8.2324 156.0752 30.1783
v  34.6637 156.0752 30.1783
# 24 vertices

vt 1.0000 0.9001 0.0999
vt 1.0000 1.0000 0.0000
vt 0.7749 1.0000 0.0000
vt 1.0000 0.7667 0.2333
vt 1.0000 0.6334 0.3666
vt 1.0000 0.5000 0.5000
vt 1.0000 0.3666 0.6334
vt 0.2251 0.0000 1.0000
vt 0.2251 1.0000 0.0000
vt 0.0000 1.0000 0.0000
vt 0.0000 0.9001 0.0999
vt 0.5000 1.0000 0.0000
vt 0.0000 0.7667 0.2333
vt 0.0000 0.6334 0.3666
vt 0.0000 0.0999 0.9001
vt 0.0000 0.0000 1.0000
vt 0.0000 0.2333 0.7667
vt 0.0000 0.3666 0.6334
vt 0.0000 0.5000 0.5000
vt 1.0000 0.2333 0.7667
vt 1.0000 0.0999 0.9001
vt 0.5000 0.0000 1.0000
vt 0.7749 0.0000 1.0000
vt 1.0000 0.0000 1.0000
# 24 texture coords

g painting
usemtl Standard_3
s off
f 1/1 2/2 3/3 4/4 
f 5/5 4/4 3/3 6/6 
f 7/7 6/6 3/3 8/8 
f 9/9 10/10 11/11 12/12 
f 3/3 12/12 11/11 13/13 
f 3/3 13/13 14/14 8/8 
f 15/15 16/16 8/8 17/17 
f 18/18 17/17 8/8 19/19 
f 14/14 19/19 8/8 
f 20/20 7/7 8/8 21/21 
f 21/21 8/8 22/22 23/23 
f 24/24 21/21 23/23 
# 10 polygons - 2 triangles

#
# object easel
#

v  -80.7669 381.6086 3.1312
v  -127.5370 6.4436 35.9540
v  -127.5370 6.0266 31.1888
v  -80.7669 381.1917 -1.6340
v  -80.6959 382.6882 3.0367
v  -80.7059 382.3846 3.0633
v  -80.7059 381.9677 -1.7019
v  -80.6958 382.2713 -1.7285
v  -80.7813 383.7332 2.9453
v  -80.7408 383.4630 2.9690
v  -80.7408 383.0459 -1.7962
v  -80.7813 383.3163 -1.8199
v  -81.0462 384.7294 2.8582
v  -80.9642 384.4876 2.8793
v  -80.9642 384.0708 -1.8859
v  -81.0462 384.3125 -1.9070
v  -81.4772 385.6566 2.7771
v  -81.3588 385.4404 2.7960
v  -81.3588 385.0235 -1.9692
v  -81.4772 385.2395 -1.9882
v  -82.0601 386.4940 2.7038
v  -81.9080 386.3034 2.7204
v  -81.9080 385.8867 -2.0447
v  -82.0601 386.0771 -2.0614
v  -82.7802 387.2217 2.6401
v  -82.5956 387.0580 2.6544
v  -82.5956 386.6412 -2.1108
v  -82.7802 386.8047 -2.1251
v  -83.6231 387.8195 2.5878
v  -83.4050 387.6853 2.5995
v  -83.4050 387.2684 -2.1657
v  -83.6231 387.4026 -2.1774
v  -84.5747 388.2675 2.5486
v  -84.3196 388.1671 2.5574
v  -84.3196 387.7502 -2.2078
v  -84.5747 387.8504 -2.2166
v  -85.6214 388.5444 2.5244
v  -85.3223 388.4857 2.5295
v  -85.3223 388.0688 -2.2357
v  -85.6214 388.1277 -2.2408
v  -86.7948 388.7019 2.5106
v  -86.3941 388.6603 2.5142
v  -86.3941 388.2433 -2.2509
v  -86.7948 388.2850 -2.2546
v  -87.8934 388.7531 2.5061
v  -87.5749 388.7482 2.5066
v  -87.5749 388.3315 -2.2586
v  -87.8934 388.3363 -2.2591
v  -88.9558 388.6505 2.5151
v  -88.6705 388.6968 2.5111
v  -88.6705 388.2799 -2.2542
v  -88.9558 388.2336 -2.2501
v  -89.9679 388.3716 2.5395
v  -89.7114 388.4604 2.5318
v  -89.7114 388.0435 -2.2335
v  -89.9679 387.9548 -2.2257
v  -90.9098 387.9294 2.5782
v  -90.6798 388.0556 2.5671
v  -90.6798 387.6389 -2.1981
v  -90.9098 387.5125 -2.1870
v  -91.7616 387.3376 2.6300
v  -91.5583 387.4987 2.6159
v  -91.5583 387.0816 -2.1493
v  -91.7616 386.9207 -2.1352
v  -92.5040 386.6100 2.6936
v  -92.3287 386.8047 2.6766
v  -92.3287 386.3879 -2.0886
v  -92.5040 386.1932 -2.0716
v  -93.1176 385.7610 2.7679
v  -92.9731 385.9901 2.7479
v  -92.9731 385.5732 -2.0173
v  -93.1176 385.3441 -1.9973
v  -93.5829 384.8038 2.8516
v  -93.4736 385.0704 2.8283
v  -93.4736 384.6534 -1.9369
v  -93.5829 384.3869 -1.9135
v  -93.8797 383.7520 2.9437
v  -93.8128 384.0623 2.9165
v  -93.8128 383.6454 -1.8487
v  -93.8796 383.3351 -1.8215
v  -140.6967 6.4218 35.9559
v  -94.0096 382.9843 3.0108
v  -94.0096 382.5674 -1.7544
v  -140.6967 6.0049 31.1907
v  -128.7264 5.3948 36.0457
v  -139.7676 5.3765 36.0473
v  -139.7676 4.9597 31.2821
v  -128.7264 4.9780 31.2805
v  -92.4517 386.1187 3.1292
v  -92.9765 385.2865 3.2020
v  -93.3557 384.3618 3.2829
v  -91.0345 387.4498 3.0128
v  -93.5757 383.3401 3.3723
v  -140.3349 6.1959 36.3682
v  -128.4839 5.8189 36.4012
v  -139.9828 5.7999 36.4029
v  -127.9551 6.2852 36.3604
v  -81.1090 382.0598 3.4843
v  -81.2207 384.0607 3.3093
v  -81.0750 383.0891 3.3943
v  -87.2072 388.3871 2.9308
v  -81.5310 384.9756 3.2292
v  -81.9918 385.8163 3.1556
v  -83.3069 387.2012 3.0345
v  -82.5887 386.5643 3.0902
v  -84.1317 387.7086 2.9901
v  -85.0491 388.0692 2.9586
v  -86.0634 388.2683 2.9412
v  -88.2559 388.4034 2.9293
v  -89.2457 388.2430 2.9434
v  -90.1777 387.9207 2.9716
v  -91.7985 386.8446 3.0657
v  -128.4838 5.3339 30.8568
v  -139.9829 5.3148 30.8585
v  -140.3349 5.7108 30.8238
v  -81.1090 381.5747 -2.0601
v  -93.5756 382.8551 -2.1721
v  -93.3556 383.8768 -2.2615
v  -92.4516 385.6335 -2.4152
v  -92.9764 384.8015 -2.3424
v  -91.7984 386.3594 -2.4787
v  -91.0345 386.9648 -2.5317
v  -89.2457 387.7581 -2.6011
v  -90.1776 387.4357 -2.5729
v  -88.2559 387.9182 -2.6151
v  -87.2072 387.9019 -2.6137
v  -85.0490 387.5841 -2.5858
v  -86.0634 387.7831 -2.6033
v  -84.1317 387.2235 -2.5543
v  -83.3068 386.7159 -2.5099
v  -81.9918 385.3313 -2.3888
v  -82.5886 386.0793 -2.4542
v  -81.5310 384.4908 -2.3152
v  -81.2207 383.5757 -2.2352
v  -81.0750 382.6040 -2.1502
v  -127.9551 5.8000 30.8160
v  -128.0425 5.2368 31.2579
v  -127.8780 5.3818 31.2452
v  -127.8781 5.7987 36.0104
v  -128.0425 5.6536 36.0231
v  -140.4179 5.6675 36.0218
v  -140.4854 5.7435 36.0152
v  -140.4854 5.3265 31.2500
v  -140.4179 5.2506 31.2566
v  13.4825 6.0266 31.1888
v  13.4825 6.4435 35.9540
v  -33.2875 381.6086 3.1312
v  -33.2875 381.1917 -1.6339
v  -33.3486 381.9677 -1.7018
v  -33.3486 382.3846 3.0633
v  -33.3586 382.6882 3.0368
v  -33.3586 382.2713 -1.7284
v  -33.3137 383.0459 -1.7962
v  -33.3137 383.4630 2.9690
v  -33.2732 383.7332 2.9454
v  -33.2731 383.3163 -1.8198
v  -33.0902 384.0708 -1.8858
v  -33.0902 384.4876 2.8793
v  -33.0082 384.7294 2.8582
v  -33.0082 384.3125 -1.9070
v  -32.6956 385.0237 -1.9692
v  -32.6956 385.4404 2.7960
v  -32.5772 385.6566 2.7771
v  -32.5772 385.2397 -1.9881
v  -32.1464 385.8867 -2.0447
v  -32.1464 386.3034 2.7205
v  -31.9943 386.4940 2.7038
v  -31.9943 386.0771 -2.0614
v  -31.4588 386.6412 -2.1108
v  -31.4588 387.0580 2.6545
v  -31.2743 387.2216 2.6402
v  -31.2743 386.8047 -2.1250
v  -30.6494 387.2684 -2.1656
v  -30.6494 387.6853 2.5996
v  -30.4313 387.8195 2.5879
v  -30.4313 387.4026 -2.1774
v  -29.7348 387.7503 -2.2078
v  -29.7348 388.1672 2.5574
v  -29.4797 388.2675 2.5487
v  -29.4796 387.8506 -2.2166
v  -28.7322 388.0689 -2.2356
v  -28.7322 388.4857 2.5295
v  -28.4330 388.5446 2.5244
v  -28.4330 388.1277 -2.2408
v  -27.6603 388.2434 -2.2509
v  -27.6603 388.6603 2.5143
v  -27.2596 388.7019 2.5106
v  -27.2596 388.2850 -2.2546
v  -26.4796 388.3315 -2.2586
v  -26.4796 388.7484 2.5066
v  -26.1610 388.7532 2.5062
v  -26.1610 388.3363 -2.2590
v  -25.3839 388.2799 -2.2541
v  -25.3839 388.6968 2.5111
v  -25.0986 388.6506 2.5151
v  -25.0986 388.2337 -2.2501
v  -24.3431 388.0435 -2.2334
v  -24.3431 388.4604 2.5318
v  -24.0865 388.3716 2.5395
v  -24.0865 387.9548 -2.2257
v  -23.3746 387.6389 -2.1980
v  -23.3746 388.0556 2.5672
v  -23.1447 387.9294 2.5782
v  -23.1447 387.5125 -2.1870
v  -22.4962 387.0818 -2.1493
v  -22.4962 387.4987 2.6159
v  -22.2928 387.3376 2.6300
v  -22.2928 386.9207 -2.1352
v  -21.7257 386.3880 -2.0886
v  -21.7257 386.8048 2.6766
v  -21.5504 386.6100 2.6937
v  -21.5504 386.1932 -2.0715
v  -21.0813 385.5732 -2.0173
v  -21.0813 385.9901 2.7479
v  -20.9368 385.7610 2.7679
v  -20.9368 385.3441 -1.9973
v  -20.5808 384.6537 -1.9368
v  -20.5808 385.0706 2.8284
v  -20.4716 384.8040 2.8517
v  -20.4716 384.3869 -1.9135
v  -20.2416 383.6454 -1.8486
v  -20.2416 384.0623 2.9166
v  -20.1748 383.7520 2.9437
v  -20.1748 383.3351 -1.8215
v  -20.0448 382.5674 -1.7543
v  -20.0449 382.9843 3.0109
v  26.6422 6.4218 35.9559
v  26.6422 6.0049 31.1907
v  25.7131 4.9596 31.2821
v  25.7131 5.3765 36.0474
v  14.6720 5.3948 36.0457
v  14.6720 4.9780 31.2805
v  14.4294 5.8189 36.4012
v  25.9284 5.7999 36.4029
v  26.2804 6.1959 36.3683
v  -32.9454 382.0598 3.4843
v  -20.4788 383.3401 3.3723
v  -20.6988 384.3618 3.2830
v  -21.6028 386.1187 3.1292
v  -21.0780 385.2865 3.2020
v  -22.2560 386.8446 3.0658
v  -23.0200 387.4500 3.0128
v  -24.8088 388.2430 2.9434
v  -23.8768 387.9208 2.9716
v  -25.7986 388.4032 2.9294
v  -26.8473 388.3871 2.9308
v  -29.0054 388.0692 2.9586
v  -27.9911 388.2683 2.9412
v  -29.9228 387.7086 2.9901
v  -30.7476 387.2010 3.0346
v  -32.0627 385.8164 3.1557
v  -31.4658 386.5643 3.0903
v  -32.5234 384.9757 3.2292
v  -32.8337 384.0607 3.3093
v  -32.9794 383.0891 3.3943
v  13.9006 6.2852 36.3604
v  -21.6028 385.6338 -2.4152
v  -21.0780 384.8015 -2.3424
v  -20.6988 383.8768 -2.2615
v  -23.0199 386.9649 -2.5317
v  -20.4788 382.8551 -2.1721
v  26.2804 5.7108 30.8238
v  14.4293 5.3339 30.8568
v  25.9284 5.3148 30.8585
v  13.9006 5.8001 30.8160
v  -32.9454 381.5747 -2.0601
v  -32.8337 383.5757 -2.2351
v  -32.9794 382.6040 -2.1501
v  -26.8473 387.9020 -2.6136
v  -32.5234 384.4908 -2.3152
v  -32.0626 385.3313 -2.3887
v  -30.7476 386.7159 -2.5099
v  -31.4658 386.0793 -2.4542
v  -29.9227 387.2235 -2.5543
v  -29.0054 387.5841 -2.5858
v  -27.9911 387.7832 -2.6032
v  -25.7985 387.9182 -2.6151
v  -24.8087 387.7581 -2.6010
v  -23.8768 387.4359 -2.5729
v  -22.2560 386.3594 -2.4787
v  13.8236 5.7987 36.0104
v  13.8236 5.3818 31.2452
v  13.9880 5.2368 31.2579
v  13.9880 5.6537 36.0231
v  26.4309 5.3265 31.2501
v  26.4309 5.7434 36.0152
v  26.3635 5.6676 36.0219
v  26.3635 5.2506 31.2567
v  -13.1539 310.0382 -1.2379
v  -13.1539 310.4551 3.5274
v  -101.1243 310.4551 3.5273
v  -101.1243 310.0382 -1.2379
v  -102.0351 311.0829 -1.3293
v  -102.0352 311.4998 3.4359
v  -100.5136 322.2314 2.4970
v  -100.5136 321.8145 -2.2682
v  -99.3065 322.8590 -2.3596
v  -99.3065 323.2760 2.4056
v  -14.7531 323.2760 2.4056
v  -14.7531 322.8590 -2.3595
v  -13.5636 321.8123 -2.2679
v  -13.5636 322.2290 2.4973
v  -12.2255 311.5021 3.4357
v  -12.2255 311.0851 -1.3294
v  -100.0921 322.4526 2.8703
v  -101.6776 311.2693 3.8487
v  -101.3371 310.8788 3.8828
v  -14.5101 322.9204 2.8293
v  -12.9392 310.8788 3.8829
v  -12.5872 311.2758 3.8481
v  -13.9817 322.4554 2.8700
v  -99.5515 322.9204 2.8293
v  -99.5515 322.4355 -2.7151
v  -14.5101 322.4355 -2.7151
v  -13.9817 321.9703 -2.6744
v  -12.9392 310.3936 -1.6616
v  -12.5872 310.7907 -1.6963
v  -101.3370 310.3937 -1.6616
v  -101.6776 310.7843 -1.6957
v  -100.0921 321.9675 -2.6742
v  -101.7719 310.3323 -1.2636
v  -101.7719 310.7492 3.5016
v  -101.8334 310.8197 3.4954
v  -101.8333 310.4028 -1.2698
v  -12.5039 310.7471 3.5018
v  -12.5039 310.3301 -1.2634
v  -12.4362 310.4064 -1.2701
v  -12.4363 310.8233 3.4951
v  -100.1636 322.4558 -2.3243
v  -100.1636 322.8727 2.4409
v  -99.9929 323.0204 2.4280
v  -99.9929 322.6035 -2.3372
v  -14.0689 322.6010 -2.3370
v  -14.0689 323.0180 2.4282
v  -13.9049 322.8737 2.4409
v  -13.9049 322.4568 -2.3243
v  31.5352 135.7453 43.8532
v  -145.7733 135.7454 43.8531
v  -145.7732 134.1588 25.7186
v  31.5352 134.1588 25.7187
v  27.3119 147.2054 24.1846
v  31.5352 142.9982 24.5527
v  31.5352 134.5143 25.2950
v  -145.7732 142.9983 24.5526
v  -145.7732 134.5143 25.2949
v  -141.5499 147.2056 24.1846
v  27.0828 147.6292 24.5402
v  -141.3208 147.6293 24.5401
v  -141.3208 148.0462 29.3053
v  27.0828 148.0461 29.3053
v  31.5352 137.2580 30.6417
v  31.5352 143.4832 30.0971
v  27.3119 147.6906 29.7291
v  -145.7732 143.4833 30.0971
v  -141.5499 147.6908 29.7289
v  -145.7732 137.2581 30.6417
v  31.5352 136.9025 31.0655
v  -145.7732 136.9025 31.0654
v  -145.7733 137.8099 41.4365
v  31.5352 137.8099 41.4365
v  31.5352 138.2336 41.7921
v  -145.7733 138.2336 41.7920
v  -145.7733 140.5261 41.5914
v  31.5352 140.5260 41.5915
v  31.5352 140.9497 41.9470
v  -145.7733 140.9498 41.9470
v  -145.7733 141.0757 43.3868
v  31.5352 141.0757 43.3869
v  31.5352 140.7202 43.8106
v  -145.7733 140.7202 43.8105
v  -145.7733 136.1691 44.2086
v  31.5352 136.1690 44.2087
v  -146.1643 136.4448 30.3203
v  -146.1643 143.2210 29.7274
v  -146.1643 142.8042 24.9622
v  -146.1643 134.5484 25.6845
v  -146.1643 140.6861 43.4209
v  -146.1643 140.5602 41.9810
v  -146.1643 137.4885 42.2498
v  -146.1643 136.1350 43.8191
v  31.9263 134.5483 25.6846
v  31.9263 142.8041 24.9623
v  31.9263 143.2209 29.7275
v  31.9263 136.4447 30.3203
v  31.9263 137.4884 42.2498
v  31.9263 140.5600 41.9811
v  31.9263 140.6861 43.4209
v  31.9263 136.1349 43.8191
v  -141.9884 147.7707 29.3294
v  -141.9884 147.3538 24.5642
v  -145.8878 143.4692 24.9040
v  -145.8878 143.8862 29.6692
v  27.7505 147.3537 24.5643
v  27.7505 147.7706 29.3294
v  31.6498 143.8861 29.6693
v  31.6498 143.4692 24.9041
v  -62.5277 323.8495 -10.6355
v  -62.5277 323.0188 -5.9248
v  -51.5532 323.0188 -5.9248
v  -51.5532 323.8495 -10.6355
v  -51.1621 323.4644 -10.7034
v  -51.1621 322.6336 -5.9927
v  -51.1621 6.2672 -61.7766
v  -51.1621 7.0977 -66.4873
v  -52.2211 6.0548 -66.6712
v  -52.2211 5.2242 -61.9605
v  -61.8598 5.2242 -61.9605
v  -61.8598 6.0548 -66.6712
v  -62.9189 7.0977 -66.4874
v  -62.9189 6.2672 -61.7766
v  -62.9189 322.6336 -5.9927
v  -62.9189 323.4644 -10.7034
v  -51.5532 5.9735 -61.4312
v  -51.5532 322.5657 -5.6075
v  -62.5277 322.5657 -5.6075
v  -62.5277 5.9735 -61.4312
v  -62.0889 5.5414 -61.5074
v  -51.9920 5.5414 -61.5074
v  -62.5277 6.9400 -66.9123
v  -62.5277 323.5321 -11.0886
v  -51.5532 323.5321 -11.0886
v  -51.9920 6.5079 -66.9884
v  -51.5532 6.9400 -66.9123
v  -62.0890 6.5079 -66.9884
v  -51.4387 6.4401 -66.6032
v  -51.4387 5.6096 -61.8925
v  -51.5534 5.4965 -61.9125
v  -51.5534 6.3272 -66.6232
v  -62.5275 6.3272 -66.6232
v  -62.5275 5.4965 -61.9125
v  -62.6423 5.6096 -61.8926
v  -62.6423 6.4401 -66.6032
v  15.6132 76.8572 19.1628
v  15.6132 77.2741 23.9281
v  -129.7720 77.2741 23.9280
v  -129.7720 76.8572 19.1628
v  -130.6828 77.9018 19.0714
v  -130.6828 78.3187 23.8366
v  -129.1613 89.0505 22.8977
v  -129.1613 88.6335 18.1326
v  -127.9542 89.6781 18.0412
v  -127.9542 90.0950 22.8063
v  14.0139 90.0950 22.8064
v  14.0139 89.6781 18.0412
v  15.2035 88.6311 18.1327
v  15.2035 89.0480 22.8979
v  16.5415 78.3210 23.8365
v  16.5415 77.9041 19.0713
v  -128.7398 89.2717 23.2710
v  -130.3254 78.0884 24.2494
v  -129.9847 77.6978 24.2835
v  14.2570 89.7395 23.2301
v  15.8279 77.6978 24.2836
v  16.1799 78.0947 24.2488
v  14.7854 89.2745 23.2707
v  -128.1991 89.7395 23.2300
v  -128.1991 89.2544 17.6856
v  14.2570 89.2544 17.6856
v  14.7854 88.7894 17.7263
v  15.8279 77.2127 18.7391
v  16.1799 77.6097 18.7044
v  -129.9847 77.2127 18.7391
v  -130.3254 77.6035 18.7050
v  -128.7398 88.7867 17.7266
v  -130.4195 77.1514 19.1371
v  -130.4195 77.5683 23.9023
v  -130.4811 77.6388 23.8961
v  -130.4811 77.2220 19.1309
v  16.2632 77.5661 23.9025
v  16.2632 77.1492 19.1373
v  16.3309 77.2255 19.1306
v  16.3309 77.6424 23.8958
v  -128.8113 89.2748 18.0764
v  -128.8113 89.6917 22.8416
v  -128.6405 89.8395 22.8287
v  -128.6405 89.4226 18.0635
v  14.6982 89.4201 18.0637
v  14.6982 89.8370 22.8289
v  14.8622 89.6927 22.8416
v  14.8622 89.2758 18.0764
v  -42.2237 144.2139 24.0044
v  -42.2237 137.3181 24.6077
v  -42.2237 136.5597 15.9383
v  -42.2237 143.4555 15.3350
v  -42.9096 145.0079 14.8066
v  -42.6950 144.5090 14.8503
v  -42.6148 143.7894 14.9132
v  -43.7492 145.5592 14.7584
v  -42.6148 136.1575 15.5809
v  -42.6950 135.4379 15.6439
v  -43.2484 134.6015 15.7170
v  -42.9096 134.9390 15.6875
v  -43.7492 134.3877 15.7358
v  -44.4716 134.3078 15.7427
v  -70.2008 134.3877 15.7358
v  -69.4785 134.3078 15.7427
v  -70.7017 145.3454 14.7771
v  -70.7017 134.6015 15.7170
v  -71.0404 134.9390 15.6875
v  -71.3353 136.1575 15.5809
v  -71.2550 135.4379 15.6439
v  -71.3353 143.7894 14.9132
v  -71.2550 144.5090 14.8502
v  -71.0404 145.0079 14.8066
v  -70.2008 145.5592 14.7584
v  -69.4785 145.6391 14.7514
v  -44.4716 145.6391 14.7514
v  -43.2484 145.3454 14.7771
v  -71.7264 143.4555 15.3350
v  -71.7264 136.5597 15.9383
v  -71.7264 137.3181 24.6077
v  -71.7264 144.2139 24.0044
v  -71.0404 145.8346 24.2552
v  -71.2550 145.3356 24.2989
v  -71.3353 144.6161 24.3618
v  -64.0515 146.4659 24.2000
v  -71.3353 136.9841 25.0295
v  -71.2550 136.2646 25.0925
v  -70.7017 135.4283 25.1656
v  -71.0404 135.7656 25.1361
v  -70.2008 135.2143 25.1843
v  -69.4785 135.1344 25.1913
v  -64.0515 135.1344 25.1913
v  -69.4785 146.4659 24.2000
v  -70.2008 146.3858 24.2069
v  -70.7017 146.1720 24.2257
v  -63.6604 146.4317 23.8104
v  -63.6604 135.1004 24.8017
v  -63.6604 134.6642 19.8173
v  -63.6604 145.9956 18.8259
v  -63.2693 145.9615 18.4363
v  -63.2693 134.6301 19.4276
v  -50.7122 134.6301 19.4276
v  -50.7122 145.9615 18.4363
v  -50.3211 145.9956 18.8259
v  -50.3211 134.6642 19.8173
v  -50.3211 135.1003 24.8017
v  -50.3211 146.4317 23.8104
v  -43.7492 146.3858 24.2069
v  -44.4716 146.4659 24.2000
v  -49.9300 146.4659 24.2000
v  -42.6148 144.6160 24.3618
v  -49.9300 135.1344 25.1913
v  -44.4716 135.1344 25.1913
v  -43.2484 135.4282 25.1656
v  -43.7492 135.2143 25.1843
v  -42.9096 135.7656 25.1361
v  -42.6950 136.2646 25.0925
v  -42.6148 136.9841 25.0295
v  -42.6950 145.3356 24.2989
v  -42.9096 145.8345 24.2552
v  -43.2484 146.1720 24.2257
v  -64.0515 134.2065 19.0721
v  -64.0515 134.7108 24.8358
v  -69.1090 134.7108 24.8358
v  -69.1090 133.9523 16.1664
v  -44.8410 133.9522 16.1664
v  -44.8410 134.7108 24.8358
v  -49.9300 134.7108 24.8358
v  -49.9300 134.2065 19.0721
v  -69.1090 146.0629 15.1069
v  -69.1090 146.8214 23.7763
v  -64.0515 146.8214 23.7763
v  -64.0515 146.3170 18.0126
v  -49.9300 146.3170 18.0126
v  -49.9300 146.8214 23.7763
v  -44.8410 146.8214 23.7763
v  -44.8410 146.0629 15.1069
v  -71.6832 136.5413 24.6757
v  -71.6832 135.7829 16.0063
v  -71.6805 135.7589 16.0084
v  -71.6805 136.5173 24.6777
v  -71.6832 144.2322 15.2670
v  -71.6832 144.9907 23.9364
v  -71.6805 145.0147 23.9343
v  -71.6805 144.2562 15.2650
v  -71.4833 135.7720 24.7430
v  -71.4833 135.0135 16.0736
v  -71.5242 135.1088 16.0653
v  -71.5242 135.8672 24.7346
v  -71.0937 135.2337 24.7901
v  -71.0937 134.4751 16.1207
v  -71.2015 134.5826 16.1113
v  -71.2015 135.3411 24.7807
v  -70.5655 134.9121 24.8182
v  -70.5655 134.1536 16.1488
v  -70.6611 134.1944 16.1452
v  -70.6611 134.9529 24.8146
v  -69.9129 134.7564 24.8318
v  -69.9129 133.9980 16.1624
v  -69.8889 133.9953 16.1627
v  -69.8889 134.7537 24.8320
v  -71.4833 145.0016 15.1997
v  -71.4833 145.7600 23.8691
v  -71.5242 145.6648 23.8774
v  -71.5242 144.9063 15.2081
v  -71.0937 145.5400 15.1526
v  -71.0937 146.2984 23.8220
v  -71.2015 146.1910 23.8314
v  -71.2015 145.4325 15.1620
v  -70.5655 145.8615 15.1245
v  -70.5655 146.6199 23.7939
v  -70.6611 146.5791 23.7975
v  -70.6611 145.8207 15.1281
v  -69.9129 146.0172 15.1109
v  -69.9129 146.7757 23.7803
v  -69.8888 146.7782 23.7800
v  -69.8888 146.0198 15.1107
v  -42.2669 135.7828 16.0063
v  -42.2669 136.5413 24.6757
v  -42.2695 136.5173 24.6778
v  -42.2695 135.7589 16.0084
v  -42.2669 144.9907 23.9364
v  -42.2669 144.2322 15.2671
v  -42.2695 144.2562 15.2650
v  -42.2695 145.0147 23.9343
v  -42.4668 135.0135 16.0736
v  -42.4668 135.7719 24.7430
v  -42.4258 135.8672 24.7346
v  -42.4258 135.1087 16.0653
v  -42.8564 134.4751 16.1207
v  -42.8564 135.2336 24.7901
v  -42.7485 135.3411 24.7807
v  -42.7485 134.5826 16.1113
v  -43.3846 134.1536 16.1488
v  -43.3846 134.9121 24.8182
v  -43.2889 134.9529 24.8146
v  -43.2889 134.1944 16.1453
v  -44.0372 133.9980 16.1624
v  -44.0372 134.7564 24.8318
v  -44.0612 134.7537 24.8320
v  -44.0612 133.9953 16.1627
v  -42.4668 145.7600 23.8691
v  -42.4668 145.0016 15.1997
v  -42.4258 144.9063 15.2081
v  -42.4258 145.6648 23.8774
v  -42.8564 146.2984 23.8220
v  -42.8564 145.5400 15.1526
v  -42.7486 145.4325 15.1620
v  -42.7486 146.1910 23.8314
v  -43.3846 146.6199 23.7939
v  -43.3846 145.8615 15.1245
v  -43.2889 145.8207 15.1281
v  -43.2889 146.5791 23.7975
v  -44.0372 146.7757 23.7803
v  -44.0372 146.0172 15.1109
v  -44.0612 146.0198 15.1107
v  -44.0612 146.7782 23.7800
v  -42.2236 456.4949 -3.0856
v  -42.2236 449.5990 -2.4823
v  -42.2236 448.8406 -11.1516
v  -42.2236 455.7365 -11.7550
v  -42.9096 457.2888 -12.2834
v  -42.6950 456.7899 -12.2397
v  -42.6148 456.0703 -12.1768
v  -43.7492 457.8401 -12.3316
v  -42.6148 448.4384 -11.5090
v  -42.6950 447.7189 -11.4461
v  -43.2484 446.8824 -11.3729
v  -42.9096 447.2200 -11.4025
v  -43.7492 446.6686 -11.3542
v  -44.4715 446.5887 -11.3472
v  -70.2008 446.6686 -11.3542
v  -69.4785 446.5887 -11.3472
v  -70.7016 457.6263 -12.3129
v  -70.7016 446.8824 -11.3729
v  -71.0404 447.2199 -11.4025
v  -71.3352 448.4384 -11.5090
v  -71.2550 447.7189 -11.4461
v  -71.3352 456.0703 -12.1768
v  -71.2550 456.7899 -12.2397
v  -71.0403 457.2888 -12.2834
v  -70.2008 457.8401 -12.3316
v  -69.4785 457.9200 -12.3386
v  -44.4715 457.9200 -12.3386
v  -43.2484 457.6263 -12.3129
v  -71.7263 455.7365 -11.7550
v  -71.7263 448.8405 -11.1517
v  -71.7263 449.5990 -2.4823
v  -71.7263 456.4949 -3.0856
v  -71.0403 458.1155 -2.8348
v  -71.2550 457.6166 -2.7911
v  -71.3352 456.8970 -2.7282
v  -64.0514 458.7467 -2.8900
v  -71.3352 449.2651 -2.0605
v  -71.2550 448.5455 -1.9975
v  -70.7016 447.7091 -1.9243
v  -71.0404 448.0466 -1.9539
v  -70.2008 447.4953 -1.9056
v  -69.4785 447.4153 -1.8986
v  -64.0515 447.4153 -1.8986
v  -69.4785 458.7467 -2.8900
v  -70.2008 458.6667 -2.8830
v  -70.7016 458.4529 -2.8643
v  -63.6603 458.7127 -3.2796
v  -63.6603 447.3813 -2.2882
v  -63.6603 446.9451 -7.2727
v  -63.6603 458.2766 -8.2641
v  -63.2692 458.2424 -8.6537
v  -63.2693 446.9111 -7.6624
v  -50.7122 446.9111 -7.6623
v  -50.7121 458.2424 -8.6537
v  -50.3210 458.2766 -8.2641
v  -50.3210 446.9451 -7.2727
v  -50.3210 447.3813 -2.2882
v  -50.3210 458.7127 -3.2796
v  -43.7492 458.6667 -2.8830
v  -44.4715 458.7467 -2.8900
v  -49.9300 458.7467 -2.8900
v  -42.6148 456.8970 -2.7282
v  -49.9300 447.4153 -1.8986
v  -44.4715 447.4153 -1.8986
v  -43.2484 447.7091 -1.9243
v  -43.7492 447.4953 -1.9056
v  -42.9096 448.0466 -1.9539
v  -42.6950 448.5455 -1.9975
v  -42.6148 449.2651 -2.0605
v  -42.6950 457.6166 -2.7911
v  -42.9096 458.1155 -2.8348
v  -43.2484 458.4529 -2.8643
v  -64.0515 446.4875 -8.0179
v  -64.0515 446.9917 -2.2542
v  -69.1090 446.9917 -2.2542
v  -69.1090 446.2332 -10.9235
v  -44.8409 446.2332 -10.9235
v  -44.8409 446.9917 -2.2542
v  -49.9300 446.9917 -2.2542
v  -49.9300 446.4875 -8.0179
v  -69.1090 458.3438 -11.9831
v  -69.1090 459.1022 -3.3137
v  -64.0514 459.1022 -3.3137
v  -64.0514 458.5979 -9.0774
v  -49.9300 458.5979 -9.0774
v  -49.9300 459.1022 -3.3137
v  -44.8409 459.1022 -3.3137
v  -44.8409 458.3438 -11.9830
v  -71.6832 448.8222 -2.4143
v  -71.6832 448.0638 -11.0837
v  -71.6805 448.0399 -11.0816
v  -71.6805 448.7983 -2.4122
v  -71.6832 456.5132 -11.8229
v  -71.6832 457.2717 -3.1535
v  -71.6805 457.2957 -3.1556
v  -71.6805 456.5372 -11.8250
v  -71.4833 448.0530 -2.3470
v  -71.4833 447.2946 -11.0164
v  -71.5242 447.3896 -11.0247
v  -71.5242 448.1483 -2.3554
v  -71.0936 447.5146 -2.2999
v  -71.0936 446.7560 -10.9693
v  -71.2015 446.8636 -10.9787
v  -71.2015 447.6220 -2.3093
v  -70.5654 447.1929 -2.2718
v  -70.5654 446.4345 -10.9411
v  -70.6610 446.4753 -10.9447
v  -70.6610 447.2339 -2.2753
v  -69.9128 447.0374 -2.2582
v  -69.9128 446.2788 -10.9275
v  -69.8888 446.2762 -10.9273
v  -69.8888 447.0347 -2.2579
v  -71.4832 457.2825 -11.8902
v  -71.4832 458.0410 -3.2208
v  -71.5242 457.9457 -3.2125
v  -71.5242 457.1873 -11.8819
v  -71.0936 457.8208 -11.9373
v  -71.0936 458.5793 -3.2679
v  -71.2015 458.4718 -3.2585
v  -71.2015 457.7135 -11.9280
v  -70.5654 458.1425 -11.9655
v  -70.5654 458.9009 -3.2961
v  -70.6610 458.8601 -3.2925
v  -70.6610 458.1017 -11.9619
v  -69.9128 458.2980 -11.9791
v  -69.9128 459.0565 -3.3097
v  -69.8888 459.0592 -3.3099
v  -69.8888 458.3008 -11.9793
v  -42.2668 448.0638 -11.0837
v  -42.2668 448.8222 -2.4143
v  -42.2695 448.7983 -2.4122
v  -42.2695 448.0399 -11.0816
v  -42.2668 457.2717 -3.1535
v  -42.2668 456.5132 -11.8229
v  -42.2695 456.5372 -11.8250
v  -42.2695 457.2957 -3.1556
v  -42.4667 447.2946 -11.0164
v  -42.4667 448.0530 -2.3470
v  -42.4258 448.1483 -2.3554
v  -42.4258 447.3897 -11.0247
v  -42.8564 446.7561 -10.9693
v  -42.8564 447.5146 -2.2999
v  -42.7485 447.6220 -2.3093
v  -42.7485 446.8636 -10.9786
v  -43.3845 446.4345 -10.9411
v  -43.3845 447.1929 -2.2718
v  -43.2889 447.2339 -2.2753
v  -43.2889 446.4753 -10.9447
v  -44.0371 446.2789 -10.9275
v  -44.0371 447.0374 -2.2582
v  -44.0612 447.0347 -2.2579
v  -44.0612 446.2762 -10.9273
v  -42.4667 458.0410 -3.2208
v  -42.4667 457.2825 -11.8902
v  -42.4258 457.1873 -11.8819
v  -42.4258 457.9457 -3.2125
v  -42.8564 458.5793 -3.2679
v  -42.8564 457.8208 -11.9373
v  -42.7485 457.7135 -11.9279
v  -42.7485 458.4718 -3.2585
v  -43.3846 458.9009 -3.2961
v  -43.3846 458.1425 -11.9655
v  -43.2889 458.1017 -11.9619
v  -43.2889 458.8601 -3.2925
v  -44.0371 459.0565 -3.3097
v  -44.0371 458.2980 -11.9791
v  -44.0612 458.3008 -11.9793
v  -44.0612 459.0592 -3.3099
v  -127.6015 6.2704 36.1212
v  -127.5818 6.2643 35.9697
v  -127.5678 6.4428 36.1084
v  -127.6566 6.1056 36.1121
v  -127.6568 6.0945 35.9845
v  -127.6760 6.2732 36.2485
v  -127.6594 6.4113 36.2344
v  -127.7052 6.1407 36.2198
v  -127.6015 5.8271 31.0542
v  -127.5678 5.9991 31.0368
v  -127.5818 5.8474 31.2045
v  -127.6760 5.8076 30.9283
v  -127.6594 5.9461 30.9182
v  -127.6567 5.6663 31.0918
v  -127.6568 5.6776 31.2193
v  -127.7052 5.6823 30.9796
v  -80.7745 381.3932 -1.8076
v  -80.7460 381.3851 -1.6509
v  -80.7944 381.2116 -1.7928
v  -80.7378 381.5685 -1.7977
v  -80.7290 381.5791 -1.6679
v  -80.8532 381.4334 -1.9377
v  -80.8671 381.2896 -1.9202
v  -80.8018 381.5639 -1.9058
v  -80.7745 381.8372 3.2672
v  -80.7945 381.6559 3.2841
v  -80.7460 381.8022 3.1143
v  -80.8532 381.8994 3.3883
v  -80.8671 381.7549 3.3960
v  -80.7379 382.0081 3.2270
v  -80.7291 381.9962 3.0973
v  -80.8018 382.0224 3.3343
v  -80.7470 382.1868 3.2366
v  -80.7155 382.1902 3.0803
v  -80.7383 382.3694 3.2217
v  -80.8327 382.1595 3.3655
v  -80.8239 382.3036 3.3480
v  -80.7470 381.7428 -1.8382
v  -80.7383 381.9252 -1.8553
v  -80.7155 381.7733 -1.6849
v  -80.8327 381.6935 -1.9604
v  -80.8239 381.8384 -1.9682
v  -80.7238 382.4691 -1.9012
v  -80.6957 382.4655 -1.7455
v  -80.7260 382.2868 -1.8865
v  -80.7108 382.6477 -1.8919
v  -80.7036 382.6595 -1.7624
v  -80.8050 382.4984 -2.0304
v  -80.8069 382.3546 -2.0133
v  -80.7734 382.6346 -1.9995
v  -80.7239 382.9131 3.1725
v  -80.7260 382.7310 3.1897
v  -80.6958 382.8824 3.0197
v  -80.8050 382.9642 3.2947
v  -80.8070 382.8197 3.3029
v  -80.7108 383.0873 3.1323
v  -80.7037 383.0764 3.0028
v  -80.7734 383.0932 3.2406
v  -80.7441 383.2633 3.1418
v  -80.7183 383.2701 2.9858
v  -80.7674 383.4442 3.1273
v  -80.8202 383.2251 3.2718
v  -80.8387 383.3676 3.2549
v  -80.7441 382.8195 -1.9318
v  -80.7673 382.9999 -1.9489
v  -80.7182 382.8531 -1.7794
v  -80.8201 382.7592 -2.0532
v  -80.8387 382.9026 -2.0613
v  -80.8470 383.5057 -1.9919
v  -80.8162 383.5074 -1.8366
v  -80.8163 383.3260 -1.9775
v  -80.8657 383.6838 -1.9825
v  -80.8588 383.6968 -1.8532
v  -80.9342 383.5198 -2.1198
v  -80.9099 383.3781 -2.1029
v  -80.9267 383.6597 -2.0892
v  -80.8470 383.9497 3.0818
v  -80.8163 383.7701 3.0988
v  -80.8162 383.9243 2.9286
v  -80.9342 383.9857 3.2053
v  -80.9100 383.8432 3.2133
v  -80.8658 384.1234 3.0417
v  -80.8588 384.1137 2.9120
v  -80.9268 384.1183 3.1509
v  -80.9297 384.2906 3.0520
v  -80.9078 384.3018 2.8956
v  -80.9846 384.4646 3.0381
v  -80.9958 384.2397 3.1831
v  -81.0394 384.3766 3.1667
v  -80.9297 383.8466 -2.0217
v  -80.9846 384.0204 -2.0382
v  -80.9077 383.8849 -1.8696
v  -80.9958 383.7737 -2.1420
v  -81.0393 383.9117 -2.1496
v  -81.1469 384.4875 -2.0778
v  -81.1144 384.4944 -1.9230
v  -81.0848 384.3159 -2.0640
v  -81.1963 384.6593 -2.0679
v  -81.1896 384.6736 -1.9386
v  -81.2373 384.4858 -2.2043
v  -81.1882 384.3506 -2.1880
v  -81.2538 384.6248 -2.1736
v  -81.1469 384.9312 2.9960
v  -81.0848 384.7599 3.0122
v  -81.1144 384.9115 2.8423
v  -81.2373 384.9518 3.1208
v  -81.1882 384.8157 3.1282
v  -81.1963 385.0990 2.9563
v  -81.1896 385.0906 2.8265
v  -81.2538 385.0834 3.0665
v  -81.2882 385.2527 2.9678
v  -81.2708 385.2672 2.8111
v  -81.3726 385.4144 2.9550
v  -81.3425 385.1909 3.0999
v  -81.4093 385.3185 3.0843
v  -81.2882 384.8087 -2.1059
v  -81.3725 384.9703 -2.1213
v  -81.2708 384.8503 -1.9541
v  -81.3425 384.7251 -2.2252
v  -81.4093 384.8535 -2.2320
v  -81.6091 385.3943 -2.1571
v  -81.5759 385.4071 -2.0028
v  -81.5182 385.2361 -2.1446
v  -81.6871 385.5555 -2.1463
v  -81.6810 385.5708 -2.0171
v  -81.6999 385.3771 -2.2823
v  -81.6279 385.2523 -2.2669
v  -81.7395 385.5114 -2.2512
v  -81.6091 385.8383 2.9166
v  -81.5183 385.6801 2.9317
v  -81.5759 385.8242 2.7624
v  -81.6999 385.8430 3.0428
v  -81.6280 385.7174 3.0493
v  -81.6871 385.9949 2.8780
v  -81.6810 385.9876 2.7481
v  -81.7395 385.9698 2.9889
v  -81.8038 386.1304 2.8910
v  -81.7915 386.1479 2.7341
v  -81.9147 386.2755 2.8796
v  -81.8449 386.0606 3.0238
v  -81.9326 386.1750 3.0093
v  -81.8038 385.6867 -2.1827
v  -81.9147 385.8315 -2.1967
v  -81.7915 385.7310 -2.0311
v  -81.8448 385.5948 -2.3013
v  -81.9326 385.7099 -2.3069
v  -82.2189 386.2068 -2.2282
v  -82.1860 386.2253 -2.0744
v  -82.1022 386.0663 -2.2172
v  -82.3230 386.3524 -2.2160
v  -82.3178 386.3687 -2.0869
v  -82.3072 386.1743 -2.3521
v  -82.2149 386.0636 -2.3378
v  -82.3687 386.2998 -2.3202
v  -82.2189 386.6508 2.8455
v  -82.1022 386.5105 2.8591
v  -82.1860 386.6422 2.6908
v  -82.3073 386.6401 2.9731
v  -82.2149 386.5287 2.9784
v  -82.3230 386.7919 2.8082
v  -82.3178 386.7854 2.6782
v  -82.3687 386.7583 2.9199
v  -82.4609 386.9056 2.8232
v  -82.4540 386.9244 2.6661
v  -82.5951 387.0296 2.8137
v  -82.4875 386.8300 2.9565
v  -82.5936 386.9276 2.9434
v  -82.4609 386.4616 -2.2505
v  -82.5951 386.5854 -2.2626
v  -82.4540 386.5076 -2.0991
v  -82.4874 386.3641 -2.3686
v  -82.5935 386.4624 -2.3727
v  -82.9612 386.9052 -2.2893
v  -82.9298 386.9292 -2.1360
v  -82.8221 386.7867 -2.2802
v  -83.0885 387.0306 -2.2753
v  -83.0842 387.0479 -2.1464
v  -83.0444 386.8579 -2.4118
v  -82.9344 386.7646 -2.3992
v  -83.1260 386.9711 -2.3789
v  -82.9612 387.3492 2.7844
v  -82.8221 387.2310 2.7960
v  -82.9298 387.3461 2.6292
v  -83.0445 387.3239 2.9133
v  -82.9345 387.2297 2.9170
v  -83.0885 387.4702 2.7488
v  -83.0842 387.4648 2.6189
v  -83.1260 387.4297 2.8612
v  -83.2436 387.5587 2.7661
v  -83.2425 387.5783 2.6089
v  -83.3972 387.6578 2.7587
v  -83.2548 387.4799 2.8997
v  -83.3763 387.5577 2.8883
v  -83.2436 387.1147 -2.3076
v  -83.3972 387.2135 -2.3176
v  -83.2425 387.1613 -2.1563
v  -83.2547 387.0139 -2.4255
v  -83.3763 387.0925 -2.4279
v  -83.8211 387.4702 -2.3387
v  -83.7921 387.4993 -2.1859
v  -83.6635 387.3774 -2.3319
v  -83.9681 387.5715 -2.3226
v  -83.9649 387.5892 -2.1937
v  -83.8966 387.4089 -2.4600
v  -83.7720 387.3360 -2.4492
v  -83.9963 387.5063 -2.4257
v  -83.8211 387.9140 2.7350
v  -83.6635 387.8217 2.7443
v  -83.7921 387.9162 2.5793
v  -83.8966 387.8748 2.8651
v  -83.7720 387.8011 2.8670
v  -83.9681 388.0111 2.7015
v  -83.9649 388.0061 2.5715
v  -83.9963 387.9646 2.8144
v  -84.1359 388.0713 2.7212
v  -84.1407 388.0902 2.5641
v  -84.3047 388.1415 2.7164
v  -84.1311 387.9919 2.8549
v  -84.2646 388.0471 2.8455
v  -84.1359 387.6273 -2.3525
v  -84.3047 387.6975 -2.3599
v  -84.1407 387.6733 -2.2011
v  -84.1311 387.5259 -2.4702
v  -84.2646 387.5818 -2.4707
v  -84.7840 387.8820 -2.3747
v  -84.7583 387.9160 -2.2223
v  -84.6125 387.8183 -2.3705
v  -84.9464 387.9557 -2.3562
v  -84.9444 387.9738 -2.2274
v  -84.8492 387.8081 -2.4949
v  -84.7137 387.7583 -2.4861
v  -84.9640 387.8862 -2.4590
v  -84.7840 388.3257 2.6989
v  -84.6125 388.2626 2.7057
v  -84.7583 388.3327 2.5429
v  -84.8492 388.2740 2.8301
v  -84.7137 388.2234 2.8301
v  -84.9464 388.3951 2.6679
v  -84.9444 388.3907 2.5378
v  -84.9640 388.3446 2.7811
v  -85.1219 388.4244 2.6903
v  -85.1324 388.4420 2.5334
v  -85.3005 388.4635 2.6882
v  -85.1009 388.3475 2.8237
v  -85.2423 388.3778 2.8166
v  -85.1219 387.9805 -2.3834
v  -85.3005 388.0195 -2.3881
v  -85.1324 388.0252 -2.2319
v  -85.1009 387.8817 -2.5014
v  -85.2423 387.9128 -2.4996
v  -85.8373 388.1217 -2.3963
v  -85.8137 388.1621 -2.2438
v  -85.6570 388.0891 -2.3945
v  -86.0080 388.1725 -2.3755
v  -86.0067 388.1927 -2.2465
v  -85.8942 388.0363 -2.5153
v  -85.7509 388.0126 -2.5084
v  -86.0176 388.1000 -2.4777
v  -85.8373 388.5657 2.6785
v  -85.6570 388.5331 2.6825
v  -85.8137 388.5789 2.5214
v  -85.8942 388.5023 2.8106
v  -85.7509 388.4778 2.8078
v  -86.0080 388.6123 2.6492
v  -86.0067 388.6096 2.5187
v  -86.0176 388.5585 2.7624
v  -86.1855 388.6178 2.6739
v  -86.2002 388.6369 2.5163
v  -86.3675 388.6396 2.6732
v  -86.1531 388.5410 2.8072
v  -86.2973 388.5595 2.8007
v  -86.1855 388.1738 -2.4009
v  -86.3675 388.1953 -2.4038
v  -86.2002 388.2200 -2.2489
v  -86.1531 388.0750 -2.5187
v  -86.2973 388.0945 -2.5155
v  -87.0106 388.2596 -2.4083
v  -86.9895 388.3022 -2.2561
v  -86.8280 388.2433 -2.4080
v  -87.1850 388.2951 -2.3863
v  -87.1844 388.3154 -2.2572
v  -87.0606 388.1693 -2.5270
v  -86.9156 388.1586 -2.5212
v  -87.1888 388.2218 -2.4883
v  -87.0106 388.7036 2.6664
v  -86.8280 388.6874 2.6690
v  -86.9895 388.7189 2.5091
v  -87.0606 388.6353 2.7989
v  -86.9156 388.6238 2.7950
v  -87.1850 388.7348 2.6385
v  -87.1844 388.7322 2.5080
v  -87.1888 388.6805 2.7518
v  -87.3620 388.7246 2.6646
v  -87.3796 388.7422 2.5071
v  -87.5453 388.7300 2.6652
v  -87.3219 388.6508 2.7976
v  -87.4672 388.6566 2.7922
v  -87.3620 388.2806 -2.4102
v  -87.5453 388.2859 -2.4118
v  -87.3796 388.3253 -2.2581
v  -87.3219 388.1848 -2.5283
v  -87.4672 388.1915 -2.5240
v  -88.1052 388.2912 -2.4106
v  -88.0883 388.3333 -2.2588
v  -87.9222 388.2921 -2.4119
v  -88.2825 388.3038 -2.3867
v  -88.2830 388.3222 -2.2578
v  -88.1443 388.1986 -2.5291
v  -87.9996 388.1998 -2.5247
v  -88.2779 388.2321 -2.4892
v  -88.1052 388.7352 2.6631
v  -87.9222 388.7363 2.6643
v  -88.0883 388.7500 2.5064
v  -88.1443 388.6646 2.7960
v  -87.9996 388.6649 2.7915
v  -88.2825 388.7434 2.6374
v  -88.2830 388.7391 2.5074
v  -88.2779 388.6904 2.7509
v  -88.4564 388.7097 2.6654
v  -88.4772 388.7217 2.5088
v  -88.6375 388.6842 2.6689
v  -88.4059 388.6455 2.7976
v  -88.5491 388.6250 2.7949
v  -88.4564 388.2657 -2.4083
v  -88.6375 388.2402 -2.4074
v  -88.4772 388.3049 -2.2563
v  -88.4058 388.1797 -2.5275
v  -88.5491 388.1597 -2.5212
v  -89.1589 388.1523 -2.3984
v  -89.1472 388.1965 -2.2469
v  -88.9789 388.1849 -2.4026
v  -89.3353 388.1338 -2.3719
v  -89.3370 388.1520 -2.2430
v  -89.1830 388.0540 -2.5165
v  -89.0407 388.0802 -2.5143
v  -89.3199 388.0636 -2.4745
v  -89.1589 388.5961 2.6753
v  -88.9789 388.6290 2.6737
v  -89.1472 388.6136 2.5183
v  -89.1830 388.5197 2.8087
v  -89.0407 388.5453 2.8019
v  -89.3353 388.5735 2.6523
v  -89.3370 388.5692 2.5222
v  -89.3199 388.5222 2.7656
v  -89.5002 388.5100 2.6828
v  -89.5253 388.5183 2.5267
v  -89.6743 388.4539 2.6891
v  -89.4373 388.4557 2.8143
v  -89.5750 388.4109 2.8137
v  -89.5002 388.0661 -2.3909
v  -89.6743 388.0099 -2.3872
v  -89.5253 388.1014 -2.2385
v  -89.4374 387.9898 -2.5108
v  -89.5750 387.9456 -2.5025
v  -90.1562 387.8394 -2.3710
v  -90.1501 387.8854 -2.2197
v  -89.9846 387.9026 -2.3779
v  -90.3265 387.7912 -2.3419
v  -90.3295 387.8092 -2.2130
v  -90.1650 387.7383 -2.4888
v  -90.0293 387.7886 -2.4887
v  -90.3009 387.7246 -2.4448
v  -90.1562 388.2834 2.7027
v  -89.9846 388.3467 2.6985
v  -90.1501 388.3024 2.5456
v  -90.1650 388.2041 2.8363
v  -90.0293 388.2538 2.8274
v  -90.3265 388.2308 2.6823
v  -90.3295 388.2263 2.5522
v  -90.3009 388.1831 2.7953
v  -90.4779 388.1405 2.7152
v  -90.5063 388.1443 2.5594
v  -90.6398 388.0558 2.7239
v  -90.4046 388.0978 2.8456
v  -90.5328 388.0305 2.8470
v  -90.4779 387.6967 -2.3586
v  -90.6398 387.6118 -2.3525
v  -90.5063 387.7274 -2.2058
v  -90.4046 387.6318 -2.4796
v  -90.5328 387.5652 -2.4692
v  -91.0781 387.3667 -2.3297
v  -91.0775 387.4135 -2.1783
v  -90.9197 387.4579 -2.3390
v  -91.2375 387.2910 -2.2981
v  -91.2416 387.3083 -2.1692
v  -91.0715 387.2654 -2.4475
v  -90.9463 387.3380 -2.4493
v  -91.2026 387.2294 -2.4015
v  -91.0781 387.8107 2.7441
v  -90.9197 387.9021 2.7373
v  -91.0775 387.8305 2.5869
v  -91.0715 387.7312 2.8777
v  -90.9463 387.8030 2.8668
v  -91.2375 387.7304 2.7261
v  -91.2416 387.7253 2.5961
v  -91.2026 387.6877 2.8386
v  -91.3711 387.6161 2.7611
v  -91.4021 387.6149 2.6057
v  -91.5166 387.5056 2.7720
v  -91.2898 387.5863 2.8903
v  -91.4049 387.4985 2.8935
v  -91.3711 387.1721 -2.3127
v  -91.5166 387.0614 -2.3043
v  -91.4021 387.1982 -2.1595
v  -91.2898 387.1205 -2.4348
v  -91.4049 387.0334 -2.4227
v  -91.9055 386.7488 -2.2757
v  -91.9105 386.7953 -2.1242
v  -91.7645 386.8649 -2.2871
v  -92.0495 386.6474 -2.2418
v  -92.0545 386.6640 -2.1128
v  -91.8838 386.6497 -2.3937
v  -91.7724 386.7422 -2.3972
v  -92.0063 386.5925 -2.3458
v  -91.9055 387.1927 2.7982
v  -91.7645 387.3091 2.7892
v  -91.9105 387.2120 2.6409
v  -91.8838 387.1155 2.9315
v  -91.7724 387.2073 2.9190
v  -92.0495 387.0870 2.7824
v  -92.0545 387.0811 2.6524
v  -92.0063 387.0509 2.8943
v  -92.1616 386.9521 2.8192
v  -92.1943 386.9456 2.6643
v  -92.2865 386.8188 2.8321
v  -92.0746 386.9363 2.9472
v  -92.1735 386.8307 2.9519
v  -92.1616 386.5081 -2.2546
v  -92.2865 386.3748 -2.2442
v  -92.1943 386.5287 -2.1009
v  -92.0746 386.4704 -2.3780
v  -92.1734 386.3654 -2.3643
v  -92.6192 385.9996 -2.2101
v  -92.6297 386.0446 -2.0586
v  -92.4998 386.1376 -2.2235
v  -92.7437 385.8756 -2.1743
v  -92.7495 385.8914 -2.0452
v  -92.5830 385.9055 -2.3285
v  -92.4887 386.0152 -2.3336
v  -92.6935 385.8286 -2.2790
v  -92.6192 386.4435 2.8636
v  -92.4998 386.5818 2.8528
v  -92.6297 386.4615 2.7066
v  -92.5831 386.3713 2.9966
v  -92.4887 386.4803 2.9826
v  -92.7437 386.3152 2.8499
v  -92.7495 386.3083 2.7201
v  -92.6935 386.2870 2.9611
v  -92.8312 386.1633 2.8882
v  -92.8644 386.1513 2.7338
v  -92.9316 386.0111 2.9028
v  -92.7409 386.1628 3.0149
v  -92.8204 386.0419 3.0210
v  -92.8312 385.7195 -2.1856
v  -92.9316 385.5670 -2.1735
v  -92.8644 385.7344 -2.0314
v  -92.7409 385.6968 -2.3103
v  -92.8204 385.5768 -2.2952
v  -93.2005 385.1338 -2.1343
v  -93.2161 385.1765 -1.9826
v  -93.1064 385.2899 -2.1493
v  -93.3016 384.9905 -2.0968
v  -93.3080 385.0052 -1.9677
v  -93.1507 385.0471 -2.2534
v  -93.0763 385.1711 -2.2598
v  -93.2457 384.9525 -2.2023
v  -93.2005 385.5777 2.9394
v  -93.1064 385.7341 2.9270
v  -93.2161 385.5934 2.7826
v  -93.1508 385.5129 3.0717
v  -93.0763 385.6362 3.0564
v  -93.3016 385.4301 2.9274
v  -93.3080 385.4221 2.7976
v  -93.2458 385.4109 3.0378
v  -93.3614 385.2657 2.9667
v  -93.3943 385.2480 2.8128
v  -93.4340 385.0984 2.9826
v  -93.2706 385.2805 3.0920
v  -93.3280 385.1479 3.0992
v  -93.3614 384.8217 -2.1070
v  -93.4340 384.6544 -2.0937
v  -93.3943 384.8309 -1.9524
v  -93.2705 384.8146 -2.2331
v  -93.3280 384.6828 -2.2170
v  -93.6304 384.1653 -2.0496
v  -93.6508 384.2050 -1.8976
v  -93.5648 384.3354 -2.0657
v  -93.7046 384.0070 -2.0108
v  -93.7115 384.0204 -1.8814
v  -93.5683 384.0885 -2.1695
v  -93.5163 384.2234 -2.1769
v  -93.6447 383.9790 -2.1171
v  -93.6305 384.6094 3.0241
v  -93.5648 384.7795 3.0105
v  -93.6508 384.6219 2.8675
v  -93.5684 384.5544 3.1556
v  -93.5163 384.6885 3.1394
v  -93.7046 384.4465 3.0134
v  -93.7115 384.4373 2.8837
v  -93.6447 384.4374 3.1230
v  -93.7344 384.2741 3.0534
v  -93.7659 384.2506 2.9000
v  -93.7764 384.0970 3.0702
v  -93.6458 384.3047 3.1774
v  -93.6789 384.1642 3.1852
v  -93.7344 383.8304 -2.0203
v  -93.7764 383.6528 -2.0061
v  -93.7659 383.8338 -1.8651
v  -93.6457 383.8388 -2.1477
v  -93.6789 383.6989 -2.1310
v  -93.8910 383.1065 -1.9575
v  -93.9175 383.1441 -1.8048
v  -93.8551 383.2854 -1.9743
v  -93.9429 382.9395 -1.9177
v  -93.9516 382.9525 -1.7881
v  -93.8171 383.0376 -2.0780
v  -93.7906 383.1805 -2.0856
v  -93.8796 382.9196 -2.0244
v  -93.8910 383.5505 3.1173
v  -93.8552 383.7296 3.1027
v  -93.9176 383.5609 2.9604
v  -93.8171 383.5035 3.2480
v  -93.7906 383.6454 3.2306
v  -93.9429 383.3792 3.1071
v  -93.9517 383.3692 2.9772
v  -93.8797 383.3779 3.2157
v  -93.9496 383.2047 3.1475
v  -93.9826 383.1770 2.9940
v  -93.9747 383.0238 3.1645
v  -93.8607 383.2462 3.2704
v  -93.8825 383.1026 3.2781
v  -93.9496 382.7607 -1.9272
v  -93.9746 382.5797 -1.9125
v  -93.9825 382.7603 -1.7712
v  -93.8607 382.7805 -2.0555
v  -93.8825 382.6375 -2.0381
v  -140.6778 5.8004 31.0572
v  -140.6941 5.8238 31.2065
v  -140.6705 5.9727 31.0396
v  -140.6558 5.6345 31.0949
v  -140.6546 5.6460 31.2221
v  -140.6085 5.7677 30.9322
v  -140.5907 5.9047 30.9218
v  -140.6046 5.6407 30.9832
v  -140.6778 6.2436 36.1228
v  -140.6705 6.4163 36.1102
v  -140.6941 6.2408 35.9717
v  -140.6085 6.2331 36.2516
v  -140.5907 6.3698 36.2380
v  -140.6558 6.0738 36.1144
v  -140.6547 6.0629 35.9873
v  -140.6046 6.0992 36.2234
v  -139.9560 5.4315 36.1939
v  -139.9477 5.4009 36.0452
v  -139.7831 5.4180 36.1975
v  -140.1205 5.4716 36.1672
v  -140.1201 5.4615 36.0399
v  -139.9691 5.5137 36.3145
v  -139.8306 5.5146 36.3128
v  -140.0986 5.5299 36.2732
v  -139.9560 4.9884 31.1282
v  -139.7831 4.9744 31.1269
v  -139.9477 4.9841 31.2800
v  -139.9691 5.0484 30.9951
v  -139.8306 5.0495 30.9966
v  -140.1205 5.0324 31.1476
v  -140.1200 5.0446 31.2747
v  -140.0986 5.0715 31.0330
v  -128.5329 5.0060 31.1261
v  -128.5424 5.0005 31.2786
v  -128.7086 4.9933 31.1248
v  -128.3640 5.0427 31.1464
v  -128.3641 5.0540 31.2739
v  -128.5155 5.0676 30.9930
v  -128.6554 5.0681 30.9951
v  -128.3835 5.0842 31.0320
v  -128.5329 5.4492 36.1930
v  -128.7086 5.4370 36.1964
v  -128.5424 5.4174 36.0438
v  -128.5155 5.5329 36.3133
v  -128.6554 5.5332 36.3112
v  -128.3640 5.4819 36.1667
v  -128.3641 5.4709 36.0391
v  -128.3835 5.5426 36.2721
v  -93.7405 383.3640 3.3243
v  -93.7097 383.2021 3.3527
v  -93.6577 383.5092 3.3259
v  -140.5019 6.1404 36.3271
v  -140.3823 6.0331 36.3541
v  -140.4652 6.2990 36.3308
v  -140.5337 5.9930 36.2726
v  -140.4413 5.8901 36.2800
v  -140.0545 5.6369 36.3712
v  -139.8935 5.6558 36.3871
v  -140.1484 5.7699 36.3771
v  -140.1993 5.6168 36.3055
v  -140.2905 5.7204 36.2948
v  -128.4226 5.6543 36.3696
v  -128.3160 5.7797 36.3757
v  -128.5849 5.6780 36.3847
v  -128.2761 5.6236 36.3054
v  -128.1718 5.7163 36.2952
v  -127.8025 6.2011 36.3218
v  -127.8048 6.3657 36.3245
v  -127.9389 6.1122 36.3467
v  -127.7954 6.0473 36.2683
v  -127.9006 5.9553 36.2743
v  -80.9424 382.0428 3.4399
v  -80.9876 382.2036 3.4401
v  -81.0121 381.8932 3.4673
v  -80.9079 383.0948 3.3478
v  -80.9778 383.2471 3.3492
v  -80.9599 382.9380 3.3763
v  -81.0580 384.0959 3.2602
v  -81.1537 384.2334 3.2629
v  -81.0807 383.9326 3.2892
v  -81.3777 385.0386 3.1778
v  -81.4957 385.1577 3.1820
v  -81.3709 384.8737 3.2069
v  -81.8523 385.9046 3.1020
v  -81.9889 386.0016 3.1082
v  -81.8169 385.7433 3.1308
v  -82.4671 386.6750 3.0346
v  -82.6180 386.7473 3.0430
v  -82.4042 386.5222 3.0626
v  -83.2069 387.3308 2.9772
v  -83.3679 387.3761 2.9879
v  -83.1184 387.1909 3.0041
v  -84.0567 387.8536 2.9315
v  -84.2231 387.8701 2.9447
v  -83.9450 387.7314 2.9569
v  -85.0020 388.2253 2.8990
v  -85.1683 388.2117 2.9149
v  -84.8699 388.1245 2.9225
v  -86.0385 388.4290 2.8812
v  -86.2017 388.3965 2.8983
v  -85.8925 388.3503 2.9024
v  -87.1972 388.5495 2.8707
v  -87.3567 388.5025 2.8890
v  -87.0446 388.4840 2.8907
v  -88.2681 388.5656 2.8692
v  -88.4188 388.4952 2.8900
v  -88.1086 388.5177 2.8881
v  -89.2867 388.4008 2.8836
v  -89.4227 388.3055 2.9066
v  -89.1210 388.3813 2.9000
v  -90.2458 388.0692 2.9126
v  -90.3633 387.9521 2.9375
v  -90.0790 388.0783 2.9265
v  -91.1274 387.5847 2.9550
v  -91.2233 387.4497 2.9815
v  -90.9643 387.6217 2.9664
v  -91.9133 386.9619 3.0095
v  -91.9850 386.8130 3.0372
v  -91.7585 387.0256 3.0186
v  -92.5853 386.2151 3.0749
v  -92.6306 386.0562 3.1034
v  -92.4433 386.3037 3.0817
v  -93.1254 385.3587 3.1497
v  -93.1424 385.1945 3.1788
v  -93.0003 385.4702 3.1547
v  -93.5156 384.4070 3.2330
v  -93.5033 384.2424 3.2621
v  -93.4116 384.5385 3.2362
v  -93.7405 382.8868 -2.1290
v  -93.6577 383.0295 -2.1558
v  -93.7097 382.7225 -2.1289
v  -93.5156 383.9299 -2.2202
v  -93.4115 384.0588 -2.2462
v  -93.5033 383.7628 -2.2203
v  -93.1254 384.8815 -2.3035
v  -93.0003 384.9906 -2.3277
v  -93.1424 384.7149 -2.3036
v  -92.5853 385.7380 -2.3784
v  -92.4432 385.8242 -2.4006
v  -92.6306 385.5766 -2.3789
v  -91.9133 386.4848 -2.4438
v  -91.7585 386.5461 -2.4637
v  -91.9849 386.3333 -2.4451
v  -91.1274 387.1075 -2.4982
v  -90.9643 387.1422 -2.5159
v  -91.2232 386.9702 -2.5009
v  -90.2458 387.5921 -2.5406
v  -90.0790 387.5988 -2.5559
v  -90.3632 387.4725 -2.5448
v  -89.2867 387.9237 -2.5696
v  -89.1210 387.9016 -2.5824
v  -89.4227 387.8257 -2.5757
v  -88.2681 388.0884 -2.5840
v  -88.1086 388.0381 -2.5943
v  -88.4188 388.0157 -2.5924
v  -87.1972 388.0724 -2.5827
v  -87.0446 388.0045 -2.5910
v  -87.3567 388.0230 -2.5927
v  -86.0385 387.9518 -2.5721
v  -85.8925 387.8705 -2.5793
v  -86.2017 387.9171 -2.5833
v  -85.0019 387.7480 -2.5543
v  -84.8699 387.6451 -2.5599
v  -85.1683 387.7321 -2.5676
v  -84.0567 387.3766 -2.5218
v  -83.9450 387.2517 -2.5255
v  -84.2230 387.3907 -2.5377
v  -83.2068 386.8537 -2.4760
v  -83.1184 386.7113 -2.4782
v  -83.3678 386.8965 -2.4945
v  -82.4670 386.1979 -2.4187
v  -82.4042 386.0424 -2.4197
v  -82.6180 386.2677 -2.4394
v  -81.8523 385.4274 -2.3512
v  -81.8168 385.2636 -2.3516
v  -81.9888 385.5220 -2.3742
v  -81.3777 384.5616 -2.2755
v  -81.3709 384.3941 -2.2755
v  -81.4957 384.6779 -2.3004
v  -81.0579 383.6188 -2.1930
v  -81.0807 383.4527 -2.1932
v  -81.1537 383.7538 -2.2195
v  -80.9079 382.6177 -2.1054
v  -80.9598 382.4583 -2.1062
v  -80.9778 382.7675 -2.1332
v  -80.9423 381.5657 -2.0134
v  -81.0121 381.4138 -2.0144
v  -80.9876 381.7242 -2.0416
v  -127.8025 5.7239 30.8687
v  -127.9389 5.6321 30.8596
v  -127.8047 5.8857 30.8374
v  -127.7954 5.5819 30.9481
v  -127.9006 5.4902 30.9581
v  -128.4226 5.1772 30.9165
v  -128.5849 5.1979 30.8976
v  -128.3159 5.2996 30.8887
v  -128.2761 5.1581 30.9851
v  -128.1717 5.2511 30.9790
v  -140.0545 5.1599 30.9179
v  -140.1484 5.2898 30.8890
v  -139.8935 5.1758 30.8990
v  -140.1993 5.1514 30.9861
v  -140.2905 5.2553 30.9786
v  -140.5019 5.6632 30.8740
v  -140.4651 5.8187 30.8427
v  -140.3823 5.5529 30.8660
v  -140.5337 5.5276 30.9532
v  -140.4413 5.4249 30.9638
v  -127.7602 5.5270 31.0804
v  -127.7550 5.5201 31.2331
v  -127.8837 5.4016 31.0891
v  -127.7602 5.9703 36.1475
v  -127.8837 5.8454 36.1607
v  -127.7550 5.9370 35.9983
v  -128.2146 5.5697 36.1825
v  -128.1951 5.5488 36.0323
v  -128.0750 5.6768 36.1754
v  -128.2146 5.1264 31.1155
v  -128.0750 5.2331 31.1038
v  -128.1951 5.1319 31.2671
v  -140.5786 5.9251 36.1507
v  -140.5862 5.8942 36.0020
v  -140.4745 5.7871 36.1652
v  -140.5786 5.4819 31.0851
v  -140.4745 5.3434 31.0947
v  -140.5862 5.4772 31.2368
v  -140.2614 5.1250 31.1163
v  -140.2799 5.1328 31.2670
v  -140.3865 5.2444 31.1034
v  -140.2614 5.5682 36.1819
v  -140.3865 5.6880 36.1739
v  -140.2800 5.5497 36.0322
v  13.5470 6.2704 36.1212
v  13.5133 6.4428 36.1084
v  13.5273 6.2643 35.9697
v  13.6216 6.2731 36.2485
v  13.6050 6.4113 36.2344
v  13.6022 6.1056 36.1121
v  13.6024 6.0945 35.9845
v  13.6507 6.1407 36.2198
v  -33.2799 381.8372 3.2672
v  -33.3084 381.8022 3.1143
v  -33.2600 381.6557 3.2842
v  -33.3166 382.0081 3.2271
v  -33.3254 381.9959 3.0973
v  -33.2013 381.8994 3.3883
v  -33.1874 381.7549 3.3961
v  -33.2526 382.0224 3.3343
v  -33.2799 381.3932 -1.8076
v  -33.2600 381.2116 -1.7928
v  -33.3084 381.3853 -1.6509
v  -33.2013 381.4334 -1.9376
v  -33.1873 381.2896 -1.9201
v  -33.3166 381.5685 -1.7977
v  -33.3254 381.5791 -1.6679
v  -33.2526 381.5641 -1.9058
v  13.5470 5.8271 31.0542
v  13.5273 5.8474 31.2045
v  13.5133 5.9990 31.0368
v  13.6022 5.6663 31.0918
v  13.6024 5.6775 31.2193
v  13.6216 5.8076 30.9283
v  13.6050 5.9461 30.9182
v  13.6507 5.6823 30.9796
v  -33.3074 382.1870 3.2366
v  -33.3162 382.3694 3.2218
v  -33.3390 382.1902 3.0803
v  -33.2217 382.1595 3.3655
v  -33.2305 382.3036 3.3480
v  -33.3306 382.9131 3.1725
v  -33.3587 382.8824 3.0198
v  -33.3284 382.7310 3.1898
v  -33.3437 383.0873 3.1324
v  -33.3508 383.0764 3.0028
v  -33.2495 382.9642 3.2947
v  -33.2476 382.8199 3.3029
v  -33.2811 383.0932 3.2406
v  -33.3306 382.4692 -1.9011
v  -33.3284 382.2868 -1.8865
v  -33.3586 382.4655 -1.7454
v  -33.2494 382.4984 -2.0304
v  -33.2475 382.3546 -2.0133
v  -33.3436 382.6477 -1.8918
v  -33.3507 382.6595 -1.7624
v  -33.2811 382.6347 -1.9995
v  -33.3074 381.7428 -1.8382
v  -33.3390 381.7733 -1.6848
v  -33.3161 381.9252 -1.8552
v  -33.2217 381.6935 -1.9604
v  -33.2305 381.8384 -1.9681
v  -33.3103 383.2632 3.1419
v  -33.2871 383.4442 3.1273
v  -33.3362 383.2701 2.9859
v  -33.2343 383.2251 3.2719
v  -33.2158 383.3676 3.2549
v  -33.2074 383.9497 3.0818
v  -33.2383 383.9243 2.9286
v  -33.2382 383.7701 3.0989
v  -33.1887 384.1234 3.0417
v  -33.1957 384.1138 2.9120
v  -33.1203 383.9857 3.2053
v  -33.1445 383.8432 3.2133
v  -33.1278 384.1183 3.1509
v  -33.2074 383.5057 -1.9918
v  -33.2382 383.3261 -1.9774
v  -33.2382 383.5074 -1.8366
v  -33.1202 383.5198 -2.1197
v  -33.1445 383.3782 -2.1028
v  -33.1887 383.6839 -1.9825
v  -33.1957 383.6969 -1.8531
v  -33.1277 383.6597 -2.0891
v  -33.3103 382.8195 -1.9318
v  -33.3362 382.8531 -1.7793
v  -33.2871 383.0000 -1.9489
v  -33.2343 382.7592 -2.0532
v  -33.2157 382.9026 -2.0613
v  -33.1248 384.2906 3.0520
v  -33.0699 384.4646 3.0381
v  -33.1467 384.3018 2.8956
v  -33.0587 384.2397 3.1831
v  -33.0151 384.3767 3.1667
v  -32.9076 384.9313 2.9960
v  -32.9401 384.9115 2.8423
v  -32.9697 384.7599 3.0123
v  -32.8582 385.0990 2.9564
v  -32.8648 385.0906 2.8266
v  -32.8171 384.9518 3.1208
v  -32.8662 384.8157 3.1283
v  -32.8007 385.0834 3.0665
v  -32.9075 384.4875 -2.0777
v  -32.9696 384.3159 -2.0640
v  -32.9401 384.4944 -1.9229
v  -32.8171 384.4858 -2.2043
v  -32.8662 384.3506 -2.1880
v  -32.8582 384.6595 -2.0678
v  -32.8648 384.6737 -1.9386
v  -32.8007 384.6249 -2.1736
v  -33.1247 383.8467 -2.0217
v  -33.1467 383.8849 -1.8696
v  -33.0698 384.0204 -2.0382
v  -33.0587 383.7738 -2.1419
v  -33.0151 383.9117 -2.1495
v  -32.7663 385.2527 2.9679
v  -32.6819 385.4144 2.9550
v  -32.7836 385.2672 2.8112
v  -32.7120 385.1909 3.0999
v  -32.6452 385.3185 3.0843
v  -32.4453 385.8383 2.9167
v  -32.4785 385.8242 2.7624
v  -32.5362 385.6801 2.9318
v  -32.3673 385.9951 2.8780
v  -32.3734 385.9876 2.7481
v  -32.3546 385.8430 3.0429
v  -32.4265 385.7175 3.0494
v  -32.3150 385.9698 2.9889
v  -32.4453 385.3944 -2.1571
v  -32.5362 385.2361 -2.1445
v  -32.4785 385.4073 -2.0028
v  -32.3545 385.3771 -2.2823
v  -32.4265 385.2524 -2.2668
v  -32.3673 385.5555 -2.1462
v  -32.3734 385.5708 -2.0171
v  -32.3149 385.5114 -2.2512
v  -32.7662 384.8087 -2.1059
v  -32.7836 384.8503 -1.9540
v  -32.6819 384.9703 -2.1213
v  -32.7119 384.7251 -2.2252
v  -32.6451 384.8535 -2.2319
v  -32.2506 386.1306 2.8911
v  -32.1397 386.2756 2.8796
v  -32.2629 386.1479 2.7341
v  -32.2096 386.0607 3.0238
v  -32.1219 386.1750 3.0093
v  -31.8355 386.6508 2.8456
v  -31.8684 386.6422 2.6909
v  -31.9522 386.5105 2.8591
v  -31.7314 386.7919 2.8083
v  -31.7367 386.7856 2.6783
v  -31.7472 386.6401 2.9732
v  -31.8396 386.5287 2.9784
v  -31.6858 386.7583 2.9199
v  -31.8355 386.2068 -2.2282
v  -31.9522 386.0664 -2.2172
v  -31.8684 386.2253 -2.0743
v  -31.7472 386.1743 -2.3520
v  -31.8395 386.0636 -2.3378
v  -31.7314 386.3524 -2.2160
v  -31.7367 386.3687 -2.0869
v  -31.6858 386.3000 -2.3202
v  -32.2506 385.6867 -2.1827
v  -32.2629 385.7310 -2.0311
v  -32.1397 385.8315 -2.1966
v  -32.2096 385.5948 -2.3013
v  -32.1219 385.7099 -2.3069
v  -31.5935 386.9056 2.8233
v  -31.4594 387.0296 2.8137
v  -31.6004 386.9244 2.6662
v  -31.5670 386.8300 2.9565
v  -31.4609 386.9276 2.9435
v  -31.0932 387.3492 2.7844
v  -31.1247 387.3461 2.6293
v  -31.2323 387.2310 2.7961
v  -30.9659 387.4702 2.7489
v  -30.9702 387.4648 2.6189
v  -31.0100 387.3237 2.9133
v  -31.1201 387.2297 2.9170
v  -30.9284 387.4297 2.8612
v  -31.0932 386.9052 -2.2893
v  -31.2323 386.7867 -2.2802
v  -31.1247 386.9292 -2.1359
v  -31.0100 386.8579 -2.4118
v  -31.1200 386.7646 -2.3991
v  -30.9659 387.0307 -2.2753
v  -30.9702 387.0479 -2.1463
v  -30.9284 386.9711 -2.3789
v  -31.5935 386.4617 -2.2505
v  -31.6004 386.5076 -2.0990
v  -31.4594 386.5855 -2.2626
v  -31.5670 386.3641 -2.3686
v  -31.4609 386.4624 -2.3727
v  -30.8108 387.5587 2.7661
v  -30.6572 387.6577 2.7587
v  -30.8119 387.5783 2.6090
v  -30.7997 387.4799 2.8997
v  -30.6782 387.5577 2.8884
v  -30.2333 387.9140 2.7350
v  -30.2623 387.9162 2.5794
v  -30.3909 387.8217 2.7444
v  -30.0863 388.0111 2.7016
v  -30.0895 388.0063 2.5715
v  -30.1578 387.8748 2.8651
v  -30.2824 387.8011 2.8671
v  -30.0582 387.9646 2.8144
v  -30.2333 387.4702 -2.3387
v  -30.3909 387.3774 -2.3319
v  -30.2623 387.4993 -2.1858
v  -30.1578 387.4091 -2.4600
v  -30.2824 387.3360 -2.4491
v  -30.0863 387.5717 -2.3226
v  -30.0895 387.5894 -2.1937
v  -30.0582 387.5063 -2.4257
v  -30.8108 387.1147 -2.3076
v  -30.8119 387.1613 -2.1563
v  -30.6572 387.2137 -2.3176
v  -30.7997 387.0139 -2.4255
v  -30.6781 387.0925 -2.4278
v  -29.9185 388.0713 2.7212
v  -29.7498 388.1415 2.7164
v  -29.9137 388.0902 2.5642
v  -29.9233 387.9919 2.8549
v  -29.7898 388.0471 2.8455
v  -29.2705 388.3257 2.6990
v  -29.2961 388.3329 2.5430
v  -29.4419 388.2626 2.7058
v  -29.1080 388.3951 2.6680
v  -29.1100 388.3907 2.5379
v  -29.2052 388.2740 2.8302
v  -29.3407 388.2234 2.8301
v  -29.0904 388.3448 2.7812
v  -29.2705 387.8820 -2.3747
v  -29.4419 387.8185 -2.3704
v  -29.2961 387.9160 -2.2223
v  -29.2052 387.8083 -2.4949
v  -29.3407 387.7585 -2.4861
v  -29.1080 387.9557 -2.3562
v  -29.1100 387.9738 -2.2273
v  -29.0904 387.8864 -2.4589
v  -29.9185 387.6273 -2.3525
v  -29.9137 387.6734 -2.2011
v  -29.7498 387.6975 -2.3599
v  -29.9233 387.5260 -2.4702
v  -29.7898 387.5819 -2.4706
v  -28.9326 388.4244 2.6903
v  -28.7539 388.4635 2.6882
v  -28.9220 388.4420 2.5334
v  -28.9535 388.3475 2.8238
v  -28.8122 388.3778 2.8166
v  -28.2171 388.5657 2.6785
v  -28.2407 388.5790 2.5214
v  -28.3974 388.5331 2.6825
v  -28.0464 388.6123 2.6493
v  -28.0477 388.6096 2.5187
v  -28.1602 388.5023 2.8107
v  -28.3036 388.4778 2.8079
v  -28.0369 388.5585 2.7625
v  -28.2170 388.1217 -2.3962
v  -28.3974 388.0891 -2.3945
v  -28.2407 388.1621 -2.2438
v  -28.1602 388.0363 -2.5153
v  -28.3036 388.0126 -2.5083
v  -28.0464 388.1727 -2.3755
v  -28.0477 388.1927 -2.2465
v  -28.0369 388.1000 -2.4776
v  -28.9325 387.9807 -2.3833
v  -28.9220 388.0253 -2.2318
v  -28.7539 388.0195 -2.3880
v  -28.9535 387.8817 -2.5013
v  -28.8122 387.9128 -2.4996
v  -27.8689 388.6180 2.6739
v  -27.6869 388.6396 2.6732
v  -27.8543 388.6369 2.5163
v  -27.9012 388.5410 2.8072
v  -27.7571 388.5595 2.8007
v  -27.0438 388.7037 2.6665
v  -27.0649 388.7189 2.5092
v  -27.2264 388.6874 2.6690
v  -26.8695 388.7348 2.6386
v  -26.8700 388.7322 2.5080
v  -26.9939 388.6353 2.7989
v  -27.1388 388.6238 2.7951
v  -26.8656 388.6803 2.7518
v  -27.0438 388.2597 -2.4083
v  -27.2264 388.2433 -2.4080
v  -27.0649 388.3022 -2.2560
v  -26.9939 388.1693 -2.5269
v  -27.1388 388.1586 -2.5211
v  -26.8695 388.2953 -2.3862
v  -26.8700 388.3154 -2.2572
v  -26.8656 388.2220 -2.4883
v  -27.8689 388.1740 -2.4008
v  -27.8543 388.2200 -2.2489
v  -27.6869 388.1954 -2.4038
v  -27.9012 388.0750 -2.5187
v  -27.7571 388.0945 -2.5155
v  -26.6924 388.7246 2.6647
v  -26.5092 388.7301 2.6653
v  -26.6749 388.7422 2.5071
v  -26.7325 388.6508 2.7976
v  -26.5873 388.6566 2.7922
v  -25.9493 388.7352 2.6631
v  -25.9661 388.7502 2.5065
v  -26.1322 388.7363 2.6644
v  -25.7720 388.7434 2.6375
v  -25.7714 388.7393 2.5074
v  -25.9102 388.6646 2.7960
v  -26.0548 388.6649 2.7915
v  -25.7765 388.6904 2.7509
v  -25.9493 388.2914 -2.4105
v  -26.1322 388.2921 -2.4119
v  -25.9661 388.3333 -2.2588
v  -25.9102 388.1987 -2.5291
v  -26.0548 388.1998 -2.5247
v  -25.7720 388.3038 -2.3867
v  -25.7714 388.3224 -2.2578
v  -25.7765 388.2321 -2.4892
v  -26.6924 388.2806 -2.4102
v  -26.6749 388.3253 -2.2581
v  -26.5092 388.2859 -2.4117
v  -26.7325 388.1849 -2.5283
v  -26.5873 388.1915 -2.5240
v  -25.5980 388.7097 2.6654
v  -25.4169 388.6844 2.6689
v  -25.5772 388.7218 2.5089
v  -25.6486 388.6455 2.7977
v  -25.5053 388.6249 2.7950
v  -24.8955 388.5961 2.6753
v  -24.9072 388.6136 2.5184
v  -25.0755 388.6290 2.6738
v  -24.7192 388.5735 2.6524
v  -24.7174 388.5692 2.5223
v  -24.8714 388.5197 2.8087
v  -25.0137 388.5453 2.8019
v  -24.7346 388.5222 2.7657
v  -24.8955 388.1523 -2.3984
v  -25.0755 388.1851 -2.4025
v  -24.9072 388.1967 -2.2468
v  -24.8714 388.0540 -2.5164
v  -25.0137 388.0802 -2.5143
v  -24.7192 388.1339 -2.3718
v  -24.7174 388.1521 -2.2429
v  -24.7346 388.0636 -2.4744
v  -25.5980 388.2658 -2.4083
v  -25.5772 388.3051 -2.2563
v  -25.4169 388.2402 -2.4074
v  -25.6486 388.1797 -2.5274
v  -25.5053 388.1599 -2.5212
v  -24.5542 388.5100 2.6829
v  -24.3802 388.4539 2.6891
v  -24.5291 388.5183 2.5267
v  -24.6171 388.4557 2.8143
v  -24.4795 388.4109 2.8137
v  -23.8982 388.2834 2.7027
v  -23.9044 388.3024 2.5456
v  -24.0698 388.3466 2.6985
v  -23.7279 388.2308 2.6824
v  -23.7249 388.2263 2.5523
v  -23.8894 388.2041 2.8363
v  -24.0251 388.2538 2.8275
v  -23.7535 388.1833 2.7953
v  -23.8982 387.8394 -2.3710
v  -24.0698 387.9026 -2.3778
v  -23.9044 387.8855 -2.2196
v  -23.8894 387.7383 -2.4888
v  -24.0251 387.7888 -2.4887
v  -23.7279 387.7914 -2.3419
v  -23.7249 387.8094 -2.2129
v  -23.7535 387.7247 -2.4448
v  -24.5542 388.0663 -2.3908
v  -24.5291 388.1014 -2.2385
v  -24.3802 388.0099 -2.3872
v  -24.6171 387.9898 -2.5108
v  -24.4795 387.9457 -2.5025
v  -23.5765 388.1405 2.7152
v  -23.4146 388.0558 2.7239
v  -23.5481 388.1443 2.5594
v  -23.6498 388.0977 2.8456
v  -23.5217 388.0303 2.8470
v  -22.9763 387.8107 2.7441
v  -22.9769 387.8305 2.5869
v  -23.1347 387.9021 2.7374
v  -22.8170 387.7304 2.7261
v  -22.8129 387.7253 2.5961
v  -22.9829 387.7312 2.8777
v  -23.1081 387.8031 2.8669
v  -22.8518 387.6878 2.8386
v  -22.9763 387.3667 -2.3297
v  -23.1347 387.4579 -2.3390
v  -22.9769 387.4135 -2.1783
v  -22.9829 387.2652 -2.4475
v  -23.1081 387.3380 -2.4493
v  -22.8170 387.2910 -2.2981
v  -22.8129 387.3083 -2.1691
v  -22.8518 387.2294 -2.4015
v  -23.5765 387.6967 -2.3585
v  -23.5481 387.7274 -2.2058
v  -23.4146 387.6118 -2.3524
v  -23.6498 387.6320 -2.4795
v  -23.5217 387.5652 -2.4692
v  -22.6833 387.6161 2.7611
v  -22.5379 387.5056 2.7721
v  -22.6523 387.6149 2.6057
v  -22.7647 387.5863 2.8904
v  -22.6496 387.4985 2.8936
v  -22.1490 387.1927 2.7982
v  -22.1440 387.2120 2.6410
v  -22.2899 387.3092 2.7893
v  -22.0049 387.0870 2.7824
v  -21.9999 387.0811 2.6525
v  -22.1707 387.1155 2.9316
v  -22.2820 387.2072 2.9190
v  -22.0482 387.0509 2.8944
v  -22.1490 386.7488 -2.2756
v  -22.2899 386.8649 -2.2871
v  -22.1440 386.7953 -2.1242
v  -22.1706 386.6497 -2.3936
v  -22.2820 386.7422 -2.3972
v  -22.0049 386.6476 -2.2418
v  -21.9999 386.6642 -2.1127
v  -22.0481 386.5925 -2.3457
v  -22.6833 387.1721 -2.3127
v  -22.6523 387.1982 -2.1595
v  -22.5379 387.0616 -2.3043
v  -22.7647 387.1205 -2.4348
v  -22.6496 387.0334 -2.4227
v  -21.8928 386.9521 2.8192
v  -21.7679 386.8189 2.8321
v  -21.8601 386.9456 2.6643
v  -21.9799 386.9363 2.9472
v  -21.8810 386.8307 2.9520
v  -21.4352 386.4435 2.8637
v  -21.4247 386.4616 2.7067
v  -21.5546 386.5818 2.8529
v  -21.3107 386.3152 2.8500
v  -21.3049 386.3083 2.7201
v  -21.4714 386.3713 2.9967
v  -21.5658 386.4803 2.9826
v  -21.3610 386.2870 2.9612
v  -21.4352 385.9998 -2.2101
v  -21.5546 386.1378 -2.2234
v  -21.4247 386.0447 -2.0585
v  -21.4714 385.9055 -2.3285
v  -21.5658 386.0152 -2.3336
v  -21.3107 385.8757 -2.1743
v  -21.3049 385.8914 -2.0451
v  -21.3609 385.8286 -2.2789
v  -21.8928 386.5081 -2.2546
v  -21.8601 386.5287 -2.1009
v  -21.7679 386.3748 -2.2442
v  -21.9798 386.4704 -2.3779
v  -21.8810 386.3654 -2.3642
v  -21.2233 386.1635 2.8882
v  -21.1229 386.0112 2.9028
v  -21.1900 386.1514 2.7338
v  -21.3135 386.1628 3.0149
v  -21.2341 386.0419 3.0210
v  -20.8539 385.5777 2.9394
v  -20.8383 385.5934 2.7826
v  -20.9481 385.7341 2.9271
v  -20.7528 385.4301 2.9274
v  -20.7464 385.4221 2.7976
v  -20.9037 385.5129 3.0717
v  -20.9782 385.6362 3.0565
v  -20.8088 385.4110 3.0379
v  -20.8539 385.1339 -2.1343
v  -20.9481 385.2900 -2.1493
v  -20.8383 385.1766 -1.9826
v  -20.9037 385.0471 -2.2534
v  -20.9782 385.1711 -2.2597
v  -20.7528 384.9906 -2.0968
v  -20.7464 385.0052 -1.9676
v  -20.8087 384.9525 -2.2022
v  -21.2233 385.7196 -2.1856
v  -21.1900 385.7344 -2.0314
v  -21.1228 385.5671 -2.1735
v  -21.3135 385.6969 -2.3102
v  -21.2340 385.5768 -2.2952
v  -20.6931 385.2657 2.9667
v  -20.6205 385.0985 2.9826
v  -20.6602 385.2480 2.8128
v  -20.7839 385.2805 3.0921
v  -20.7265 385.1479 3.0992
v  -20.4240 384.6094 3.0241
v  -20.4036 384.6219 2.8676
v  -20.4897 384.7795 3.0105
v  -20.3499 384.4465 3.0134
v  -20.3430 384.4373 2.8838
v  -20.4861 384.5544 3.1556
v  -20.5381 384.6885 3.1394
v  -20.4098 384.4374 3.1230
v  -20.4240 384.1654 -2.0495
v  -20.4896 384.3354 -2.0657
v  -20.4036 384.2050 -1.8976
v  -20.4861 384.0885 -2.1695
v  -20.5381 384.2234 -2.1768
v  -20.3498 384.0070 -2.0107
v  -20.3430 384.0204 -1.8814
v  -20.4098 383.9790 -2.1171
v  -20.6931 384.8218 -2.1070
v  -20.6602 384.8309 -1.9523
v  -20.6205 384.6544 -2.0937
v  -20.7839 384.8146 -2.2330
v  -20.7265 384.6828 -2.2170
v  -20.3201 384.2742 3.0534
v  -20.2780 384.0970 3.0702
v  -20.2886 384.2507 2.9001
v  -20.4087 384.3048 3.1775
v  -20.3756 384.1642 3.1852
v  -20.1635 383.5505 3.1173
v  -20.1369 383.5610 2.9604
v  -20.1993 383.7297 3.1028
v  -20.1115 383.3792 3.1071
v  -20.1028 383.3694 2.9772
v  -20.2373 383.5035 3.2480
v  -20.2639 383.6455 3.2306
v  -20.1748 383.3779 3.2157
v  -20.1634 383.1065 -1.9575
v  -20.1993 383.2856 -1.9742
v  -20.1369 383.1441 -1.8048
v  -20.2373 383.0376 -2.0779
v  -20.2639 383.1805 -2.0855
v  -20.1115 382.9395 -1.9177
v  -20.1028 382.9525 -1.7880
v  -20.1748 382.9196 -2.0244
v  -20.3200 383.8302 -2.0202
v  -20.2885 383.8338 -1.8651
v  -20.2780 383.6528 -2.0060
v  -20.4087 383.8389 -2.1476
v  -20.3755 383.6989 -2.1309
v  -20.1049 383.2047 3.1476
v  -20.0798 383.0238 3.1645
v  -20.0719 383.1772 2.9940
v  -20.1938 383.2463 3.2705
v  -20.1720 383.1026 3.2781
v  26.6233 6.2436 36.1229
v  26.6396 6.2407 35.9717
v  26.6161 6.4163 36.1102
v  26.6013 6.0737 36.1145
v  26.6002 6.0629 35.9873
v  26.5540 6.2331 36.2516
v  26.5363 6.3698 36.2381
v  26.5502 6.0992 36.2234
v  26.6233 5.8004 31.0572
v  26.6161 5.9728 31.0396
v  26.6396 5.8238 31.2065
v  26.5540 5.7677 30.9322
v  26.5363 5.9046 30.9218
v  26.6013 5.6345 31.0949
v  26.6002 5.6461 31.2221
v  26.5502 5.6407 30.9833
v  -20.1049 382.7607 -1.9272
v  -20.0718 382.7603 -1.7712
v  -20.0798 382.5797 -1.9125
v  -20.1938 382.7805 -2.0555
v  -20.1720 382.6375 -2.0381
v  25.9015 5.4316 36.1939
v  25.7287 5.4181 36.1975
v  25.8932 5.4010 36.0452
v  25.9146 5.5137 36.3145
v  25.7761 5.5146 36.3128
v  26.0660 5.4716 36.1672
v  26.0656 5.4615 36.0399
v  26.0441 5.5299 36.2732
v  14.4784 5.4492 36.1930
v  14.4879 5.4174 36.0438
v  14.6541 5.4370 36.1964
v  14.3096 5.4819 36.1666
v  14.3097 5.4710 36.0391
v  14.4611 5.5329 36.3133
v  14.6009 5.5332 36.3112
v  14.3290 5.5426 36.2721
v  14.4784 5.0060 31.1260
v  14.6541 4.9933 31.1248
v  14.4879 5.0005 31.2786
v  14.4611 5.0676 30.9930
v  14.6009 5.0681 30.9951
v  14.3096 5.0427 31.1464
v  14.3097 5.0541 31.2739
v  14.3290 5.0842 31.0319
v  25.9015 4.9883 31.1283
v  25.8932 4.9841 31.2800
v  25.7287 4.9744 31.1270
v  26.0660 5.0324 31.1476
v  26.0656 5.0446 31.2747
v  25.9146 5.0484 30.9952
v  25.7761 5.0495 30.9966
v  26.0441 5.0714 31.0331
v  -20.3140 383.3640 3.3244
v  -20.3968 383.5092 3.3259
v  -20.3448 383.2021 3.3528
v  -20.5389 384.4070 3.2331
v  -20.6429 384.5385 3.2363
v  -20.5511 384.2424 3.2621
v  -20.9291 385.3589 3.1498
v  -21.0542 385.4702 3.1547
v  -20.9121 385.1945 3.1789
v  -21.4692 386.2151 3.0749
v  -21.6112 386.3037 3.0818
v  -21.4239 386.0562 3.1034
v  -22.1412 386.9619 3.0095
v  -22.2959 387.0256 3.0186
v  -22.0695 386.8130 3.0372
v  -22.9271 387.5847 2.9551
v  -23.0902 387.6219 2.9665
v  -22.8312 387.4498 2.9815
v  -23.8087 388.0692 2.9127
v  -23.9755 388.0783 2.9265
v  -23.6912 387.9521 2.9376
v  -24.7678 388.4008 2.8837
v  -24.9334 388.3813 2.9000
v  -24.6318 388.3055 2.9067
v  -25.7864 388.5656 2.8692
v  -25.9459 388.5177 2.8881
v  -25.6357 388.4952 2.8901
v  -26.8572 388.5493 2.8707
v  -27.0099 388.4840 2.8907
v  -26.6978 388.5027 2.8891
v  -28.0159 388.4290 2.8813
v  -28.1619 388.3503 2.9024
v  -27.8528 388.3966 2.8984
v  -29.0525 388.2253 2.8991
v  -29.1845 388.1246 2.9225
v  -28.8861 388.2117 2.9149
v  -29.9977 387.8539 2.9315
v  -30.1095 387.7314 2.9569
v  -29.8315 387.8702 2.9448
v  -30.8476 387.3309 2.9773
v  -30.9361 387.1910 3.0042
v  -30.6866 387.3761 2.9880
v  -31.5874 386.6750 3.0347
v  -31.6502 386.5222 3.0627
v  -31.4364 386.7473 3.0430
v  -32.2022 385.9046 3.1021
v  -32.2376 385.7433 3.1308
v  -32.0656 386.0016 3.1082
v  -32.6768 385.0386 3.1778
v  -32.6835 384.8737 3.2069
v  -32.5587 385.1577 3.1821
v  -32.9965 384.0959 3.2603
v  -32.9738 383.9324 3.2893
v  -32.9008 384.2336 3.2629
v  -33.1466 383.0948 3.3479
v  -33.0946 382.9380 3.3763
v  -33.0767 383.2471 3.3493
v  -33.1121 382.0428 3.4400
v  -33.0424 381.8932 3.4673
v  -33.0668 382.2037 3.4402
v  13.7480 6.2010 36.3218
v  13.8844 6.1122 36.3467
v  13.7503 6.3657 36.3245
v  13.7410 6.0473 36.2683
v  13.8462 5.9553 36.2743
v  14.3681 5.6543 36.3696
v  14.5304 5.6779 36.3847
v  14.2614 5.7797 36.3757
v  14.2216 5.6236 36.3054
v  14.1173 5.7162 36.2953
v  26.0000 5.6369 36.3712
v  26.0939 5.7699 36.3771
v  25.8391 5.6558 36.3871
v  26.1448 5.6168 36.3055
v  26.2360 5.7204 36.2949
v  26.4474 6.1404 36.3271
v  26.4107 6.2990 36.3309
v  26.3278 6.0331 36.3541
v  26.4792 5.9930 36.2726
v  26.3868 5.8901 36.2800
v  -20.3139 382.8868 -2.1290
v  -20.3447 382.7225 -2.1288
v  -20.3968 383.0296 -2.1557
v  26.4474 5.6631 30.8740
v  26.3278 5.5529 30.8660
v  26.4107 5.8187 30.8427
v  26.4792 5.5275 30.9533
v  26.3868 5.4249 30.9638
v  26.0000 5.1598 30.9180
v  25.8391 5.1756 30.8990
v  26.0939 5.2898 30.8891
v  26.1448 5.1514 30.9862
v  26.2360 5.2554 30.9787
v  14.3681 5.1772 30.9165
v  14.2614 5.2996 30.8887
v  14.5304 5.1979 30.8976
v  14.2216 5.1581 30.9851
v  14.1173 5.2511 30.9790
v  13.7480 5.7239 30.8687
v  13.7503 5.8857 30.8374
v  13.8844 5.6321 30.8596
v  13.7409 5.5818 30.9481
v  13.8462 5.4901 30.9581
v  -33.1121 381.5657 -2.0134
v  -33.0668 381.7242 -2.0415
v  -33.0424 381.4138 -2.0143
v  -33.1465 382.6177 -2.1054
v  -33.0766 382.7675 -2.1332
v  -33.0945 382.4583 -2.1061
v  -32.9965 383.6188 -2.1930
v  -32.9008 383.7539 -2.2195
v  -32.9738 383.4527 -2.1932
v  -32.6768 384.5616 -2.2755
v  -32.5587 384.6779 -2.3003
v  -32.6835 384.3941 -2.2755
v  -32.2021 385.4276 -2.3512
v  -32.0655 385.5220 -2.3742
v  -32.2376 385.2637 -2.3515
v  -31.5874 386.1979 -2.4186
v  -31.4364 386.2677 -2.4394
v  -31.6502 386.0424 -2.4197
v  -30.8476 386.8537 -2.4760
v  -30.6866 386.8965 -2.4944
v  -30.9360 386.7115 -2.4782
v  -29.9977 387.3767 -2.5218
v  -29.8314 387.3907 -2.5377
v  -30.1095 387.2517 -2.5255
v  -29.0525 387.7482 -2.5542
v  -28.8861 387.7321 -2.5675
v  -29.1845 387.6451 -2.5599
v  -28.0159 387.9519 -2.5721
v  -27.8527 387.9171 -2.5833
v  -28.1619 387.8706 -2.5793
v  -26.8572 388.0724 -2.5826
v  -26.6977 388.0230 -2.5926
v  -27.0098 388.0045 -2.5910
v  -25.7864 388.0885 -2.5840
v  -25.6357 388.0157 -2.5923
v  -25.9459 388.0381 -2.5943
v  -24.7677 387.9237 -2.5696
v  -24.6318 387.8257 -2.5757
v  -24.9334 387.9019 -2.5823
v  -23.8086 387.5921 -2.5406
v  -23.6912 387.4727 -2.5448
v  -23.9754 387.5988 -2.5558
v  -22.9271 387.1075 -2.4982
v  -22.8312 386.9702 -2.5008
v  -23.0902 387.1422 -2.5159
v  -22.1412 386.4848 -2.4438
v  -22.0695 386.3333 -2.4451
v  -22.2959 386.5461 -2.4637
v  -21.4691 385.7380 -2.3784
v  -21.4239 385.5766 -2.3789
v  -21.6112 385.8242 -2.4006
v  -20.9291 384.8817 -2.3034
v  -20.9120 384.7149 -2.3035
v  -21.0542 384.9906 -2.3277
v  -20.5389 383.9299 -2.2202
v  -20.5511 383.7628 -2.2202
v  -20.6429 384.0588 -2.2462
v  13.7057 5.5269 31.0804
v  13.8292 5.4017 31.0891
v  13.7006 5.5201 31.2331
v  14.1601 5.1264 31.1155
v  14.1407 5.1319 31.2671
v  14.0205 5.2331 31.1038
v  14.1601 5.5696 36.1825
v  14.0205 5.6768 36.1754
v  14.1407 5.5488 36.0323
v  13.7057 5.9703 36.1474
v  13.7006 5.9368 35.9983
v  13.8292 5.8454 36.1607
v  26.5241 5.9250 36.1507
v  26.4200 5.7871 36.1653
v  26.5317 5.8941 36.0020
v  26.2069 5.5682 36.1819
v  26.2255 5.5497 36.0322
v  26.3320 5.6880 36.1739
v  26.2069 5.1250 31.1163
v  26.3320 5.2444 31.1034
v  26.2255 5.1328 31.2670
v  26.5241 5.4818 31.0851
v  26.5317 5.4772 31.2369
v  26.4200 5.3434 31.0947
v  -12.9656 310.5103 3.6739
v  -13.1384 310.4966 3.6776
v  -12.9739 310.4799 3.5252
v  -12.9526 310.5927 3.7945
v  -13.0910 310.5934 3.7928
v  -12.8011 310.5506 3.6471
v  -12.8015 310.5406 3.5198
v  -12.8231 310.6089 3.7532
v  -101.3123 310.5105 3.6738
v  -101.3041 310.4800 3.5251
v  -101.1397 310.4966 3.6775
v  -101.4765 310.5513 3.6470
v  -101.4760 310.5412 3.5198
v  -101.3250 310.5927 3.7944
v  -101.1866 310.5934 3.7928
v  -101.4543 310.6094 3.7531
v  -101.3123 310.0674 -1.3918
v  -101.1396 310.0529 -1.3930
v  -101.3041 310.0631 -1.2401
v  -101.3250 310.1273 -1.5248
v  -101.1866 310.1281 -1.5234
v  -101.4764 310.1122 -1.3725
v  -101.4760 310.1243 -1.2454
v  -101.4543 310.1510 -1.4870
v  -12.9656 310.0672 -1.3918
v  -12.9738 310.0630 -1.2400
v  -13.1384 310.0529 -1.3930
v  -12.8010 310.1115 -1.3724
v  -12.8015 310.1237 -1.2453
v  -12.9525 310.1273 -1.5248
v  -13.0910 310.1281 -1.5234
v  -12.8230 310.1505 -1.4869
v  -102.0194 311.3214 3.6029
v  -102.0094 311.4940 3.5903
v  -102.0356 311.3188 3.4517
v  -101.9506 311.3102 3.7317
v  -101.9305 311.4464 3.7182
v  -101.9999 311.1516 3.5945
v  -101.9987 311.1407 3.4674
v  -101.9486 311.1763 3.7035
v  -100.4460 322.4302 2.6317
v  -100.4659 322.4102 2.4814
v  -100.4825 322.2586 2.6491
v  -100.3886 322.5903 2.5942
v  -100.3884 322.5790 2.4666
v  -100.3712 322.4486 2.7577
v  -100.3901 322.3103 2.7677
v  -100.3403 322.5736 2.7064
v  -100.4460 321.9868 -2.4353
v  -100.4825 321.8148 -2.4226
v  -100.4659 321.9933 -2.2838
v  -100.3712 321.9830 -2.5626
v  -100.3901 321.8452 -2.5485
v  -100.3886 322.1510 -2.4262
v  -100.3884 322.1620 -2.2986
v  -100.3403 322.1154 -2.5338
v  -102.0194 310.8784 -1.4627
v  -102.0355 310.9019 -1.3134
v  -102.0093 311.0504 -1.4802
v  -101.9998 310.7124 -1.4250
v  -101.9987 310.7238 -1.2979
v  -101.9506 310.8448 -1.5876
v  -101.9304 310.9812 -1.5980
v  -101.9486 310.7178 -1.5366
v  -99.5004 323.2484 2.5602
v  -99.3246 323.2607 2.5614
v  -99.4908 323.2538 2.4076
v  -99.5182 323.1867 2.6931
v  -99.3782 323.1859 2.6911
v  -99.6696 323.2124 2.5397
v  -99.6695 323.2011 2.4122
v  -99.6504 323.1707 2.6541
v  -14.5595 323.2484 2.5601
v  -14.5691 323.2536 2.4076
v  -14.7352 323.2607 2.5614
v  -14.3907 323.2117 2.5398
v  -14.3907 323.2005 2.4123
v  -14.5421 323.1868 2.6931
v  -14.6820 323.1859 2.6911
v  -14.4101 323.1703 2.6542
v  -14.5595 322.8049 -2.5068
v  -14.7352 322.8170 -2.5102
v  -14.5691 322.8367 -2.3576
v  -14.5421 322.7213 -2.6271
v  -14.6820 322.7207 -2.6251
v  -14.3907 322.7726 -2.4805
v  -14.3907 322.7834 -2.3529
v  -14.4101 322.7119 -2.5859
v  -99.5004 322.8051 -2.5069
v  -99.4908 322.8369 -2.3576
v  -99.3246 322.8170 -2.5103
v  -99.6696 322.7731 -2.4806
v  -99.6695 322.7842 -2.3530
v  -99.5182 322.7213 -2.6272
v  -99.3782 322.7207 -2.6251
v  -99.6504 322.7122 -2.5860
v  -13.6281 322.4286 2.6318
v  -13.5943 322.2567 2.6492
v  -13.6085 322.4084 2.4816
v  -13.7026 322.4480 2.7577
v  -13.6860 322.3095 2.7678
v  -13.6833 322.5892 2.5942
v  -13.6835 322.5779 2.4667
v  -13.7318 322.5735 2.7064
v  -12.2443 311.3237 3.6027
v  -12.2280 311.3210 3.4516
v  -12.2517 311.4964 3.5901
v  -12.2661 311.1538 3.5944
v  -12.2673 311.1432 3.4672
v  -12.3136 311.3134 3.7314
v  -12.3315 311.4498 3.7179
v  -12.3173 311.1792 3.7033
v  -12.2443 310.8806 -1.4629
v  -12.2517 311.0529 -1.4805
v  -12.2279 310.9041 -1.3136
v  -12.3136 310.8478 -1.5879
v  -12.3314 310.9847 -1.5983
v  -12.2661 310.7146 -1.4252
v  -12.2672 310.7261 -1.2980
v  -12.3173 310.7207 -1.5369
v  -13.6281 321.9854 -2.4352
v  -13.6085 321.9913 -2.2836
v  -13.5943 321.8128 -2.4224
v  -13.6833 322.1501 -2.4260
v  -13.6835 322.1613 -2.2985
v  -13.7026 321.9826 -2.5625
v  -13.6860 321.8443 -2.5484
v  -13.7318 322.1149 -2.5337
v  -12.8673 310.7159 3.8511
v  -12.7736 310.8492 3.8571
v  -13.0283 310.7346 3.8671
v  -12.7225 310.6960 3.7855
v  -12.6314 310.7998 3.7748
v  -12.4201 311.2202 3.8070
v  -12.4570 311.3788 3.8108
v  -12.5396 311.1129 3.8340
v  -12.3882 311.0729 3.7525
v  -12.4804 310.9700 3.7599
v  -13.8291 322.5316 2.8173
v  -13.9655 322.6234 2.8264
v  -13.8313 322.3699 2.8486
v  -13.8221 322.6737 2.7380
v  -13.9274 322.7654 2.7280
v  -14.4490 323.0772 2.7696
v  -14.6113 323.0563 2.7886
v  -14.3422 322.9550 2.7975
v  -14.3025 323.0966 2.7010
v  -14.1982 323.0036 2.7071
v  -99.6118 323.0772 2.7696
v  -99.7194 322.9555 2.7973
v  -99.4494 323.0560 2.7885
v  -99.7583 323.0974 2.7010
v  -99.8636 323.0052 2.7069
v  -100.2435 322.5306 2.8174
v  -100.2437 322.3688 2.8487
v  -100.1060 322.6212 2.8266
v  -100.2488 322.6730 2.7381
v  -100.1427 322.7639 2.7281
v  -101.8456 311.2160 3.8074
v  -101.7273 311.1075 3.8345
v  -101.8064 311.3739 3.8112
v  -101.8791 311.0692 3.7528
v  -101.7878 310.9655 3.7602
v  -101.4097 310.7162 3.8511
v  -101.2488 310.7344 3.8672
v  -101.5025 310.8497 3.8571
v  -101.5544 310.6969 3.7853
v  -101.6445 310.8013 3.7746
v  -12.4201 310.7431 -1.6462
v  -12.5396 310.6328 -1.6541
v  -12.4570 310.8987 -1.6774
v  -12.3882 310.6076 -1.5669
v  -12.4804 310.5049 -1.5563
v  -12.8673 310.2388 -1.6021
v  -13.0283 310.2545 -1.6210
v  -12.7735 310.3690 -1.6310
v  -12.7224 310.2305 -1.5339
v  -12.6314 310.3347 -1.5414
v  -101.4097 310.2390 -1.6021
v  -101.5025 310.3695 -1.6311
v  -101.2488 310.2542 -1.6210
v  -101.5544 310.2315 -1.5339
v  -101.6445 310.3362 -1.5416
v  -101.8455 310.7388 -1.6458
v  -101.8063 310.8937 -1.6770
v  -101.7273 310.6273 -1.6536
v  -101.8791 310.6039 -1.5665
v  -101.7878 310.5005 -1.5559
v  -100.2435 322.0536 -2.6356
v  -100.1060 322.1409 -2.6604
v  -100.2437 321.8889 -2.6383
v  -100.2488 322.2076 -2.5822
v  -100.1427 322.2987 -2.5881
v  -99.6118 322.6003 -2.6835
v  -99.4494 322.5760 -2.6985
v  -99.7194 322.4756 -2.6897
v  -99.7583 322.6320 -2.6194
v  -99.8636 322.5401 -2.6093
v  -14.4490 322.6000 -2.6835
v  -14.3422 322.4749 -2.6896
v  -14.6113 322.5762 -2.6985
v  -14.3025 322.6310 -2.6192
v  -14.1982 322.5385 -2.6091
v  -13.8291 322.0545 -2.6357
v  -13.8313 321.8898 -2.6384
v  -13.9655 322.1433 -2.6606
v  -13.8221 322.2083 -2.5823
v  -13.9274 322.3001 -2.5882
v  -101.6166 310.6487 3.6617
v  -101.7405 310.7695 3.6536
v  -101.6351 310.6303 3.5120
v  -101.9247 311.0020 3.6308
v  -101.9324 310.9713 3.4822
v  -101.8221 310.8631 3.6454
v  -101.9247 310.5588 -1.4347
v  -101.8221 310.4196 -1.4251
v  -101.9324 310.5545 -1.2831
v  -101.6165 310.2055 -1.4038
v  -101.6351 310.2134 -1.2532
v  -101.7405 310.3258 -1.4169
v  -12.6603 310.2043 -1.4038
v  -12.5353 310.3239 -1.4167
v  -12.6417 310.2122 -1.2531
v  -12.3432 310.5618 -1.4351
v  -12.3356 310.5573 -1.2833
v  -12.4471 310.4233 -1.4254
v  -12.3432 311.0050 3.6306
v  -12.4471 310.8669 3.6452
v  -12.3356 310.9742 3.4819
v  -12.6604 310.6476 3.6619
v  -12.6417 310.6290 3.5121
v  -12.5354 310.7675 3.6539
v  -100.2832 322.7285 2.6056
v  -100.1584 322.8526 2.5971
v  -100.2882 322.7357 2.4529
v  -99.8196 323.1296 2.5706
v  -99.8392 323.1242 2.4189
v  -99.9603 323.0240 2.5821
v  -99.8196 322.6862 -2.4965
v  -99.9603 322.5802 -2.4896
v  -99.8392 322.7072 -2.3463
v  -100.2832 322.2852 -2.4614
v  -100.2882 322.3188 -2.3123
v  -100.1584 322.4088 -2.4746
v  -14.2412 323.1284 2.5706
v  -14.1014 323.0217 2.5823
v  -14.2217 323.1227 2.4191
v  -13.7870 322.7285 2.6056
v  -13.7818 322.7355 2.4529
v  -13.9106 322.8537 2.5970
v  -13.7870 322.2853 -2.4614
v  -13.9106 322.4102 -2.4746
v  -13.7818 322.3188 -2.3123
v  -14.2412 322.6849 -2.4963
v  -14.2217 322.7058 -2.3461
v  -14.1014 322.5779 -2.4893
v  -145.9225 135.8031 43.9979
v  -145.9244 135.7714 43.8508
v  -145.7733 135.7846 44.0015
v  -146.0502 135.8703 43.9706
v  -146.0498 135.8594 43.8432
v  -145.9012 135.8832 44.1190
v  -145.7733 135.8836 44.1186
v  -146.0116 135.9184 44.0773
v  -145.9225 134.1906 25.5660
v  -145.7732 134.1716 25.5658
v  -145.9244 134.1848 25.7163
v  -145.9012 134.2484 25.4328
v  -145.7732 134.2488 25.4331
v  -146.0502 134.2614 25.5812
v  -146.0498 134.2728 25.7086
v  -146.0116 134.2901 25.4679
v  31.6845 134.1904 25.5661
v  31.6864 134.1848 25.7164
v  31.5352 134.1716 25.5658
v  31.8121 134.2614 25.5813
v  31.8118 134.2728 25.7087
v  31.6632 134.2484 25.4329
v  31.5352 134.2487 25.4332
v  31.7736 134.2900 25.4679
v  31.6845 135.8030 43.9980
v  31.5352 135.7845 44.0015
v  31.6864 135.7714 43.8509
v  31.6632 135.8831 44.1191
v  31.5352 135.8835 44.1187
v  31.8121 135.8702 43.9707
v  31.8118 135.8594 43.8432
v  31.7736 135.9182 44.0774
v  -145.9225 134.3695 25.3527
v  -145.9244 134.5166 25.3209
v  -145.7732 134.3660 25.3341
v  -146.0502 134.3969 25.4198
v  -146.0498 134.5244 25.4090
v  -145.9337 143.0685 24.5925
v  -145.8053 143.1669 24.5666
v  -145.9139 142.9059 24.5894
v  -145.9532 143.2197 24.6465
v  -145.8543 143.3172 24.6397
v  -146.0505 142.9854 24.6670
v  -146.0498 142.8468 24.6809
v  -146.0340 143.1192 24.6954
v  -141.6163 147.3693 24.2162
v  -141.4546 147.3481 24.2007
v  -141.7167 147.2400 24.2102
v  -141.5270 147.4916 24.2727
v  -141.3879 147.4910 24.2746
v  -141.7621 147.3946 24.2812
v  -141.8600 147.2962 24.2917
v  -141.6578 147.4785 24.3140
v  27.3783 147.3693 24.2163
v  27.4787 147.2399 24.2102
v  27.2166 147.3481 24.2008
v  27.5241 147.3946 24.2813
v  27.6220 147.2961 24.2917
v  27.2891 147.4916 24.2728
v  27.1499 147.4910 24.2746
v  27.4199 147.4785 24.3141
v  31.6956 143.0683 24.5926
v  31.6759 142.9058 24.5894
v  31.5673 143.1669 24.5666
v  31.8126 142.9852 24.6670
v  31.8118 142.8468 24.6810
v  31.7152 143.2194 24.6465
v  31.6162 143.3170 24.6398
v  31.7960 143.1191 24.6955
v  31.6845 134.3695 25.3527
v  31.5352 134.3659 25.3342
v  31.6864 134.5165 25.3210
v  31.8121 134.3967 25.4199
v  31.8118 134.5242 25.4091
v  -141.5118 147.5746 24.3932
v  -141.5029 147.6056 24.5421
v  -141.3375 147.5875 24.3896
v  -141.6786 147.5380 24.4197
v  -141.6783 147.5486 24.5471
v  -141.5118 148.0179 29.4595
v  -141.3375 148.0311 29.4607
v  -141.5029 148.0226 29.3073
v  -141.5270 147.9570 29.5925
v  -141.3879 147.9562 29.5907
v  -141.6786 147.9773 29.4396
v  -141.6783 147.9654 29.3123
v  -141.6579 147.9371 29.5541
v  27.2738 148.0177 29.4595
v  27.2649 148.0226 29.3074
v  27.0995 148.0311 29.4608
v  27.4406 147.9772 29.4397
v  27.4403 147.9654 29.3124
v  27.2891 147.9570 29.5926
v  27.1499 147.9560 29.5908
v  27.4199 147.9370 29.5541
v  27.2738 147.5745 24.3932
v  27.0995 147.5874 24.3897
v  27.2649 147.6056 24.5422
v  27.4406 147.5380 24.4198
v  27.4403 147.5485 24.5472
v  -141.6163 147.8465 29.6693
v  -141.7167 147.7201 29.6977
v  -141.4546 147.8282 29.6883
v  -141.7621 147.8601 29.6010
v  -141.8600 147.7614 29.6078
v  -145.9337 143.5455 30.0456
v  -145.9139 143.3860 30.0770
v  -145.8053 143.6470 30.0541
v  -146.0505 143.4508 29.9867
v  -146.0498 143.3120 29.9971
v  -145.9532 143.6849 29.9662
v  -145.8543 143.7823 29.9559
v  -146.0340 143.5777 29.9355
v  -145.9313 137.0186 30.6325
v  -145.7732 137.1097 30.6809
v  -145.9376 137.1764 30.6094
v  -145.9049 136.9455 30.7404
v  -145.7732 136.9926 30.7799
v  -146.0509 136.8752 30.5568
v  -146.0498 137.0199 30.5475
v  -146.0116 136.8685 30.6758
v  31.6933 137.0186 30.6326
v  31.6996 137.1763 30.6095
v  31.5352 137.1097 30.6810
v  31.8129 136.8751 30.5569
v  31.8118 137.0198 30.5476
v  31.6668 136.9454 30.7405
v  31.5352 136.9926 30.7800
v  31.7736 136.8684 30.6759
v  31.6956 143.5454 30.0457
v  31.5673 143.6469 30.0542
v  31.6759 143.3859 30.0770
v  31.7152 143.6848 29.9663
v  31.6162 143.7822 29.9560
v  31.8126 143.4507 29.9868
v  31.8118 143.3120 29.9971
v  31.7960 143.5775 29.9355
v  27.3783 147.8465 29.6694
v  27.2166 147.8282 29.6883
v  27.4787 147.7200 29.6978
v  27.5241 147.8600 29.6010
v  27.6220 147.7613 29.6078
v  -145.9313 136.8521 30.8312
v  -145.9376 136.8566 30.9905
v  -145.7732 136.9155 30.9125
v  -146.0509 136.7525 30.7030
v  -146.0498 136.7685 30.8471
v  -145.9313 137.8008 41.6759
v  -145.7733 137.8492 41.5848
v  -145.9376 137.7776 41.5182
v  -145.9049 137.9086 41.7490
v  -145.7733 137.9482 41.7020
v  -146.0509 137.7250 41.8194
v  -146.0498 137.7159 41.6747
v  -146.0116 137.8440 41.8261
v  31.6933 137.8008 41.6760
v  31.6996 137.7775 41.5183
v  31.5352 137.8491 41.5848
v  31.8129 137.7249 41.8195
v  31.8118 137.7157 41.6748
v  31.6668 137.9086 41.7491
v  31.5352 137.9482 41.7021
v  31.7736 137.8440 41.8261
v  31.6933 136.8519 30.8312
v  31.5352 136.9154 30.9126
v  31.6996 136.8565 30.9906
v  31.8129 136.7524 30.7031
v  31.8118 136.7684 30.8472
v  -145.9313 137.9995 41.8426
v  -145.9376 138.1588 41.8380
v  -145.7733 138.0807 41.7791
v  -146.0509 137.8713 41.9421
v  -146.0498 138.0154 41.9261
v  -145.9225 140.6787 41.6231
v  -145.7733 140.6790 41.6043
v  -145.9244 140.5284 41.6175
v  -145.9012 140.8118 41.6811
v  -145.7733 140.8116 41.6814
v  -146.0502 140.6635 41.6941
v  -146.0498 140.5361 41.7055
v  -146.0116 140.7769 41.7228
v  31.6845 140.6786 41.6232
v  31.6864 140.5284 41.6175
v  31.5352 140.6789 41.6044
v  31.8121 140.6634 41.6941
v  31.8118 140.5360 41.7056
v  31.6632 140.8118 41.6811
v  31.5352 140.8114 41.6815
v  31.7736 140.7768 41.7229
v  31.6933 137.9995 41.8426
v  31.5352 138.0807 41.7792
v  31.6996 138.1586 41.8381
v  31.8129 137.8712 41.9422
v  31.8118 138.0154 41.9261
v  -145.9225 140.8922 41.8022
v  -145.9244 140.9237 41.9492
v  -145.7733 140.9106 41.7986
v  -146.0502 140.8249 41.8295
v  -146.0498 140.8357 41.9570
v  -145.9225 141.0439 43.5394
v  -145.7733 141.0629 43.5396
v  -145.9244 141.0497 43.3891
v  -145.9012 140.9862 43.6726
v  -145.7733 140.9857 43.6723
v  -146.0502 140.9731 43.5242
v  -146.0498 140.9617 43.3968
v  -146.0116 140.9443 43.6375
v  31.6845 141.0439 43.5395
v  31.6864 141.0496 43.3892
v  31.5352 141.0629 43.5397
v  31.8121 140.9731 43.5243
v  31.8118 140.9616 43.3969
v  31.6632 140.9860 43.6727
v  31.5352 140.9856 43.6724
v  31.7736 140.9443 43.6376
v  31.6845 140.8919 41.8022
v  31.5352 140.9104 41.7987
v  31.6864 140.9236 41.9493
v  31.8121 140.8248 41.8296
v  31.8118 140.8356 41.9570
v  -145.9225 140.8650 43.7527
v  -145.9244 140.7180 43.7844
v  -145.7733 140.8685 43.7713
v  -146.0502 140.8377 43.6856
v  -146.0498 140.7103 43.6963
v  -145.9225 136.0165 44.1769
v  -145.7733 136.0163 44.1958
v  -145.9244 136.1668 44.1826
v  -146.0502 136.0317 44.1060
v  -146.0498 136.1591 44.0945
v  31.6845 136.0163 44.1770
v  31.6864 136.1667 44.1827
v  31.5352 136.0161 44.1959
v  31.8121 136.0316 44.1061
v  31.8118 136.1590 44.0946
v  31.6845 140.8649 43.7528
v  31.5352 140.8684 43.7713
v  31.6864 140.7179 43.7845
v  31.8121 140.8376 43.6856
v  31.8118 140.7101 43.6965
v  -146.1071 137.6648 42.0397
v  -146.1250 137.5436 42.0034
v  -146.1250 137.7215 42.1528
v  -146.1071 136.6549 30.4965
v  -146.1250 136.6911 30.3753
v  -146.1250 136.5418 30.5533
v  -146.1226 143.4245 29.8613
v  -146.1407 143.4025 29.7115
v  -146.1358 143.2511 29.8789
v  -146.0841 143.5886 29.8236
v  -146.0833 143.5772 29.6962
v  -146.1227 142.9813 24.7950
v  -146.1358 142.8074 24.8078
v  -146.1407 142.9856 24.9464
v  -146.0841 143.1494 24.8037
v  -146.0833 143.1603 24.9311
v  -146.1195 134.3867 25.5489
v  -146.1382 134.3978 25.6977
v  -146.1382 134.5352 25.5339
v  -146.1195 135.9993 43.9807
v  -146.1382 136.1482 43.9696
v  -146.1382 135.9844 43.8322
v  -146.1195 140.8479 43.5565
v  -146.1382 140.8367 43.4077
v  -146.1382 140.6993 43.5715
v  -146.1195 140.6958 41.8193
v  -146.1382 140.5470 41.8304
v  -146.1382 140.7108 41.9679
v  31.8690 137.6648 42.0398
v  31.8870 137.7215 42.1528
v  31.8870 137.5435 42.0035
v  31.8815 140.6958 41.8194
v  31.9002 140.7107 41.9679
v  31.9002 140.5469 41.8305
v  31.8815 140.8478 43.5566
v  31.9002 140.6993 43.5715
v  31.9002 140.8366 43.4077
v  31.8815 135.9992 43.9808
v  31.9002 135.9843 43.8323
v  31.9002 136.1480 43.9697
v  31.8815 134.3866 25.5489
v  31.9002 134.5351 25.5340
v  31.9002 134.3978 25.6977
v  31.8847 142.9812 24.7951
v  31.9027 142.9855 24.9464
v  31.8978 142.8073 24.8079
v  31.8460 143.1494 24.8038
v  31.8453 143.1602 24.9311
v  31.8847 143.4244 29.8614
v  31.8978 143.2510 29.8790
v  31.9027 143.4025 29.7116
v  31.8460 143.5885 29.8236
v  31.8453 143.5772 29.6963
v  31.8690 136.6548 30.4966
v  31.8870 136.5417 30.5534
v  31.8870 136.6910 30.3754
v  -141.8239 147.4458 24.4044
v  -141.9564 147.3321 24.4120
v  -141.8429 147.4654 24.5544
v  -145.9934 143.2921 24.7678
v  -145.9999 143.3243 24.9167
v  -145.8794 143.4240 24.7539
v  -145.9934 143.7354 29.8341
v  -145.8794 143.8676 29.8249
v  -145.9999 143.7412 29.6819
v  -141.8238 147.8891 29.4707
v  -141.8429 147.8823 29.3196
v  -141.9564 147.7757 29.4830
v  27.5859 147.8890 29.4708
v  27.7184 147.7757 29.4831
v  27.6049 147.8822 29.3197
v  31.7554 143.7353 29.8342
v  31.7618 143.7411 29.6820
v  31.6415 143.8676 29.8250
v  31.7554 143.2921 24.7679
v  31.6415 143.4240 24.7540
v  31.7618 143.3242 24.9168
v  27.5859 147.4457 24.4045
v  27.6049 147.4653 24.5545
v  27.7184 147.3319 24.4120
v  -62.6770 322.9487 -5.7856
v  -62.5277 322.9669 -5.7804
v  -62.6789 322.9930 -5.9293
v  -62.6557 322.8583 -5.6719
v  -62.5277 322.8579 -5.6723
v  -62.8046 322.8842 -5.8186
v  -62.8043 322.9059 -5.9446
v  -62.7661 322.8271 -5.7166
v  -51.4040 322.9487 -5.7856
v  -51.4021 322.9930 -5.9293
v  -51.5532 322.9669 -5.7804
v  -51.2763 322.8842 -5.8186
v  -51.2767 322.9059 -5.9446
v  -51.4253 322.8583 -5.6719
v  -51.5532 322.8579 -5.6723
v  -51.3149 322.8271 -5.7166
v  -51.4040 323.8311 -10.7903
v  -51.5532 323.8499 -10.7889
v  -51.4021 323.8237 -10.6401
v  -51.4253 323.7850 -10.9280
v  -51.5532 323.7847 -10.9278
v  -51.2763 323.7592 -10.7813
v  -51.2767 323.7366 -10.6554
v  -51.3149 323.7404 -10.8968
v  -62.6770 323.8311 -10.7903
v  -62.6789 323.8237 -10.6401
v  -62.5277 323.8499 -10.7889
v  -62.8046 323.7592 -10.7813
v  -62.8043 323.7366 -10.6554
v  -62.6557 323.7850 -10.9280
v  -62.5277 323.7847 -10.9278
v  -62.7661 323.7404 -10.8968
v  -51.2070 322.7547 -5.8198
v  -51.1883 322.6075 -5.8438
v  -51.1883 322.7825 -5.9664
v  -51.2763 322.7115 -5.6978
v  -51.2767 322.5856 -5.7203
v  -51.2038 6.0527 -61.6610
v  -51.1858 6.0878 -61.8083
v  -51.1906 6.2240 -61.6283
v  -51.2424 5.8925 -61.7128
v  -51.2431 5.9149 -61.8387
v  -51.2759 6.0155 -61.5383
v  -51.2766 6.1530 -61.5159
v  -51.2925 5.8937 -61.6004
v  -51.2038 6.9358 -66.6693
v  -51.1906 7.1079 -66.6414
v  -51.1858 6.9184 -66.5190
v  -51.2759 6.9429 -66.7973
v  -51.2766 7.0797 -66.7713
v  -51.2424 6.7675 -66.6753
v  -51.2431 6.7456 -66.5494
v  -51.2925 6.8071 -66.7806
v  -51.2070 323.6372 -10.8245
v  -51.1883 323.6131 -10.6772
v  -51.1883 323.4905 -10.8523
v  -51.2763 323.6383 -10.9539
v  -51.2767 323.5123 -10.9758
v  -52.0301 5.2389 -61.8044
v  -52.2044 5.2256 -61.8044
v  -52.0390 5.2475 -61.9564
v  -52.0148 5.2879 -61.6666
v  -52.1540 5.2889 -61.6682
v  -51.8633 5.2810 -61.8207
v  -51.8636 5.3039 -61.9464
v  -51.8840 5.3111 -61.7031
v  -62.0509 5.2389 -61.8044
v  -62.0420 5.2475 -61.9564
v  -61.8766 5.2256 -61.8044
v  -62.2177 5.2810 -61.8207
v  -62.2174 5.3039 -61.9464
v  -62.0661 5.2879 -61.6666
v  -61.9270 5.2889 -61.6683
v  -62.1970 5.3111 -61.7031
v  -62.0509 6.1221 -66.8128
v  -61.8766 6.1095 -66.8174
v  -62.0420 6.0781 -66.6671
v  -62.0661 6.2152 -66.9256
v  -61.9270 6.2156 -66.9237
v  -62.2177 6.1561 -66.7831
v  -62.2174 6.1346 -66.6572
v  -62.1970 6.2245 -66.8833
v  -52.0301 6.1221 -66.8128
v  -52.0390 6.0781 -66.6671
v  -52.2044 6.1095 -66.8174
v  -51.8633 6.1561 -66.7831
v  -51.8636 6.1346 -66.6572
v  -52.0148 6.2152 -66.9256
v  -52.1540 6.2156 -66.9237
v  -51.8840 6.2245 -66.8833
v  -62.8771 6.0527 -61.6610
v  -62.8903 6.2240 -61.6283
v  -62.8952 6.0878 -61.8083
v  -62.8050 6.0155 -61.5383
v  -62.8043 6.1530 -61.5159
v  -62.8385 5.8925 -61.7129
v  -62.8378 5.9149 -61.8387
v  -62.7885 5.8937 -61.6004
v  -62.8739 322.7547 -5.8198
v  -62.8927 322.7825 -5.9664
v  -62.8927 322.6075 -5.8438
v  -62.8046 322.7115 -5.6978
v  -62.8043 322.5856 -5.7203
v  -62.8739 323.6372 -10.8245
v  -62.8927 323.4905 -10.8523
v  -62.8927 323.6131 -10.6772
v  -62.8046 323.6383 -10.9539
v  -62.8043 323.5123 -10.9758
v  -62.8771 6.9358 -66.6693
v  -62.8952 6.9184 -66.5190
v  -62.8903 7.1079 -66.6414
v  -62.8385 6.7675 -66.6753
v  -62.8378 6.7456 -66.5494
v  -62.8050 6.9429 -66.7973
v  -62.8043 7.0797 -66.7713
v  -62.7885 6.8071 -66.7806
v  -51.9256 5.3913 -61.5804
v  -51.8252 5.5147 -61.5411
v  -52.0873 5.4078 -61.5599
v  -51.7798 5.3837 -61.6497
v  -51.6819 5.4815 -61.6343
v  -51.3928 5.9161 -61.4879
v  -51.4126 6.0723 -61.4428
v  -51.5211 5.8142 -61.4883
v  -51.3733 5.7842 -61.5791
v  -51.4722 5.6880 -61.5979
v  -51.4040 322.7206 -5.6258
v  -51.5532 322.7192 -5.6071
v  -51.4021 322.5703 -5.6333
v  -62.6770 322.7206 -5.6258
v  -62.6789 322.5703 -5.6333
v  -62.5277 322.7192 -5.6071
v  -62.6882 5.9161 -61.4879
v  -62.5598 5.8142 -61.4883
v  -62.6684 6.0723 -61.4428
v  -62.7077 5.7842 -61.5791
v  -62.6087 5.6880 -61.5979
v  -62.1554 5.3913 -61.5804
v  -61.9937 5.4078 -61.5599
v  -62.2558 5.5147 -61.5411
v  -62.3012 5.3837 -61.6497
v  -62.3990 5.4815 -61.6343
v  -51.3928 6.8666 -66.8787
v  -51.5211 6.7708 -66.9132
v  -51.4126 7.0288 -66.8676
v  -51.3733 6.7114 -66.8381
v  -51.4722 6.6147 -66.8533
v  -51.9256 6.3420 -66.9712
v  -52.0873 6.3644 -66.9848
v  -51.8251 6.4715 -66.9659
v  -51.7798 6.3111 -66.9087
v  -51.6819 6.4082 -66.8897
v  -62.1554 6.3420 -66.9712
v  -62.2558 6.4715 -66.9659
v  -61.9937 6.3644 -66.9848
v  -62.3012 6.3111 -66.9087
v  -62.3991 6.4082 -66.8897
v  -62.6882 6.8666 -66.8787
v  -62.6684 7.0288 -66.8676
v  -62.5598 6.7708 -66.9132
v  -62.7077 6.7114 -66.8381
v  -62.6087 6.6147 -66.8533
v  -62.6770 323.6714 -11.0185
v  -62.5277 323.6765 -11.0366
v  -62.6789 323.5277 -11.0628
v  -51.4040 323.6714 -11.0185
v  -51.4021 323.5277 -11.0628
v  -51.5532 323.6765 -11.0366
v  -51.3330 5.7454 -61.7152
v  -51.4470 5.6144 -61.7358
v  -51.3266 5.7529 -61.8673
v  -51.7180 5.3662 -61.7820
v  -51.6989 5.3861 -61.9320
v  -51.5854 5.4781 -61.7598
v  -51.7180 6.2495 -66.7903
v  -51.5854 6.3620 -66.7729
v  -51.6989 6.2168 -66.6427
v  -51.3330 6.6285 -66.7235
v  -51.3266 6.5835 -66.5780
v  -51.4470 6.4983 -66.7489
v  -62.3630 5.3662 -61.7820
v  -62.4955 5.4781 -61.7598
v  -62.3820 5.3861 -61.9320
v  -62.7479 5.7454 -61.7151
v  -62.7543 5.7529 -61.8673
v  -62.6339 5.6144 -61.7358
v  -62.7479 6.6285 -66.7235
v  -62.6339 6.4983 -66.7489
v  -62.7543 6.5835 -66.5780
v  -62.3630 6.2495 -66.7903
v  -62.3820 6.2168 -66.6427
v  -62.4955 6.3620 -66.7729
v  15.8015 77.3294 24.0746
v  15.6287 77.3156 24.0783
v  15.7932 77.2988 23.9259
v  15.8145 77.4117 24.1952
v  15.6761 77.4124 24.1936
v  15.9660 77.3698 24.0478
v  15.9655 77.3596 23.9206
v  15.9440 77.4280 24.1539
v  -129.9600 77.3295 24.0745
v  -129.9518 77.2990 23.9258
v  -129.7873 77.3156 24.0782
v  -130.1242 77.3703 24.0477
v  -130.1236 77.3604 23.9205
v  -129.9726 77.4117 24.1952
v  -129.8343 77.4124 24.1935
v  -130.1020 77.4284 24.1538
v  -129.9600 76.8864 19.0089
v  -129.7873 76.8720 19.0077
v  -129.9518 76.8821 19.1607
v  -129.9726 76.9464 18.8759
v  -129.8343 76.9472 18.8773
v  -130.1242 76.9312 19.0282
v  -130.1236 76.9435 19.1553
v  -130.1020 76.9700 18.9137
v  15.8015 76.8862 19.0089
v  15.7932 76.8820 19.1607
v  15.6287 76.8720 19.0077
v  15.9660 76.9306 19.0283
v  15.9655 76.9427 19.1554
v  15.8145 76.9464 18.8759
v  15.6761 76.9472 18.8774
v  15.9440 76.9695 18.9138
v  -130.6671 78.1405 24.0035
v  -130.6570 78.3130 23.9910
v  -130.6832 78.1379 23.8525
v  -130.5983 78.1292 24.1324
v  -130.5781 78.2654 24.1189
v  -130.6476 77.9706 23.9952
v  -130.6464 77.9598 23.8681
v  -130.5963 77.9953 24.1042
v  -129.0937 89.2492 23.0324
v  -129.1136 89.2291 22.8821
v  -129.1302 89.0776 23.0498
v  -129.0362 89.4093 22.9948
v  -129.0361 89.3981 22.8673
v  -129.0189 89.2677 23.1584
v  -129.0378 89.1293 23.1685
v  -128.9880 89.3929 23.1071
v  -129.0936 88.8059 17.9654
v  -129.1302 88.6339 17.9781
v  -129.1136 88.8122 18.1169
v  -129.0189 88.8022 17.8381
v  -129.0378 88.6642 17.8523
v  -129.0362 88.9702 17.9745
v  -129.0361 88.9811 18.1021
v  -128.9880 88.9343 17.8669
v  -130.6671 77.6974 18.9380
v  -130.6832 77.7210 19.0873
v  -130.6570 77.8694 18.9204
v  -130.6476 77.5315 18.9757
v  -130.6464 77.5429 19.1028
v  -130.5983 77.6638 18.8131
v  -130.5781 77.8004 18.8027
v  -130.5963 77.5369 18.8641
v  -128.1481 90.0674 22.9609
v  -127.9722 90.0797 22.9621
v  -128.1385 90.0729 22.8083
v  -128.1659 90.0058 23.0938
v  -128.0259 90.0050 23.0918
v  -128.3173 90.0315 22.9404
v  -128.3172 90.0202 22.8129
v  -128.2980 89.9898 23.0548
v  14.2075 90.0674 22.9608
v  14.1980 90.0728 22.8083
v  14.0319 90.0797 22.9621
v  14.3764 90.0309 22.9405
v  14.3764 90.0194 22.8130
v  14.2250 90.0058 23.0938
v  14.0851 90.0050 23.0919
v  14.3570 89.9893 23.0549
v  14.2075 89.6241 17.8939
v  14.0319 89.6360 17.8905
v  14.1980 89.6559 18.0431
v  14.2250 89.5403 17.7736
v  14.0851 89.5398 17.7757
v  14.3764 89.5916 17.9203
v  14.3764 89.6025 18.0478
v  14.3570 89.5309 17.8148
v  -128.1481 89.6241 17.8938
v  -128.1385 89.6560 18.0431
v  -127.9722 89.6360 17.8904
v  -128.3173 89.5923 17.9201
v  -128.3172 89.6033 18.0477
v  -128.1659 89.5403 17.7735
v  -128.0259 89.5398 17.7756
v  -128.2980 89.5313 17.8147
v  15.1389 89.2477 23.0326
v  15.1728 89.0757 23.0499
v  15.1586 89.2273 22.8823
v  15.0645 89.2670 23.1584
v  15.0810 89.1285 23.1685
v  15.0838 89.4083 22.9949
v  15.0836 89.3970 22.8674
v  15.0353 89.3924 23.1071
v  16.5228 78.1429 24.0034
v  16.5391 78.1400 23.8523
v  16.5154 78.3156 23.9908
v  16.5009 77.9729 23.9951
v  16.4998 77.9621 23.8679
v  16.4535 78.1322 24.1321
v  16.4357 78.2690 24.1186
v  16.4498 77.9982 24.1040
v  16.5228 77.6996 18.9378
v  16.5154 77.8719 18.9202
v  16.5391 77.7231 19.0871
v  16.4535 77.6668 18.8128
v  16.4357 77.8038 18.8024
v  16.5009 77.5338 18.9755
v  16.4998 77.5452 19.1027
v  16.4498 77.5398 18.8639
v  15.1389 88.8044 17.9655
v  15.1586 88.8104 18.1171
v  15.1728 88.6319 17.9783
v  15.0838 88.9691 17.9747
v  15.0836 88.9801 18.1022
v  15.0645 88.8015 17.8382
v  15.0810 88.6635 17.8524
v  15.0353 88.9339 17.8670
v  15.8998 77.5350 24.2519
v  15.9935 77.6680 24.2578
v  15.7388 77.5537 24.2678
v  16.0446 77.5151 24.1862
v  16.1357 77.6188 24.1755
v  16.3470 78.0392 24.2077
v  16.3101 78.1979 24.2115
v  16.2275 77.9319 24.2347
v  16.3789 77.8920 24.1532
v  16.2866 77.7892 24.1606
v  14.9380 89.3506 23.2180
v  14.8015 89.4424 23.2272
v  14.9358 89.1889 23.2493
v  14.9450 89.4927 23.1387
v  14.8397 89.5844 23.1286
v  14.3181 89.8963 23.1703
v  14.1558 89.8754 23.1893
v  14.4249 89.7739 23.1981
v  14.4646 89.9155 23.1017
v  14.5689 89.8226 23.1078
v  -128.2595 89.8963 23.1703
v  -128.3671 89.7747 23.1980
v  -128.0971 89.8752 23.1892
v  -128.4060 89.9164 23.1017
v  -128.5113 89.8244 23.1076
v  -128.8912 89.3497 23.2181
v  -128.8913 89.1879 23.2494
v  -128.7537 89.4401 23.2273
v  -128.8964 89.4920 23.1388
v  -128.7903 89.5829 23.1287
v  -130.4932 78.0350 24.2081
v  -130.3750 77.9265 24.2352
v  -130.4540 78.1929 24.2119
v  -130.5268 77.8883 24.1535
v  -130.4355 77.7846 24.1610
v  -130.0574 77.5351 24.2518
v  -129.8964 77.5534 24.2678
v  -130.1502 77.6687 24.2577
v  -130.2021 77.5161 24.1860
v  -130.2922 77.6203 24.1753
v  16.3470 77.5622 18.7545
v  16.2275 77.4518 18.7466
v  16.3101 77.7177 18.7234
v  16.3789 77.4266 18.8338
v  16.2866 77.3239 18.8444
v  15.8998 77.0578 18.7987
v  15.7388 77.0735 18.7797
v  15.9935 77.1879 18.7697
v  16.0446 77.0497 18.8668
v  16.1357 77.1537 18.8593
v  -130.0574 77.0580 18.7986
v  -130.1502 77.1885 18.7696
v  -129.8964 77.0733 18.7797
v  -130.2021 77.0505 18.8668
v  -130.2922 77.1552 18.8591
v  -130.4932 77.5580 18.7549
v  -130.4540 77.7128 18.7237
v  -130.3750 77.4464 18.7470
v  -130.5268 77.4230 18.8342
v  -130.4355 77.3195 18.8448
v  -128.8912 88.8725 17.7650
v  -128.7537 88.9601 17.7403
v  -128.8913 88.7078 17.7624
v  -128.8964 89.0266 17.8185
v  -128.7903 89.1177 17.8126
v  -128.2595 89.4193 17.7172
v  -128.0971 89.3951 17.7023
v  -128.3671 89.2946 17.7110
v  -128.4060 89.4509 17.7813
v  -128.5113 89.3593 17.7914
v  14.3181 89.4191 17.7173
v  14.4249 89.2939 17.7111
v  14.1558 89.3953 17.7022
v  14.4646 89.4500 17.7815
v  14.5689 89.3575 17.7916
v  14.9380 88.8735 17.7650
v  14.9358 88.7090 17.7623
v  14.8015 88.9623 17.7401
v  14.9450 89.0273 17.8185
v  14.8397 89.1192 17.8125
v  -130.2642 77.4677 24.0624
v  -130.3882 77.5885 24.0543
v  -130.2828 77.4494 23.9127
v  -130.5724 77.8211 24.0315
v  -130.5801 77.7904 23.8829
v  -130.4698 77.6823 24.0461
v  -130.5724 77.3779 18.9659
v  -130.4698 77.2386 18.9756
v  -130.5801 77.3735 19.1176
v  -130.2642 77.0245 18.9969
v  -130.2828 77.0325 19.1475
v  -130.3882 77.1449 18.9839
v  16.1067 77.0233 18.9969
v  16.2317 77.1429 18.9840
v  16.1254 77.0311 19.1476
v  16.4238 77.3810 18.9656
v  16.4315 77.3764 19.1174
v  16.3199 77.2423 18.9753
v  16.4238 77.8241 24.0313
v  16.3199 77.6860 24.0459
v  16.4315 77.7932 23.8826
v  16.1067 77.4666 24.0626
v  16.1254 77.4480 23.9128
v  16.2317 77.5865 24.0546
v  -128.9309 89.5475 23.0063
v  -128.8060 89.6716 22.9978
v  -128.9359 89.5547 22.8536
v  -128.4673 89.9486 22.9712
v  -128.4869 89.9433 22.8196
v  -128.6080 89.8430 22.9828
v  -128.4673 89.5053 17.9042
v  -128.6080 89.3994 17.9111
v  -128.4869 89.5263 18.0544
v  -128.9309 89.1041 17.9393
v  -128.9359 89.1377 18.0884
v  -128.8060 89.2279 17.9261
v  14.5259 89.9473 22.9713
v  14.6657 89.8409 22.9830
v  14.5454 89.9418 22.8198
v  14.9801 89.5476 23.0063
v  14.9853 89.5546 22.8536
v  14.8565 89.6729 22.9977
v  14.9801 89.1043 17.9393
v  14.8565 89.2290 17.9261
v  14.9853 89.1377 18.0884
v  14.5259 89.5040 17.9044
v  14.5454 89.5248 18.0546
v  14.6657 89.3970 17.9114
v  -42.2580 137.1196 24.7809
v  -42.2275 137.1236 24.6247
v  -42.2551 137.3022 24.7661
v  -42.2447 136.9410 24.7714
v  -42.2363 136.9292 24.6417
v  -42.3419 137.0902 24.9101
v  -42.3382 137.2344 24.8926
v  -42.3084 136.9539 24.8788
v  -42.2580 136.3341 15.8022
v  -42.2551 136.5165 15.7851
v  -42.2275 136.3651 15.9553
v  -42.3419 136.2827 15.6801
v  -42.3382 136.4278 15.6723
v  -42.2447 136.1599 15.8426
v  -42.2363 136.1707 15.9723
v  -42.3084 136.1540 15.7346
v  -42.2580 143.6540 15.1618
v  -42.2275 143.6500 15.3180
v  -42.2551 143.4715 15.1766
v  -42.2447 143.8326 15.1714
v  -42.2363 143.8443 15.3010
v  -42.3419 143.6833 15.0326
v  -42.3382 143.5391 15.0501
v  -42.3084 143.8196 15.0639
v  -42.2580 144.4395 24.1405
v  -42.2551 144.2571 24.1576
v  -42.2275 144.4084 23.9874
v  -42.3419 144.4908 24.2626
v  -42.3382 144.3458 24.2705
v  -42.2447 144.6137 24.1001
v  -42.2363 144.6028 23.9704
v  -42.3084 144.6196 24.2082
v  -42.4478 136.1523 15.6273
v  -42.5148 135.9989 15.6263
v  -42.4975 136.3096 15.5991
v  -42.3564 136.0222 15.7029
v  -42.3687 135.8784 15.7203
v  -42.5326 135.3993 15.6932
v  -42.6347 135.2663 15.6896
v  -42.5562 135.5629 15.6637
v  -42.4785 135.2556 15.7709
v  -42.5336 135.1237 15.7863
v  -42.4117 135.5082 15.7488
v  -42.3941 135.6508 15.7403
v  -42.4090 135.3762 15.8026
v  -42.7647 134.8465 15.7551
v  -42.9118 134.7598 15.7336
v  -42.7409 135.0112 15.7116
v  -42.7685 134.6920 15.8340
v  -42.8720 134.5969 15.8324
v  -42.6169 134.9150 15.8145
v  -42.5675 135.0449 15.7932
v  -42.6682 134.7893 15.8539
v  -43.1502 134.4623 15.7887
v  -43.3182 134.4361 15.7619
v  -43.0657 134.6064 15.7470
v  -43.2134 134.3208 15.8665
v  -43.3447 134.2708 15.8610
v  -42.9896 134.4717 15.8533
v  -42.8950 134.5741 15.8344
v  -43.0849 134.3743 15.8903
v  -43.7064 134.2299 15.7955
v  -43.8719 134.2521 15.7783
v  -43.5741 134.3304 15.7715
v  -43.8101 134.1151 15.8707
v  -43.9528 134.0981 15.8761
v  -43.5565 134.1817 15.8649
v  -43.4238 134.2369 15.8639
v  -43.6739 134.1161 15.9128
v  -44.4623 134.1454 15.8029
v  -44.6215 134.1937 15.7842
v  -44.3096 134.2109 15.7827
v  -44.5876 134.0455 15.8759
v  -44.7328 134.0422 15.8810
v  -44.3260 134.0599 15.8746
v  -44.1814 134.0726 15.8783
v  -44.4546 134.0159 15.9216
v  -69.4878 134.1454 15.8028
v  -69.6404 134.2109 15.7827
v  -69.3286 134.1938 15.7842
v  -69.6240 134.0600 15.8746
v  -69.7687 134.0728 15.8783
v  -69.3624 134.0455 15.8758
v  -69.2173 134.0422 15.8809
v  -69.4955 134.0159 15.9216
v  -70.2436 134.2300 15.7955
v  -70.3759 134.3304 15.7715
v  -70.0782 134.2522 15.7783
v  -70.3935 134.1817 15.8649
v  -70.5262 134.2370 15.8639
v  -70.1399 134.1151 15.8707
v  -69.9972 134.0981 15.8761
v  -70.2762 134.1161 15.9128
v  -70.7998 134.4623 15.7887
v  -70.8843 134.6064 15.7470
v  -70.6318 134.4361 15.7619
v  -70.9605 134.4717 15.8533
v  -71.0551 134.5741 15.8344
v  -70.7366 134.3208 15.8665
v  -70.6054 134.2708 15.8610
v  -70.8651 134.3743 15.8903
v  -71.1853 134.8465 15.7551
v  -71.2091 135.0112 15.7116
v  -71.0382 134.7598 15.7336
v  -71.3331 134.9150 15.8145
v  -71.3825 135.0449 15.7932
v  -71.1816 134.6920 15.8340
v  -71.0780 134.5969 15.8324
v  -71.2819 134.7894 15.8539
v  -71.4174 135.3993 15.6932
v  -71.3938 135.5629 15.6637
v  -71.3153 135.2663 15.6896
v  -71.5384 135.5083 15.7488
v  -71.5559 135.6508 15.7402
v  -71.4715 135.2556 15.7709
v  -71.4164 135.1237 15.7863
v  -71.5410 135.3762 15.8026
v  -71.5023 136.1523 15.6273
v  -71.4525 136.3097 15.5991
v  -71.4353 135.9989 15.6263
v  -71.6081 136.2827 15.6801
v  -71.6119 136.4278 15.6722
v  -71.5936 136.0222 15.7029
v  -71.5813 135.8784 15.7203
v  -71.6416 136.1540 15.7345
v  -71.5023 143.8026 14.9579
v  -71.4353 143.9534 14.9304
v  -71.4525 143.6428 14.9575
v  -71.5936 143.9440 15.0099
v  -71.5813 144.0885 15.0020
v  -71.6081 143.6833 15.0326
v  -71.6119 143.5391 15.0501
v  -71.6416 143.8196 15.0639
v  -71.4174 144.5556 14.8922
v  -71.3153 144.6861 14.8655
v  -71.3938 144.3895 14.8914
v  -71.4715 144.7105 14.9437
v  -71.4164 144.8432 14.9360
v  -71.5384 144.4580 14.9658
v  -71.5559 144.3161 14.9821
v  -71.5410 144.5974 14.9958
v  -71.1853 145.1108 14.8571
v  -71.0382 145.1926 14.8208
v  -71.2091 144.9409 14.8428
v  -71.1816 145.2766 14.9080
v  -71.0781 145.3700 14.8899
v  -71.3331 145.0536 14.9275
v  -71.3825 144.9219 14.9291
v  -71.2819 145.1841 14.9445
v  -70.7998 145.4949 14.8235
v  -70.6318 145.5161 14.7925
v  -70.8843 145.3458 14.8074
v  -70.7366 145.6479 14.8755
v  -70.6054 145.6962 14.8614
v  -70.9605 145.4969 14.8888
v  -71.0551 145.3929 14.8879
v  -70.8651 145.5993 14.9082
v  -70.2436 145.7250 14.7899
v  -70.0782 145.7001 14.7768
v  -70.3759 145.6219 14.7836
v  -70.1399 145.8512 14.8439
v  -69.9972 145.8689 14.8462
v  -70.3935 145.7846 14.8497
v  -70.5263 145.7300 14.8584
v  -70.2762 145.8574 14.8856
v  -69.4877 145.8095 14.7824
v  -69.3286 145.7587 14.7725
v  -69.6404 145.7415 14.7740
v  -69.3624 145.9205 14.8370
v  -69.2173 145.9246 14.8414
v  -69.6240 145.9061 14.8382
v  -69.7687 145.8942 14.8440
v  -69.4955 145.9576 14.8768
v  -44.4623 145.8095 14.7824
v  -44.3096 145.7415 14.7740
v  -44.6215 145.7587 14.7725
v  -44.3260 145.9061 14.8382
v  -44.1814 145.8941 14.8441
v  -44.5876 145.9205 14.8370
v  -44.7328 145.9245 14.8414
v  -44.4546 145.9576 14.8768
v  -43.7064 145.7249 14.7899
v  -43.5741 145.6219 14.7837
v  -43.8718 145.7001 14.7768
v  -43.5565 145.7845 14.8497
v  -43.4237 145.7300 14.8584
v  -43.8101 145.8512 14.8439
v  -43.9528 145.8689 14.8463
v  -43.6738 145.8574 14.8856
v  -43.1503 145.4949 14.8235
v  -43.0657 145.3458 14.8074
v  -43.3182 145.5161 14.7925
v  -42.9896 145.4969 14.8888
v  -42.8950 145.3929 14.8879
v  -43.2134 145.6478 14.8755
v  -43.3447 145.6962 14.8614
v  -43.0849 145.5992 14.9082
v  -42.7647 145.1108 14.8571
v  -42.7409 144.9409 14.8428
v  -42.9118 145.1924 14.8208
v  -42.6169 145.0536 14.9275
v  -42.5675 144.9219 14.9291
v  -42.7685 145.2766 14.9080
v  -42.8720 145.3700 14.8899
v  -42.6682 145.1841 14.9445
v  -42.5326 144.5556 14.8922
v  -42.5562 144.3895 14.8915
v  -42.6347 144.6861 14.8655
v  -42.4117 144.4580 14.9658
v  -42.3941 144.3161 14.9821
v  -42.4785 144.7105 14.9437
v  -42.5336 144.8432 14.9360
v  -42.4090 144.5974 14.9958
v  -42.4478 143.8026 14.9579
v  -42.4975 143.6428 14.9575
v  -42.5148 143.9534 14.9304
v  -42.3564 143.9439 15.0099
v  -42.3687 144.0884 15.0020
v  -71.6921 136.3341 15.8022
v  -71.7225 136.3652 15.9553
v  -71.6950 136.5165 15.7851
v  -71.7053 136.1599 15.8426
v  -71.7138 136.1707 15.9723
v  -71.6921 137.1196 24.7809
v  -71.6950 137.3022 24.7660
v  -71.7225 137.1236 24.6247
v  -71.6081 137.0902 24.9101
v  -71.6119 137.2344 24.8926
v  -71.7053 136.9410 24.7714
v  -71.7138 136.9292 24.6417
v  -71.6416 136.9539 24.8788
v  -71.6921 144.4395 24.1405
v  -71.7225 144.4084 23.9874
v  -71.6950 144.2571 24.1576
v  -71.7053 144.6137 24.1001
v  -71.7138 144.6028 23.9704
v  -71.6081 144.4909 24.2626
v  -71.6119 144.3458 24.2704
v  -71.6416 144.6196 24.2082
v  -71.6921 143.6539 15.1618
v  -71.6950 143.4715 15.1766
v  -71.7225 143.6500 15.3180
v  -71.7053 143.8326 15.1713
v  -71.7138 143.8443 15.3010
v  -71.5023 136.9710 24.9848
v  -71.4353 136.8201 25.0123
v  -71.4525 137.1308 24.9852
v  -71.5936 136.8297 24.9328
v  -71.5813 136.6852 24.9407
v  -71.4174 136.2179 25.0505
v  -71.3153 136.0875 25.0772
v  -71.3938 136.3840 25.0513
v  -71.4716 136.0630 24.9990
v  -71.4164 135.9305 25.0067
v  -71.5384 136.3156 24.9769
v  -71.5559 136.4574 24.9606
v  -71.5410 136.1762 24.9469
v  -71.1853 135.6628 25.0856
v  -71.0382 135.5811 25.1219
v  -71.2091 135.8326 25.0999
v  -71.1816 135.4970 25.0347
v  -71.0780 135.4035 25.0528
v  -71.3331 135.7200 25.0152
v  -71.3825 135.8516 25.0136
v  -71.2819 135.5894 24.9982
v  -70.7998 135.2786 25.1192
v  -70.6318 135.2575 25.1502
v  -70.8843 135.4278 25.1353
v  -70.7366 135.1257 25.0672
v  -70.6054 135.0774 25.0813
v  -70.9605 135.2767 25.0540
v  -71.0551 135.3807 25.0548
v  -70.8652 135.1743 25.0345
v  -70.2436 135.0486 25.1529
v  -70.0782 135.0735 25.1659
v  -70.3759 135.1516 25.1591
v  -70.1399 134.9224 25.0988
v  -69.9973 134.9046 25.0964
v  -70.3935 134.9890 25.0930
v  -70.5263 135.0437 25.0843
v  -70.2762 134.9161 25.0571
v  -69.4877 134.9641 25.1603
v  -69.3286 135.0149 25.1703
v  -69.6404 135.0322 25.1688
v  -69.3624 134.8531 25.1057
v  -69.2173 134.8490 25.1013
v  -69.6240 134.8675 25.1045
v  -69.7687 134.8794 25.0987
v  -69.4955 134.8160 25.0659
v  -63.9022 134.9818 25.1596
v  -63.9003 135.1322 25.1652
v  -64.0515 134.9816 25.1784
v  -63.7746 134.9971 25.0887
v  -63.7749 135.1245 25.0772
v  -63.9236 134.8487 25.1017
v  -64.0515 134.8490 25.1013
v  -63.8131 134.8837 25.0600
v  -63.9022 146.6106 24.1422
v  -64.0515 146.6141 24.1607
v  -63.9003 146.4635 24.1739
v  -63.9236 146.7318 24.0621
v  -64.0515 146.7313 24.0618
v  -63.7746 146.5833 24.0751
v  -63.7749 146.4558 24.0859
v  -63.8131 146.6899 24.0270
v  -69.4877 146.6283 24.1399
v  -69.6404 146.5627 24.1600
v  -69.3286 146.5799 24.1585
v  -69.6240 146.7136 24.0681
v  -69.7687 146.7009 24.0644
v  -69.3624 146.7280 24.0668
v  -69.2173 146.7313 24.0618
v  -69.4955 146.7576 24.0211
v  -70.2436 146.5436 24.1472
v  -70.3759 146.4432 24.1712
v  -70.0782 146.5214 24.1644
v  -70.3935 146.5919 24.0778
v  -70.5263 146.5366 24.0788
v  -70.1399 146.6584 24.0720
v  -69.9972 146.6756 24.0666
v  -70.2762 146.6574 24.0299
v  -70.7998 146.3112 24.1540
v  -70.8843 146.1672 24.1957
v  -70.6318 146.3374 24.1808
v  -70.9605 146.3018 24.0894
v  -71.0551 146.1995 24.1083
v  -70.7366 146.4529 24.0762
v  -70.6054 146.5029 24.0817
v  -70.8651 146.3992 24.0525
v  -71.1853 145.9271 24.1876
v  -71.2091 145.7623 24.2311
v  -71.0382 146.0139 24.2091
v  -71.3331 145.8586 24.1282
v  -71.3825 145.7287 24.1495
v  -71.1816 146.0815 24.1087
v  -71.0781 146.1767 24.1103
v  -71.2819 145.9841 24.0888
v  -71.4174 145.3743 24.2495
v  -71.3938 145.2107 24.2790
v  -71.3153 145.5073 24.2531
v  -71.5384 145.2654 24.1939
v  -71.5559 145.1229 24.2024
v  -71.4716 145.5179 24.1718
v  -71.4164 145.6498 24.1564
v  -71.5410 145.3974 24.1401
v  -71.5023 144.6213 24.3155
v  -71.4525 144.4639 24.3436
v  -71.4353 144.7746 24.3164
v  -71.5936 144.7514 24.2398
v  -71.5813 144.8952 24.2224
v  -63.7053 134.9646 24.9634
v  -63.6866 134.9498 24.8149
v  -63.6866 135.1135 24.9523
v  -63.7746 134.8356 24.9533
v  -63.7749 134.8248 24.8258
v  -63.6904 134.4861 19.5942
v  -63.6342 134.6510 19.6667
v  -63.6997 134.4937 19.7533
v  -63.5893 134.5053 19.5099
v  -63.5458 134.6401 19.5418
v  -63.7783 134.3550 19.4688
v  -63.7749 134.3688 19.6131
v  -63.6604 134.3926 19.4484
v  -63.6904 146.1323 18.5753
v  -63.6997 146.1525 18.7332
v  -63.6342 145.9824 18.6753
v  -63.7783 146.2396 18.4290
v  -63.7749 146.2511 18.5736
v  -63.5893 146.0988 18.4956
v  -63.5458 145.9715 18.5504
v  -63.6604 146.1991 18.4155
v  -63.7053 146.5935 23.9460
v  -63.6866 146.4449 23.9609
v  -63.6866 146.5823 23.7972
v  -63.7746 146.7188 23.9137
v  -63.7749 146.7072 23.7863
v  -63.5070 134.4702 19.4116
v  -63.3479 134.4630 19.4028
v  -63.4204 134.6324 19.4537
v  -63.6433 134.3432 19.3343
v  -63.4984 134.3447 19.3376
v  -50.4745 134.4700 19.4116
v  -50.5610 134.6324 19.4537
v  -50.6335 134.4630 19.4028
v  -50.3922 134.5053 19.5099
v  -50.4356 134.6401 19.5418
v  -50.3381 134.3432 19.3343
v  -50.4830 134.3447 19.3376
v  -50.3211 134.3926 19.4484
v  -50.4745 146.1163 18.3926
v  -50.6335 146.1217 18.3828
v  -50.5610 145.9637 18.4623
v  -50.3381 146.2278 18.2946
v  -50.4831 146.2271 18.2981
v  -50.3922 146.0988 18.4956
v  -50.4356 145.9715 18.5504
v  -50.3211 146.1991 18.4155
v  -63.5070 146.1163 18.3926
v  -63.4204 145.9638 18.4623
v  -63.3479 146.1218 18.3828
v  -63.6433 146.2278 18.2946
v  -63.4984 146.2271 18.2981
v  -50.2911 134.4861 19.5942
v  -50.2817 134.4937 19.7533
v  -50.3472 134.6510 19.6667
v  -50.2031 134.3550 19.4688
v  -50.2065 134.3687 19.6131
v  -50.2762 134.9646 24.9634
v  -50.2949 135.1135 24.9523
v  -50.2949 134.9497 24.8149
v  -50.2069 134.9970 25.0887
v  -50.2065 135.1245 25.0772
v  -50.2069 134.8356 24.9533
v  -50.2065 134.8248 24.8258
v  -50.1683 134.8837 25.0600
v  -50.2762 146.5934 23.9460
v  -50.2949 146.5823 23.7972
v  -50.2949 146.4449 23.9610
v  -50.2069 146.7188 23.9137
v  -50.2065 146.7072 23.7863
v  -50.2069 146.5833 24.0751
v  -50.2065 146.4558 24.0859
v  -50.1683 146.6899 24.0270
v  -50.2911 146.1323 18.5753
v  -50.3472 145.9824 18.6753
v  -50.2817 146.1525 18.7332
v  -50.2031 146.2396 18.4290
v  -50.2065 146.2511 18.5736
v  -50.0792 134.9818 25.1596
v  -49.9300 134.9816 25.1784
v  -50.0812 135.1321 25.1652
v  -50.0579 134.8487 25.1017
v  -49.9300 134.8489 25.1013
v  -44.4623 134.9641 25.1603
v  -44.3096 135.0322 25.1688
v  -44.6215 135.0149 25.1703
v  -44.3260 134.8675 25.1045
v  -44.1814 134.8794 25.0987
v  -44.5876 134.8530 25.1057
v  -44.7328 134.8489 25.1013
v  -44.4546 134.8160 25.0659
v  -43.7064 135.0486 25.1529
v  -43.5741 135.1516 25.1591
v  -43.8719 135.0735 25.1659
v  -43.5565 134.9890 25.0930
v  -43.4238 135.0436 25.0843
v  -43.8101 134.9224 25.0988
v  -43.9528 134.9046 25.0964
v  -43.6738 134.9161 25.0571
v  -43.1503 135.2786 25.1193
v  -43.0657 135.4278 25.1353
v  -43.3182 135.2574 25.1502
v  -42.9896 135.2767 25.0540
v  -42.8950 135.3807 25.0548
v  -43.2134 135.1257 25.0672
v  -43.3447 135.0774 25.0814
v  -43.0849 135.1743 25.0345
v  -42.7647 135.6628 25.0857
v  -42.7409 135.8326 25.0999
v  -42.9118 135.5811 25.1219
v  -42.6169 135.7199 25.0152
v  -42.5675 135.8516 25.0136
v  -42.7685 135.4969 25.0347
v  -42.8720 135.4035 25.0528
v  -42.6682 135.5894 24.9982
v  -42.5326 136.2179 25.0505
v  -42.5562 136.3840 25.0513
v  -42.6347 136.0875 25.0772
v  -42.4117 136.3156 24.9770
v  -42.3941 136.4574 24.9606
v  -42.4785 136.0630 24.9990
v  -42.5336 135.9305 25.0067
v  -42.4090 136.1762 24.9469
v  -42.4478 136.9709 24.9848
v  -42.4975 137.1307 24.9852
v  -42.5148 136.8200 25.0123
v  -42.3564 136.8297 24.9328
v  -42.3687 136.6852 24.9407
v  -42.4478 144.6213 24.3155
v  -42.5148 144.7746 24.3164
v  -42.4975 144.4639 24.3436
v  -42.3564 144.7514 24.2398
v  -42.3687 144.8951 24.2224
v  -42.5326 145.3743 24.2495
v  -42.6347 145.5073 24.2531
v  -42.5562 145.2107 24.2790
v  -42.4785 145.5179 24.1718
v  -42.5336 145.6498 24.1564
v  -42.4117 145.2654 24.1939
v  -42.3941 145.1229 24.2025
v  -42.4090 145.3974 24.1401
v  -42.7647 145.9271 24.1876
v  -42.9118 146.0138 24.2091
v  -42.7409 145.7623 24.2311
v  -42.7685 146.0815 24.1087
v  -42.8720 146.1767 24.1103
v  -42.6169 145.8586 24.1282
v  -42.5675 145.7287 24.1495
v  -42.6682 145.9841 24.0888
v  -43.1502 146.3112 24.1540
v  -43.3182 146.3375 24.1808
v  -43.0657 146.1672 24.1957
v  -43.2134 146.4527 24.0762
v  -43.3447 146.5029 24.0817
v  -42.9896 146.3018 24.0894
v  -42.8950 146.1995 24.1083
v  -43.0849 146.3992 24.0525
v  -43.7064 146.5436 24.1472
v  -43.8719 146.5214 24.1644
v  -43.5741 146.4432 24.1712
v  -43.8101 146.6584 24.0720
v  -43.9528 146.6756 24.0666
v  -43.5565 146.5919 24.0779
v  -43.4237 146.5366 24.0788
v  -43.6738 146.6574 24.0299
v  -44.4623 146.6283 24.1399
v  -44.6215 146.5799 24.1585
v  -44.3096 146.5627 24.1600
v  -44.5876 146.7280 24.0668
v  -44.7328 146.7313 24.0618
v  -44.3261 146.7135 24.0681
v  -44.1814 146.7009 24.0644
v  -44.4546 146.7576 24.0211
v  -50.0792 146.6105 24.1422
v  -50.0812 146.4635 24.1739
v  -49.9300 146.6141 24.1608
v  -50.0579 146.7318 24.0621
v  -49.9300 146.7313 24.0618
v  -50.0792 134.7684 24.9806
v  -50.0812 134.7368 24.8336
v  -49.9300 134.7500 24.9841
v  -50.1239 134.2804 19.2603
v  -50.1706 134.2522 19.1447
v  -50.0063 134.2666 19.3084
v  -63.8575 134.2804 19.2603
v  -63.9752 134.2666 19.3084
v  -63.8109 134.2523 19.1447
v  -63.9022 134.7684 24.9806
v  -64.0515 134.7500 24.9841
v  -63.9003 134.7368 24.8336
v  -69.3219 134.7584 24.9875
v  -69.3044 134.7146 24.8355
v  -69.1387 134.7557 24.9889
v  -69.4990 134.7431 24.9637
v  -69.4995 134.7233 24.8347
v  -69.3219 133.9729 16.0088
v  -69.1387 133.9699 16.0079
v  -69.3043 133.9561 16.1661
v  -69.4990 133.9619 16.0349
v  -69.4995 133.9649 16.1653
v  -44.6281 133.9729 16.0088
v  -44.6457 133.9561 16.1661
v  -44.8113 133.9699 16.0079
v  -44.4511 133.9619 16.0349
v  -44.4506 133.9649 16.1653
v  -44.6281 134.7584 24.9875
v  -44.8113 134.7556 24.9889
v  -44.6457 134.7146 24.8355
v  -44.4511 134.7431 24.9637
v  -44.4506 134.7233 24.8347
v  -50.0792 146.7896 23.9289
v  -49.9300 146.8084 23.9291
v  -50.0812 146.7952 23.7786
v  -44.6281 146.8008 23.9339
v  -44.6457 146.8174 23.7766
v  -44.8113 146.8037 23.9348
v  -44.4511 146.8117 23.9078
v  -44.4506 146.8087 23.7774
v  -44.6281 146.0151 14.9553
v  -44.8113 146.0179 14.9538
v  -44.6457 146.0590 15.1072
v  -44.4511 146.0305 14.9790
v  -44.4506 146.0502 15.1080
v  -69.3219 146.0151 14.9552
v  -69.3043 146.0590 15.1072
v  -69.1387 146.0179 14.9538
v  -69.4990 146.0305 14.9790
v  -69.4995 146.0502 15.1080
v  -69.3219 146.8008 23.9339
v  -69.1387 146.8037 23.9348
v  -69.3043 146.8174 23.7766
v  -69.4990 146.8117 23.9078
v  -69.4995 146.8087 23.7774
v  -63.9022 146.7896 23.9289
v  -63.9003 146.7952 23.7786
v  -64.0515 146.8084 23.9291
v  -63.8575 146.2769 18.2107
v  -63.8109 146.2845 18.0920
v  -63.9752 146.2988 18.2557
v  -50.1239 146.2768 18.2107
v  -50.0063 146.2988 18.2557
v  -50.1706 146.2845 18.0920
v  -71.6726 135.9838 15.8329
v  -71.6553 135.8020 15.8476
v  -71.7009 135.9765 15.9893
v  -71.6217 135.5434 15.8726
v  -71.6491 135.5683 16.0251
v  -71.6472 135.7228 15.8553
v  -71.5999 135.3702 15.9123
v  -71.6049 135.3802 16.0415
v  -71.6217 136.3286 24.8489
v  -71.6472 136.5084 24.8347
v  -71.6491 136.3268 24.6944
v  -71.5999 136.1513 24.8398
v  -71.6049 136.1386 24.7109
v  -71.6726 136.7694 24.8115
v  -71.7009 136.7350 24.6587
v  -71.6553 136.5877 24.8286
v  -71.6726 144.7898 24.1098
v  -71.6553 144.9716 24.0951
v  -71.7009 144.7970 23.9534
v  -71.6217 145.2302 24.0701
v  -71.6491 145.2052 23.9177
v  -71.6472 145.0508 24.0874
v  -71.5999 145.4034 24.0304
v  -71.6049 145.3934 23.9012
v  -71.6217 144.4449 15.0938
v  -71.6472 144.2651 15.1080
v  -71.6491 144.4468 15.2483
v  -71.5999 144.6223 15.1028
v  -71.6049 144.6349 15.2318
v  -71.6726 144.0043 15.1312
v  -71.7009 144.0385 15.2840
v  -71.6553 144.1859 15.1141
v  -71.5321 135.2048 15.9022
v  -71.4654 135.0359 15.9154
v  -71.5502 135.1947 16.0577
v  -71.4131 134.9221 15.9342
v  -71.4366 134.9379 16.0802
v  -71.4868 135.0847 15.9115
v  -71.3312 134.7657 15.9655
v  -71.3343 134.7749 16.0944
v  -71.4131 135.7062 24.8961
v  -71.4869 135.8702 24.8902
v  -71.4366 135.6962 24.7496
v  -71.3312 135.5467 24.8924
v  -71.3343 135.5333 24.7639
v  -71.5321 135.9902 24.8785
v  -71.5502 135.9532 24.7271
v  -71.4654 135.8214 24.8949
v  -71.2144 134.6297 15.9598
v  -71.0895 134.5002 15.9626
v  -71.2204 134.6196 16.1081
v  -71.0335 134.4496 15.9755
v  -71.0564 134.4563 16.1223
v  -71.1628 134.5732 15.9563
v  -70.8985 134.3347 16.0033
v  -70.9006 134.3428 16.1323
v  -71.0335 135.2336 24.9374
v  -71.1628 135.3587 24.9350
v  -71.0564 135.2148 24.7917
v  -70.8985 135.1157 24.9301
v  -70.9007 135.1014 24.8016
v  -71.2144 135.4137 24.9217
v  -71.2204 135.3783 24.7774
v  -71.0895 135.2857 24.9414
v  -70.7400 134.2515 15.9928
v  -70.5760 134.1774 15.9909
v  -70.7371 134.2409 16.1412
v  -70.4555 134.1324 15.9960
v  -70.4792 134.1278 16.1511
v  -70.6250 134.1987 15.9886
v  -70.2917 134.0670 16.0264
v  -70.2930 134.0732 16.1558
v  -70.4556 134.9177 24.9724
v  -70.6250 134.9842 24.9681
v  -70.4792 134.8862 24.8204
v  -70.2917 134.8481 24.9539
v  -70.2930 134.8318 24.8252
v  -70.7400 135.0356 24.9548
v  -70.7371 134.9995 24.8105
v  -70.5760 134.9629 24.9696
v  -70.1158 134.0432 16.0038
v  -69.9354 134.0176 16.0045
v  -70.1041 134.0293 16.1597
v  -69.6735 133.9923 16.0071
v  -69.6944 133.9776 16.1642
v  -69.8559 134.0096 16.0044
v  -69.6736 134.7779 24.9858
v  -69.8559 134.7952 24.9854
v  -69.6944 134.7361 24.8336
v  -70.1158 134.8284 24.9802
v  -70.1042 134.7878 24.8291
v  -69.9354 134.8032 24.9839
v  -71.5321 145.5687 24.0405
v  -71.4654 145.7377 24.0273
v  -71.5502 145.5788 23.8849
v  -71.4131 145.8515 24.0085
v  -71.4366 145.8358 23.8625
v  -71.4868 145.6888 24.0312
v  -71.3312 146.0079 23.9772
v  -71.3343 145.9987 23.8483
v  -71.4131 145.0673 15.0466
v  -71.4868 144.9034 15.0525
v  -71.4366 145.0772 15.1931
v  -71.3312 145.2269 15.0503
v  -71.3343 145.2403 15.1789
v  -71.5321 144.7834 15.0642
v  -71.5502 144.8204 15.2156
v  -71.4654 144.9522 15.0478
v  -71.2144 146.1439 23.9829
v  -71.0895 146.2734 23.9801
v  -71.2204 146.1539 23.8347
v  -71.0335 146.3241 23.9672
v  -71.0564 146.3173 23.8204
v  -71.1628 146.2004 23.9864
v  -70.8985 146.4388 23.9394
v  -70.9006 146.4307 23.8104
v  -71.0335 145.5400 15.0052
v  -71.1628 145.4149 15.0077
v  -71.0564 145.5588 15.1510
v  -70.8985 145.6579 15.0126
v  -70.9006 145.6723 15.1411
v  -71.2144 145.3598 15.0210
v  -71.2204 145.3954 15.1653
v  -71.0895 145.4879 15.0013
v  -70.7400 146.5220 23.9499
v  -70.5760 146.5961 23.9518
v  -70.7370 146.5327 23.8015
v  -70.4555 146.6413 23.9467
v  -70.4792 146.6458 23.7916
v  -70.6250 146.5749 23.9541
v  -70.2917 146.7065 23.9163
v  -70.2930 146.7002 23.7869
v  -70.4555 145.8559 14.9703
v  -70.6250 145.7893 14.9746
v  -70.4792 145.8873 15.1223
v  -70.2917 145.9255 14.9889
v  -70.2930 145.9418 15.1175
v  -70.7400 145.7379 14.9879
v  -70.7370 145.7742 15.1322
v  -70.5760 145.8107 14.9731
v  -70.1158 146.7304 23.9389
v  -69.9354 146.7560 23.9382
v  -70.1041 146.7443 23.7830
v  -69.6735 146.7813 23.9356
v  -69.6944 146.7959 23.7785
v  -69.8559 146.7641 23.9383
v  -69.6735 145.9957 14.9569
v  -69.8559 145.9783 14.9573
v  -69.6944 146.0374 15.1091
v  -70.1158 145.9451 14.9625
v  -70.1041 145.9858 15.1136
v  -69.9354 145.9704 14.9588
v  -42.2775 136.7693 24.8115
v  -42.2948 136.5877 24.8286
v  -42.2492 136.7350 24.6587
v  -42.3283 136.3286 24.8489
v  -42.3010 136.3267 24.6944
v  -42.3028 136.5084 24.8347
v  -42.3501 136.1513 24.8398
v  -42.3452 136.1386 24.7109
v  -42.3283 135.5434 15.8726
v  -42.3028 135.7228 15.8553
v  -42.3010 135.5683 16.0251
v  -42.3501 135.3702 15.9123
v  -42.3452 135.3801 16.0415
v  -42.2774 135.9838 15.8329
v  -42.2492 135.9765 15.9893
v  -42.2948 135.8020 15.8476
v  -42.2774 144.0043 15.1312
v  -42.2948 144.1858 15.1141
v  -42.2492 144.0385 15.2840
v  -42.3283 144.4449 15.0938
v  -42.3010 144.4467 15.2483
v  -42.3028 144.2651 15.1080
v  -42.3501 144.6223 15.1029
v  -42.3452 144.6349 15.2318
v  -42.3283 145.2302 24.0701
v  -42.3028 145.0508 24.0874
v  -42.3010 145.2052 23.9177
v  -42.3501 145.4034 24.0304
v  -42.3452 145.3934 23.9012
v  -42.2774 144.7897 24.1099
v  -42.2492 144.7970 23.9534
v  -42.2948 144.9716 24.0951
v  -42.4179 135.9901 24.8785
v  -42.4846 135.8214 24.8949
v  -42.3999 135.9532 24.7271
v  -42.5369 135.7062 24.8961
v  -42.5134 135.6962 24.7496
v  -42.4632 135.8702 24.8902
v  -42.6189 135.5467 24.8924
v  -42.6157 135.5333 24.7639
v  -42.5369 134.9221 15.9342
v  -42.4632 135.0847 15.9115
v  -42.5134 134.9379 16.0802
v  -42.6189 134.7657 15.9655
v  -42.6157 134.7749 16.0944
v  -42.4179 135.2048 15.9022
v  -42.3999 135.1947 16.0578
v  -42.4846 135.0359 15.9154
v  -42.7357 135.4137 24.9217
v  -42.8605 135.2856 24.9414
v  -42.7296 135.3783 24.7774
v  -42.9165 135.2336 24.9374
v  -42.8936 135.2148 24.7917
v  -42.7872 135.3587 24.9350
v  -43.0515 135.1157 24.9301
v  -43.0494 135.1013 24.8016
v  -42.9165 134.4496 15.9755
v  -42.7872 134.5732 15.9563
v  -42.8936 134.4563 16.1223
v  -43.0515 134.3347 16.0033
v  -43.0494 134.3428 16.1323
v  -42.7357 134.6297 15.9598
v  -42.7296 134.6196 16.1081
v  -42.8605 134.5002 15.9626
v  -43.2101 135.0355 24.9548
v  -43.3740 134.9629 24.9696
v  -43.2130 134.9995 24.8105
v  -43.4945 134.9177 24.9724
v  -43.4709 134.8862 24.8204
v  -43.3250 134.9842 24.9681
v  -43.6583 134.8480 24.9539
v  -43.6570 134.8318 24.8252
v  -43.4945 134.1324 15.9960
v  -43.3250 134.1987 15.9886
v  -43.4709 134.1278 16.1511
v  -43.6583 134.0670 16.0264
v  -43.6570 134.0732 16.1558
v  -43.2101 134.2515 15.9929
v  -43.2130 134.2409 16.1412
v  -43.3740 134.1774 15.9909
v  -43.8343 134.8284 24.9802
v  -44.0146 134.8032 24.9839
v  -43.8459 134.7878 24.8291
v  -44.2765 134.7779 24.9858
v  -44.2557 134.7361 24.8336
v  -44.0942 134.7952 24.9854
v  -44.2765 133.9922 16.0071
v  -44.0942 134.0096 16.0044
v  -44.2557 133.9776 16.1642
v  -43.8343 134.0432 16.0038
v  -43.8459 134.0292 16.1597
v  -44.0146 134.0176 16.0045
v  -42.4179 144.7834 15.0642
v  -42.4846 144.9521 15.0478
v  -42.3999 144.8203 15.2156
v  -42.5369 145.0673 15.0466
v  -42.5134 145.0772 15.1931
v  -42.4632 144.9034 15.0525
v  -42.6189 145.2269 15.0503
v  -42.6157 145.2402 15.1789
v  -42.5369 145.8514 24.0085
v  -42.4632 145.6888 24.0312
v  -42.5134 145.8358 23.8625
v  -42.6189 146.0079 23.9772
v  -42.6157 145.9987 23.8483
v  -42.4179 145.5687 24.0405
v  -42.3999 145.5788 23.8850
v  -42.4846 145.7377 24.0273
v  -42.7357 145.3597 15.0210
v  -42.8605 145.4879 15.0013
v  -42.7296 145.3954 15.1653
v  -42.9165 145.5400 15.0053
v  -42.8936 145.5588 15.1510
v  -42.7872 145.4148 15.0077
v  -43.0515 145.6579 15.0126
v  -43.0494 145.6723 15.1411
v  -42.9165 146.3241 23.9672
v  -42.7872 146.2004 23.9864
v  -42.8936 146.3173 23.8204
v  -43.0515 146.4388 23.9394
v  -43.0494 146.4307 23.8105
v  -42.7357 146.1438 23.9829
v  -42.7296 146.1539 23.8347
v  -42.8605 146.2734 23.9801
v  -43.2101 145.7379 14.9879
v  -43.3740 145.8107 14.9731
v  -43.2130 145.7742 15.1322
v  -43.4945 145.8559 14.9703
v  -43.4709 145.8873 15.1223
v  -43.3250 145.7893 14.9746
v  -43.6583 145.9255 14.9889
v  -43.6570 145.9418 15.1175
v  -43.4945 146.6413 23.9467
v  -43.3250 146.5749 23.9541
v  -43.4709 146.6458 23.7916
v  -43.6583 146.7065 23.9163
v  -43.6570 146.7002 23.7869
v  -43.2101 146.5220 23.9499
v  -43.2130 146.5326 23.8015
v  -43.3740 146.5961 23.9518
v  -43.8343 145.9451 14.9625
v  -44.0146 145.9704 14.9588
v  -43.8459 145.9858 15.1136
v  -44.2765 145.9957 14.9569
v  -44.2557 146.0374 15.1091
v  -44.0942 145.9783 14.9573
v  -44.2765 146.7813 23.9356
v  -44.0942 146.7641 23.9383
v  -44.2557 146.7959 23.7785
v  -43.8343 146.7304 23.9389
v  -43.8459 146.7443 23.7830
v  -44.0146 146.7560 23.9382
v  -42.2579 449.4005 -2.3091
v  -42.2275 449.4045 -2.4652
v  -42.2550 449.5831 -2.3239
v  -42.2447 449.2218 -2.3186
v  -42.2363 449.2101 -2.4482
v  -42.3419 449.3712 -2.1799
v  -42.3382 449.5154 -2.1973
v  -42.3084 449.2348 -2.2111
v  -42.2579 448.6151 -11.2878
v  -42.2550 448.7975 -11.3049
v  -42.2275 448.6461 -11.1346
v  -42.3419 448.5636 -11.4098
v  -42.3382 448.7087 -11.4177
v  -42.2447 448.4409 -11.2473
v  -42.2363 448.4516 -11.1176
v  -42.3084 448.4348 -11.3554
v  -42.2579 455.9348 -11.9282
v  -42.2275 455.9309 -11.7720
v  -42.2550 455.7523 -11.9133
v  -42.2447 456.1134 -11.9186
v  -42.2363 456.1253 -11.7890
v  -42.3419 455.9642 -12.0573
v  -42.3382 455.8200 -12.0399
v  -42.3084 456.1006 -12.0261
v  -42.2579 456.7204 -2.9495
v  -42.2550 456.5381 -2.9324
v  -42.2275 456.6895 -3.1026
v  -42.3419 456.7717 -2.8274
v  -42.3382 456.6267 -2.8196
v  -42.2447 456.8947 -2.9898
v  -42.2363 456.8839 -3.1196
v  -42.3084 456.9005 -2.8818
v  -42.4477 448.4333 -11.4627
v  -42.5147 448.2798 -11.4637
v  -42.4975 448.5905 -11.4908
v  -42.3564 448.3031 -11.3870
v  -42.3687 448.1595 -11.3696
v  -42.5326 447.6802 -11.3967
v  -42.6347 447.5471 -11.4003
v  -42.5562 447.8438 -11.4263
v  -42.4785 447.5367 -11.3191
v  -42.5336 447.4046 -11.3036
v  -42.4116 447.7892 -11.3412
v  -42.3941 447.9317 -11.3497
v  -42.4090 447.6571 -11.2874
v  -42.7647 447.1274 -11.3349
v  -42.9118 447.0406 -11.3564
v  -42.7408 447.2922 -11.3784
v  -42.7685 446.9731 -11.2559
v  -42.8720 446.8778 -11.2575
v  -42.6169 447.1960 -11.2754
v  -42.5675 447.3258 -11.2967
v  -42.6682 447.0703 -11.2360
v  -43.1502 446.7433 -11.3013
v  -43.3182 446.7169 -11.3281
v  -43.0657 446.8873 -11.3430
v  -43.2134 446.6017 -11.2235
v  -43.3447 446.5516 -11.2290
v  -42.9896 446.7527 -11.2367
v  -42.8949 446.8549 -11.2555
v  -43.0849 446.6553 -11.1997
v  -43.7064 446.5108 -11.2944
v  -43.8718 446.5331 -11.3116
v  -43.5741 446.6112 -11.3185
v  -43.8101 446.3959 -11.2193
v  -43.9528 446.3788 -11.2139
v  -43.5565 446.4626 -11.2251
v  -43.4238 446.5179 -11.2260
v  -43.6738 446.3970 -11.1771
v  -44.4623 446.4263 -11.2871
v  -44.6214 446.4746 -11.3057
v  -44.3096 446.4919 -11.3072
v  -44.5877 446.3264 -11.2140
v  -44.7328 446.3232 -11.2090
v  -44.3260 446.3409 -11.2153
v  -44.1813 446.3536 -11.2117
v  -44.4546 446.2969 -11.1684
v  -69.4877 446.4263 -11.2871
v  -69.6404 446.4919 -11.3072
v  -69.3286 446.4746 -11.3057
v  -69.6240 446.3409 -11.2153
v  -69.7686 446.3536 -11.2117
v  -69.3623 446.3264 -11.2140
v  -69.2172 446.3232 -11.2090
v  -69.4954 446.2969 -11.1684
v  -70.2436 446.5108 -11.2944
v  -70.3759 446.6112 -11.3185
v  -70.0781 446.5331 -11.3116
v  -70.3934 446.4626 -11.2251
v  -70.5262 446.5179 -11.2260
v  -70.1399 446.3959 -11.2193
v  -69.9972 446.3788 -11.2139
v  -70.2762 446.3970 -11.1771
v  -70.7998 446.7433 -11.3013
v  -70.8843 446.8873 -11.3430
v  -70.6318 446.7170 -11.3281
v  -70.9605 446.7527 -11.2367
v  -71.0551 446.8549 -11.2555
v  -70.7366 446.6017 -11.2235
v  -70.6053 446.5516 -11.2290
v  -70.8651 446.6553 -11.1997
v  -71.1853 447.1273 -11.3349
v  -71.2091 447.2921 -11.3784
v  -71.0382 447.0406 -11.3564
v  -71.3331 447.1958 -11.2754
v  -71.3825 447.3258 -11.2967
v  -71.1815 446.9728 -11.2559
v  -71.0780 446.8778 -11.2575
v  -71.2818 447.0703 -11.2360
v  -71.4174 447.6802 -11.3967
v  -71.3938 447.8438 -11.4263
v  -71.3153 447.5471 -11.4003
v  -71.5384 447.7892 -11.3412
v  -71.5559 447.9317 -11.3498
v  -71.4715 447.5367 -11.3191
v  -71.4164 447.4046 -11.3036
v  -71.5410 447.6571 -11.2874
v  -71.5022 448.4333 -11.4627
v  -71.4525 448.5905 -11.4908
v  -71.4353 448.2798 -11.4637
v  -71.6081 448.5636 -11.4098
v  -71.6118 448.7087 -11.4177
v  -71.5936 448.3031 -11.3870
v  -71.5813 448.1593 -11.3697
v  -71.6416 448.4348 -11.3554
v  -71.5022 456.0836 -12.1320
v  -71.4352 456.2344 -12.1596
v  -71.4525 455.9236 -12.1324
v  -71.5936 456.2249 -12.0801
v  -71.5813 456.3694 -12.0879
v  -71.6081 455.9642 -12.0573
v  -71.6118 455.8200 -12.0399
v  -71.6415 456.1006 -12.0261
v  -71.4174 456.8366 -12.1978
v  -71.3153 456.9670 -12.2245
v  -71.3938 456.6704 -12.1986
v  -71.4715 456.9915 -12.1463
v  -71.4164 457.1241 -12.1540
v  -71.5384 456.7388 -12.1242
v  -71.5559 456.5971 -12.1079
v  -71.5410 456.8784 -12.0941
v  -71.1852 457.3916 -12.2329
v  -71.0382 457.4734 -12.2692
v  -71.2091 457.2218 -12.2471
v  -71.1815 457.5574 -12.1820
v  -71.0780 457.6509 -12.2000
v  -71.3331 457.3344 -12.1624
v  -71.3825 457.2029 -12.1609
v  -71.2818 457.4651 -12.1455
v  -70.7997 457.7758 -12.2665
v  -70.6317 457.7971 -12.2975
v  -70.8842 457.6268 -12.2826
v  -70.7366 457.9288 -12.2144
v  -70.6053 457.9771 -12.2286
v  -70.9604 457.7778 -12.2012
v  -71.0550 457.6738 -12.2021
v  -70.8651 457.8802 -12.1818
v  -70.2436 458.0058 -12.3001
v  -70.0781 457.9810 -12.3132
v  -70.3759 457.9028 -12.3064
v  -70.1398 458.1320 -12.2461
v  -69.9972 458.1497 -12.2437
v  -70.3934 458.0654 -12.2403
v  -70.5262 458.0108 -12.2316
v  -70.2762 458.1382 -12.2044
v  -69.4877 458.0903 -12.3076
v  -69.3285 458.0396 -12.3175
v  -69.6404 458.0224 -12.3160
v  -69.3623 458.2014 -12.2530
v  -69.2172 458.2055 -12.2486
v  -69.6239 458.1870 -12.2518
v  -69.7686 458.1751 -12.2459
v  -69.4954 458.2384 -12.2131
v  -44.4623 458.0905 -12.3077
v  -44.3096 458.0224 -12.3160
v  -44.6214 458.0396 -12.3175
v  -44.3260 458.1870 -12.2518
v  -44.1813 458.1751 -12.2459
v  -44.5876 458.2014 -12.2530
v  -44.7328 458.2055 -12.2486
v  -44.4546 458.2384 -12.2131
v  -43.7064 458.0058 -12.3001
v  -43.5741 457.9028 -12.3063
v  -43.8718 457.9810 -12.3132
v  -43.5566 458.0654 -12.2402
v  -43.4237 458.0110 -12.2316
v  -43.8101 458.1320 -12.2461
v  -43.9528 458.1497 -12.2437
v  -43.6738 458.1385 -12.2044
v  -43.1502 457.7758 -12.2665
v  -43.0657 457.6268 -12.2826
v  -43.3182 457.7971 -12.2975
v  -42.9896 457.7778 -12.2012
v  -42.8949 457.6738 -12.2021
v  -43.2134 457.9288 -12.2144
v  -43.3447 457.9771 -12.2286
v  -43.0849 457.8802 -12.1818
v  -42.7647 457.3918 -12.2329
v  -42.7408 457.2220 -12.2471
v  -42.9118 457.4734 -12.2692
v  -42.6169 457.3347 -12.1624
v  -42.5675 457.2029 -12.1609
v  -42.7685 457.5576 -12.1820
v  -42.8720 457.6509 -12.2000
v  -42.6682 457.4651 -12.1455
v  -42.5326 456.8366 -12.1978
v  -42.5562 456.6704 -12.1986
v  -42.6347 456.9670 -12.2245
v  -42.4116 456.7388 -12.1242
v  -42.3941 456.5971 -12.1079
v  -42.4785 456.9915 -12.1463
v  -42.5336 457.1241 -12.1540
v  -42.4090 456.8784 -12.0941
v  -42.4477 456.0836 -12.1320
v  -42.4975 455.9236 -12.1324
v  -42.5147 456.2344 -12.1596
v  -42.3564 456.2249 -12.0801
v  -42.3687 456.3694 -12.0879
v  -71.6920 448.6149 -11.2878
v  -71.7224 448.6461 -11.1346
v  -71.6950 448.7975 -11.3049
v  -71.7053 448.4407 -11.2474
v  -71.7137 448.4516 -11.1176
v  -71.6920 449.4005 -2.3091
v  -71.6950 449.5831 -2.3239
v  -71.7224 449.4045 -2.4652
v  -71.6081 449.3712 -2.1799
v  -71.6118 449.5154 -2.1974
v  -71.7053 449.2218 -2.3186
v  -71.7137 449.2101 -2.4482
v  -71.6416 449.2348 -2.2111
v  -71.6920 456.7204 -2.9495
v  -71.7224 456.6895 -3.1026
v  -71.6950 456.5381 -2.9324
v  -71.7053 456.8947 -2.9899
v  -71.7137 456.8839 -3.1196
v  -71.6081 456.7717 -2.8274
v  -71.6118 456.6267 -2.8196
v  -71.6415 456.9005 -2.8818
v  -71.6920 455.9348 -11.9282
v  -71.6950 455.7523 -11.9134
v  -71.7224 455.9309 -11.7720
v  -71.7053 456.1134 -11.9187
v  -71.7137 456.1253 -11.7890
v  -71.5022 449.2520 -2.1052
v  -71.4353 449.1010 -2.0776
v  -71.4525 449.4117 -2.1048
v  -71.5936 449.1107 -2.1571
v  -71.5813 448.9662 -2.1493
v  -71.4174 448.4988 -2.0394
v  -71.3153 448.3684 -2.0128
v  -71.3938 448.6650 -2.0387
v  -71.4715 448.3438 -2.0909
v  -71.4164 448.2113 -2.0833
v  -71.5384 448.5966 -2.1131
v  -71.5559 448.7383 -2.1294
v  -71.5410 448.4570 -2.1431
v  -71.1853 447.9438 -2.0043
v  -71.0382 447.8620 -1.9681
v  -71.2091 448.1136 -1.9901
v  -71.1815 447.7778 -2.0553
v  -71.0780 447.6845 -2.0372
v  -71.3331 448.0009 -2.0748
v  -71.3825 448.1325 -2.0764
v  -71.2818 447.8705 -2.0918
v  -70.7998 447.5595 -1.9707
v  -70.6318 447.5385 -1.9398
v  -70.8843 447.7087 -1.9547
v  -70.7366 447.4066 -2.0228
v  -70.6053 447.3582 -2.0086
v  -70.9605 447.5577 -2.0360
v  -71.0551 447.6617 -2.0352
v  -70.8651 447.4552 -2.0555
v  -70.2436 447.3295 -1.9371
v  -70.0782 447.3544 -1.9240
v  -70.3759 447.4326 -1.9309
v  -70.1399 447.2033 -1.9912
v  -69.9972 447.1856 -1.9935
v  -70.3934 447.2701 -1.9970
v  -70.5262 447.3246 -2.0057
v  -70.2762 447.1971 -2.0328
v  -69.4877 447.2451 -1.9297
v  -69.3286 447.2958 -1.9197
v  -69.6404 447.3130 -1.9212
v  -69.3623 447.1339 -1.9843
v  -69.2172 447.1299 -1.9887
v  -69.6240 447.1484 -1.9855
v  -69.7686 447.1603 -1.9913
v  -69.4954 447.0970 -2.0241
v  -63.9022 447.2628 -1.9304
v  -63.9003 447.4131 -1.9247
v  -64.0515 447.2625 -1.9115
v  -63.7745 447.2780 -2.0013
v  -63.7749 447.4055 -2.0128
v  -63.9235 447.1296 -1.9883
v  -64.0515 447.1299 -1.9887
v  -63.8131 447.1646 -2.0300
v  -63.9022 458.8915 -2.9478
v  -64.0514 458.8951 -2.9293
v  -63.9003 458.7445 -2.9161
v  -63.9235 459.0126 -3.0279
v  -64.0514 459.0123 -3.0282
v  -63.7745 458.8643 -3.0149
v  -63.7749 458.7368 -3.0042
v  -63.8131 458.9709 -3.0629
v  -69.4877 458.9091 -2.9501
v  -69.6404 458.8437 -2.9300
v  -69.3285 458.8609 -2.9315
v  -69.6239 458.9945 -3.0219
v  -69.7686 458.9818 -3.0256
v  -69.3624 459.0089 -3.0231
v  -69.2172 459.0123 -3.0282
v  -69.4954 459.0386 -3.0689
v  -70.2436 458.8246 -2.9428
v  -70.3759 458.7242 -2.9188
v  -70.0781 458.8024 -2.9256
v  -70.3934 458.8728 -3.0121
v  -70.5262 458.8175 -3.0112
v  -70.1399 458.9395 -3.0179
v  -69.9972 458.9565 -3.0234
v  -70.2762 458.9384 -3.0601
v  -70.7997 458.5923 -2.9360
v  -70.8843 458.4482 -2.8943
v  -70.6317 458.6184 -2.9092
v  -70.9604 458.5829 -3.0006
v  -71.0551 458.4805 -2.9817
v  -70.7366 458.7337 -3.0138
v  -70.6053 458.7838 -3.0082
v  -70.8651 458.6802 -3.0375
v  -71.1852 458.2081 -2.9024
v  -71.2091 458.0432 -2.8588
v  -71.0382 458.2948 -2.8809
v  -71.3331 458.1396 -2.9618
v  -71.3825 458.0096 -2.9405
v  -71.1815 458.3625 -2.9813
v  -71.0780 458.4576 -2.9797
v  -71.2818 458.2651 -3.0012
v  -71.4174 457.6552 -2.8405
v  -71.3938 457.4917 -2.8109
v  -71.3153 457.7883 -2.8369
v  -71.5384 457.5464 -2.8961
v  -71.5559 457.4037 -2.8875
v  -71.4715 457.7988 -2.9181
v  -71.4164 457.9308 -2.9336
v  -71.5410 457.6783 -2.9498
v  -71.5022 456.9021 -2.7745
v  -71.4525 456.7449 -2.7464
v  -71.4352 457.0555 -2.7736
v  -71.5936 457.0323 -2.8502
v  -71.5813 457.1761 -2.8676
v  -63.7052 447.2456 -2.1266
v  -63.6865 447.2307 -2.2751
v  -63.6865 447.3944 -2.1376
v  -63.7745 447.1166 -2.1367
v  -63.7749 447.1058 -2.2641
v  -63.6903 446.7670 -7.4958
v  -63.6342 446.9320 -7.4233
v  -63.6997 446.7747 -7.3367
v  -63.5892 446.7863 -7.5800
v  -63.5458 446.9211 -7.5482
v  -63.7783 446.6360 -7.6212
v  -63.7749 446.6497 -7.4768
v  -63.6603 446.6736 -7.6416
v  -63.6903 458.4132 -8.5147
v  -63.6997 458.4333 -8.3567
v  -63.6342 458.2633 -8.4147
v  -63.7783 458.5205 -8.6609
v  -63.7749 458.5320 -8.5164
v  -63.5892 458.3797 -8.5943
v  -63.5458 458.2523 -8.5396
v  -63.6603 458.4799 -8.6744
v  -63.7052 458.8743 -3.1439
v  -63.6865 458.7258 -3.1290
v  -63.6865 458.8633 -3.2928
v  -63.7745 458.9996 -3.1763
v  -63.7749 458.9883 -3.3037
v  -63.5070 446.7510 -7.6784
v  -63.3478 446.7440 -7.6872
v  -63.4204 446.9135 -7.6363
v  -63.6433 446.6241 -7.7556
v  -63.4984 446.6256 -7.7524
v  -50.4744 446.7510 -7.6784
v  -50.5609 446.9135 -7.6363
v  -50.6335 446.7440 -7.6871
v  -50.3921 446.7863 -7.5800
v  -50.4356 446.9211 -7.5482
v  -50.3381 446.6241 -7.7556
v  -50.4831 446.6256 -7.7524
v  -50.3210 446.6736 -7.6415
v  -50.4744 458.3972 -8.6974
v  -50.6335 458.4026 -8.7072
v  -50.5609 458.2446 -8.6276
v  -50.3380 458.5088 -8.7954
v  -50.4830 458.5079 -8.7919
v  -50.3921 458.3797 -8.5943
v  -50.4356 458.2523 -8.5396
v  -50.3210 458.4799 -8.6744
v  -63.5070 458.3973 -8.6974
v  -63.4204 458.2446 -8.6276
v  -63.3478 458.4026 -8.7072
v  -63.6433 458.5088 -8.7954
v  -63.4984 458.5079 -8.7919
v  -50.2911 446.7670 -7.4958
v  -50.2817 446.7747 -7.3367
v  -50.3472 446.9320 -7.4233
v  -50.2031 446.6360 -7.6212
v  -50.2065 446.6497 -7.4768
v  -50.2761 447.2456 -2.1266
v  -50.2949 447.3944 -2.1376
v  -50.2949 447.2307 -2.2751
v  -50.2068 447.2780 -2.0013
v  -50.2065 447.4055 -2.0127
v  -50.2068 447.1166 -2.1367
v  -50.2065 447.1058 -2.2641
v  -50.1683 447.1646 -2.0300
v  -50.2761 458.8743 -3.1439
v  -50.2949 458.8633 -3.2928
v  -50.2949 458.7258 -3.1290
v  -50.2068 458.9996 -3.1763
v  -50.2065 458.9883 -3.3037
v  -50.2068 458.8643 -3.0149
v  -50.2065 458.7368 -3.0041
v  -50.1683 458.9709 -3.0629
v  -50.2910 458.4133 -8.5147
v  -50.3472 458.2633 -8.4147
v  -50.2817 458.4333 -8.3567
v  -50.2031 458.5205 -8.6609
v  -50.2065 458.5320 -8.5164
v  -50.0792 447.2628 -1.9304
v  -49.9300 447.2625 -1.9115
v  -50.0811 447.4131 -1.9247
v  -50.0579 447.1296 -1.9883
v  -49.9300 447.1299 -1.9887
v  -44.4623 447.2451 -1.9296
v  -44.3096 447.3130 -1.9212
v  -44.6214 447.2958 -1.9197
v  -44.3261 447.1485 -1.9854
v  -44.1813 447.1603 -1.9913
v  -44.5876 447.1340 -1.9842
v  -44.7328 447.1299 -1.9887
v  -44.4546 447.0970 -2.0241
v  -43.7064 447.3295 -1.9371
v  -43.5741 447.4326 -1.9309
v  -43.8718 447.3544 -1.9240
v  -43.5565 447.2701 -1.9970
v  -43.4238 447.3246 -2.0057
v  -43.8101 447.2033 -1.9912
v  -43.9528 447.1856 -1.9935
v  -43.6738 447.1971 -2.0328
v  -43.1502 447.5595 -1.9707
v  -43.0657 447.7087 -1.9547
v  -43.3182 447.5385 -1.9398
v  -42.9896 447.5577 -2.0360
v  -42.8949 447.6617 -2.0352
v  -43.2134 447.4066 -2.0228
v  -43.3447 447.3582 -2.0086
v  -43.0849 447.4552 -2.0555
v  -42.7647 447.9438 -2.0043
v  -42.7408 448.1136 -1.9901
v  -42.9118 447.8620 -1.9681
v  -42.6169 448.0009 -2.0748
v  -42.5674 448.1325 -2.0764
v  -42.7685 447.7778 -2.0553
v  -42.8720 447.6845 -2.0372
v  -42.6682 447.8705 -2.0918
v  -42.5326 448.4989 -2.0394
v  -42.5562 448.6650 -2.0387
v  -42.6347 448.3684 -2.0128
v  -42.4116 448.5966 -2.1130
v  -42.3941 448.7383 -2.1294
v  -42.4785 448.3438 -2.0909
v  -42.5336 448.2113 -2.0833
v  -42.4090 448.4570 -2.1431
v  -42.4477 449.2518 -2.1052
v  -42.4975 449.4117 -2.1048
v  -42.5147 449.1010 -2.0776
v  -42.3564 449.1107 -2.1571
v  -42.3687 448.9662 -2.1493
v  -42.4477 456.9021 -2.7745
v  -42.5147 457.0555 -2.7736
v  -42.4975 456.7449 -2.7464
v  -42.3564 457.0323 -2.8502
v  -42.3687 457.1761 -2.8676
v  -42.5326 457.6552 -2.8405
v  -42.6347 457.7883 -2.8369
v  -42.5562 457.4917 -2.8109
v  -42.4785 457.7988 -2.9181
v  -42.5336 457.9308 -2.9336
v  -42.4116 457.5464 -2.8961
v  -42.3941 457.4037 -2.8875
v  -42.4090 457.6783 -2.9498
v  -42.7647 458.2080 -2.9024
v  -42.9118 458.2948 -2.8809
v  -42.7408 458.0432 -2.8588
v  -42.7685 458.3625 -2.9813
v  -42.8720 458.4576 -2.9797
v  -42.6169 458.1396 -2.9618
v  -42.5675 458.0096 -2.9405
v  -42.6682 458.2651 -3.0012
v  -43.1502 458.5923 -2.9360
v  -43.3182 458.6184 -2.9092
v  -43.0657 458.4482 -2.8943
v  -43.2134 458.7337 -3.0138
v  -43.3447 458.7838 -3.0082
v  -42.9896 458.5829 -3.0006
v  -42.8949 458.4805 -2.9817
v  -43.0849 458.6802 -3.0375
v  -43.7064 458.8246 -2.9428
v  -43.8718 458.8024 -2.9256
v  -43.5741 458.7242 -2.9188
v  -43.8101 458.9395 -3.0179
v  -43.9528 458.9565 -3.0234
v  -43.5566 458.8728 -3.0121
v  -43.4237 458.8175 -3.0112
v  -43.6738 458.9384 -3.0601
v  -44.4623 458.9091 -2.9501
v  -44.6214 458.8609 -2.9315
v  -44.3096 458.8437 -2.9300
v  -44.5876 459.0089 -3.0231
v  -44.7328 459.0123 -3.0282
v  -44.3260 458.9945 -3.0218
v  -44.1813 458.9818 -3.0256
v  -44.4546 459.0386 -3.0689
v  -50.0792 458.8915 -2.9478
v  -50.0811 458.7445 -2.9161
v  -49.9300 458.8951 -2.9293
v  -50.0579 459.0126 -3.0279
v  -49.9300 459.0123 -3.0282
v  -50.0792 447.0494 -2.1094
v  -50.0811 447.0177 -2.2564
v  -49.9300 447.0309 -2.1059
v  -50.1238 446.5613 -7.8297
v  -50.1706 446.5332 -7.9452
v  -50.0063 446.5475 -7.7816
v  -63.8575 446.5613 -7.8297
v  -63.9751 446.5475 -7.7816
v  -63.8108 446.5332 -7.9453
v  -63.9022 447.0494 -2.1094
v  -64.0515 447.0309 -2.1059
v  -63.9003 447.0177 -2.2564
v  -69.3219 447.0394 -2.1025
v  -69.3043 446.9955 -2.2545
v  -69.1387 447.0367 -2.1011
v  -69.4990 447.0240 -2.1263
v  -69.4994 447.0043 -2.2553
v  -69.3219 446.2538 -11.0812
v  -69.1387 446.2509 -11.0821
v  -69.3043 446.2370 -10.9239
v  -69.4990 446.2430 -11.0551
v  -69.4994 446.2458 -10.9246
v  -44.6281 446.2538 -11.0811
v  -44.6457 446.2370 -10.9239
v  -44.8113 446.2509 -11.0821
v  -44.4510 446.2430 -11.0551
v  -44.4506 446.2458 -10.9246
v  -44.6281 447.0394 -2.1025
v  -44.8113 447.0367 -2.1011
v  -44.6457 446.9955 -2.2545
v  -44.4510 447.0240 -2.1263
v  -44.4506 447.0043 -2.2553
v  -50.0792 459.0706 -3.1611
v  -49.9300 459.0894 -3.1608
v  -50.0811 459.0762 -3.3114
v  -44.6281 459.0816 -3.1560
v  -44.6457 459.0984 -3.3134
v  -44.8113 459.0847 -3.1552
v  -44.4510 459.0927 -3.1822
v  -44.4506 459.0896 -3.3126
v  -44.6281 458.2959 -12.1347
v  -44.8113 458.2988 -12.1361
v  -44.6457 458.3398 -11.9827
v  -44.4510 458.3114 -12.1109
v  -44.4506 458.3311 -11.9820
v  -69.3219 458.2961 -12.1347
v  -69.3043 458.3398 -11.9827
v  -69.1387 458.2988 -12.1361
v  -69.4990 458.3114 -12.1109
v  -69.4994 458.3311 -11.9820
v  -69.3219 459.0816 -3.1560
v  -69.1387 459.0847 -3.1552
v  -69.3043 459.0984 -3.3134
v  -69.4990 459.0927 -3.1822
v  -69.4994 459.0896 -3.3126
v  -63.9022 459.0706 -3.1611
v  -63.9003 459.0762 -3.3114
v  -64.0514 459.0894 -3.1608
v  -63.8575 458.5577 -8.8792
v  -63.8108 458.5654 -8.9980
v  -63.9751 458.5797 -8.8343
v  -50.1238 458.5577 -8.8792
v  -50.0063 458.5797 -8.8343
v  -50.1706 458.5654 -8.9979
v  -71.6726 448.2647 -11.2571
v  -71.6552 448.0829 -11.2424
v  -71.7009 448.2574 -11.1006
v  -71.6216 447.8242 -11.2174
v  -71.6490 447.8493 -11.0649
v  -71.6472 448.0038 -11.2347
v  -71.5999 447.6512 -11.1776
v  -71.6048 447.6611 -11.0485
v  -71.6216 448.6096 -2.2411
v  -71.6472 448.7893 -2.2552
v  -71.6490 448.6078 -2.3955
v  -71.5999 448.4321 -2.2502
v  -71.6048 448.4196 -2.3791
v  -71.6726 449.0502 -2.2784
v  -71.7009 449.0159 -2.4313
v  -71.6552 448.8687 -2.2614
v  -71.6726 457.0707 -2.9801
v  -71.6552 457.2525 -2.9949
v  -71.7009 457.0779 -3.1366
v  -71.6216 457.5111 -3.0198
v  -71.6490 457.4861 -3.1723
v  -71.6472 457.3316 -3.0026
v  -71.5998 457.6844 -3.0596
v  -71.6048 457.6743 -3.1888
v  -71.6216 456.7258 -11.9962
v  -71.6472 456.5461 -11.9820
v  -71.6490 456.7278 -11.8417
v  -71.5998 456.9032 -11.9871
v  -71.6048 456.9160 -11.8581
v  -71.6726 456.2852 -11.9588
v  -71.7009 456.3195 -11.8060
v  -71.6552 456.4669 -11.9758
v  -71.5321 447.4857 -11.1878
v  -71.4654 447.3168 -11.1746
v  -71.5501 447.4757 -11.0323
v  -71.4131 447.2030 -11.1558
v  -71.4366 447.2187 -11.0097
v  -71.4868 447.3656 -11.1784
v  -71.3311 447.0466 -11.1244
v  -71.3343 447.0558 -10.9955
v  -71.4131 447.9872 -2.1939
v  -71.4868 448.1512 -2.1998
v  -71.4366 447.9772 -2.3404
v  -71.3311 447.8276 -2.1976
v  -71.3343 447.8143 -2.3261
v  -71.5321 448.2711 -2.2114
v  -71.5502 448.2341 -2.3629
v  -71.4654 448.1024 -2.1951
v  -71.2144 446.9106 -11.1302
v  -71.0895 446.7809 -11.1273
v  -71.2204 446.9006 -10.9819
v  -71.0335 446.7304 -11.1144
v  -71.0564 446.7373 -10.9677
v  -71.1628 446.8542 -11.1337
v  -70.8985 446.6156 -11.0867
v  -70.9006 446.6237 -10.9577
v  -71.0335 447.5146 -2.1525
v  -71.1628 447.6396 -2.1550
v  -71.0564 447.4956 -2.2983
v  -70.8985 447.3966 -2.1599
v  -70.9006 447.3824 -2.2883
v  -71.2144 447.6947 -2.1682
v  -71.2204 447.6591 -2.3126
v  -71.0895 447.5667 -2.1486
v  -70.7399 446.5324 -11.0971
v  -70.5760 446.4583 -11.0991
v  -70.7370 446.5219 -10.9488
v  -70.4555 446.4132 -11.0940
v  -70.4791 446.4086 -10.9389
v  -70.6250 446.4796 -11.1013
v  -70.2917 446.3479 -11.0636
v  -70.2930 446.3542 -10.9341
v  -70.4555 447.1986 -2.1176
v  -70.6250 447.2652 -2.1219
v  -70.4791 447.1672 -2.2695
v  -70.2917 447.1289 -2.1361
v  -70.2930 447.1127 -2.2648
v  -70.7399 447.3165 -2.1352
v  -70.7371 447.2803 -2.2794
v  -70.5760 447.2438 -2.1204
v  -70.1157 446.3240 -11.0862
v  -69.9354 446.2984 -11.0855
v  -70.1041 446.3102 -10.9303
v  -69.6735 446.2733 -11.0828
v  -69.6943 446.2586 -10.9258
v  -69.8559 446.2904 -11.0855
v  -69.6735 447.0588 -2.1042
v  -69.8559 447.0761 -2.1046
v  -69.6943 447.0170 -2.2564
v  -70.1157 447.1093 -2.1098
v  -70.1041 447.0688 -2.2609
v  -69.9354 447.0841 -2.1060
v  -71.5320 457.8496 -3.0494
v  -71.4653 458.0186 -3.0627
v  -71.5501 457.8597 -3.2050
v  -71.4131 458.1324 -3.0814
v  -71.4366 458.1167 -3.2275
v  -71.4868 457.9698 -3.0588
v  -71.3311 458.2888 -3.1128
v  -71.3343 458.2798 -3.2417
v  -71.4131 457.3484 -12.0434
v  -71.4868 457.1842 -12.0375
v  -71.4366 457.3582 -11.8969
v  -71.3311 457.5078 -12.0397
v  -71.3343 457.5211 -11.9111
v  -71.5320 457.0645 -12.0258
v  -71.5501 457.1013 -11.8744
v  -71.4653 457.2330 -12.0421
v  -71.2144 458.4248 -3.1070
v  -71.0895 458.5544 -3.1099
v  -71.2204 458.4348 -3.2553
v  -71.0335 458.6051 -3.1228
v  -71.0563 458.5982 -3.2696
v  -71.1628 458.4814 -3.1035
v  -70.8985 458.7198 -3.1505
v  -70.9006 458.7116 -3.2795
v  -71.0335 457.8208 -12.0847
v  -71.1628 457.6958 -12.0822
v  -71.0563 457.8396 -11.9390
v  -70.8985 457.9388 -12.0773
v  -70.9006 457.9532 -11.9489
v  -71.2144 457.6407 -12.0690
v  -71.2204 457.6763 -11.9247
v  -71.0895 457.7688 -12.0886
v  -70.7399 458.8030 -3.1401
v  -70.5759 458.8771 -3.1382
v  -70.7370 458.8135 -3.2885
v  -70.4555 458.9222 -3.1433
v  -70.4791 458.9268 -3.2983
v  -70.6250 458.8558 -3.1359
v  -70.2917 458.9875 -3.1736
v  -70.2930 458.9812 -3.3031
v  -70.4555 458.1367 -12.1197
v  -70.6250 458.0701 -12.1154
v  -70.4791 458.1682 -11.9677
v  -70.2917 458.2065 -12.1011
v  -70.2930 458.2227 -11.9725
v  -70.7399 458.0190 -12.1021
v  -70.7370 458.0552 -11.9578
v  -70.5759 458.0916 -12.1169
v  -70.1157 459.0114 -3.1511
v  -69.9354 459.0370 -3.1518
v  -70.1041 459.0252 -3.3070
v  -69.6734 459.0623 -3.1543
v  -69.6943 459.0769 -3.3115
v  -69.8559 459.0450 -3.1517
v  -69.6734 458.2766 -12.1330
v  -69.8559 458.2592 -12.1327
v  -69.6943 458.3183 -11.9808
v  -70.1157 458.2260 -12.1274
v  -70.1041 458.2668 -11.9764
v  -69.9354 458.2513 -12.1312
v  -42.2774 449.0502 -2.2784
v  -42.2948 448.8687 -2.2614
v  -42.2491 449.0159 -2.4313
v  -42.3283 448.6096 -2.2411
v  -42.3010 448.6078 -2.3955
v  -42.3028 448.7893 -2.2552
v  -42.3501 448.4321 -2.2502
v  -42.3452 448.4196 -2.3791
v  -42.3283 447.8242 -11.2174
v  -42.3028 448.0038 -11.2347
v  -42.3010 447.8493 -11.0649
v  -42.3501 447.6512 -11.1776
v  -42.3452 447.6611 -11.0485
v  -42.2774 448.2647 -11.2571
v  -42.2491 448.2574 -11.1006
v  -42.2948 448.0830 -11.2424
v  -42.2774 456.2852 -11.9588
v  -42.2948 456.4669 -11.9758
v  -42.2491 456.3195 -11.8060
v  -42.3283 456.7258 -11.9962
v  -42.3010 456.7278 -11.8417
v  -42.3028 456.5461 -11.9820
v  -42.3501 456.9032 -11.9871
v  -42.3452 456.9160 -11.8581
v  -42.3283 457.5111 -3.0198
v  -42.3028 457.3316 -3.0026
v  -42.3010 457.4861 -3.1723
v  -42.3501 457.6844 -3.0596
v  -42.3452 457.6743 -3.1888
v  -42.2774 457.0707 -2.9801
v  -42.2491 457.0779 -3.1366
v  -42.2948 457.2525 -2.9949
v  -42.4179 448.2711 -2.2114
v  -42.4846 448.1024 -2.1951
v  -42.3998 448.2341 -2.3629
v  -42.5369 447.9872 -2.1939
v  -42.5134 447.9772 -2.3404
v  -42.4632 448.1512 -2.1998
v  -42.6188 447.8276 -2.1976
v  -42.6157 447.8143 -2.3261
v  -42.5369 447.2032 -11.1558
v  -42.4632 447.3658 -11.1784
v  -42.5134 447.2188 -11.0098
v  -42.6188 447.0466 -11.1244
v  -42.6157 447.0558 -10.9955
v  -42.4179 447.4857 -11.1878
v  -42.3998 447.4757 -11.0322
v  -42.4846 447.3168 -11.1745
v  -42.7356 447.6947 -2.1682
v  -42.8605 447.5667 -2.1486
v  -42.7296 447.6591 -2.3126
v  -42.9165 447.5146 -2.1525
v  -42.8937 447.4956 -2.2983
v  -42.7872 447.6396 -2.1550
v  -43.0515 447.3966 -2.1599
v  -43.0494 447.3824 -2.2883
v  -42.9165 446.7304 -11.1144
v  -42.7872 446.8542 -11.1337
v  -42.8936 446.7373 -10.9676
v  -43.0515 446.6156 -11.0867
v  -43.0494 446.6237 -10.9577
v  -42.7356 446.9107 -11.1302
v  -42.7296 446.9006 -10.9819
v  -42.8605 446.7810 -11.1273
v  -43.2101 447.3165 -2.1352
v  -43.3740 447.2438 -2.1204
v  -43.2130 447.2803 -2.2794
v  -43.4945 447.1986 -2.1176
v  -43.4709 447.1672 -2.2695
v  -43.3250 447.2652 -2.1219
v  -43.6583 447.1289 -2.1361
v  -43.6570 447.1127 -2.2648
v  -43.4945 446.4132 -11.0940
v  -43.3250 446.4796 -11.1013
v  -43.4709 446.4086 -10.9389
v  -43.6583 446.3479 -11.0636
v  -43.6570 446.3542 -10.9341
v  -43.2101 446.5324 -11.0971
v  -43.2130 446.5219 -10.9488
v  -43.3740 446.4583 -11.0991
v  -43.8342 447.1094 -2.1098
v  -44.0146 447.0841 -2.1060
v  -43.8459 447.0688 -2.2609
v  -44.2765 447.0588 -2.1042
v  -44.2557 447.0170 -2.2564
v  -44.0941 447.0761 -2.1046
v  -44.2765 446.2733 -11.0828
v  -44.0941 446.2904 -11.0855
v  -44.2557 446.2586 -10.9258
v  -43.8342 446.3240 -11.0861
v  -43.8459 446.3102 -10.9303
v  -44.0146 446.2984 -11.0855
v  -42.4179 457.0645 -12.0258
v  -42.4846 457.2330 -12.0421
v  -42.3998 457.1013 -11.8744
v  -42.5369 457.3484 -12.0434
v  -42.5134 457.3582 -11.8969
v  -42.4632 457.1842 -12.0375
v  -42.6188 457.5078 -12.0397
v  -42.6157 457.5212 -11.9111
v  -42.5369 458.1324 -3.0814
v  -42.4632 457.9698 -3.0588
v  -42.5134 458.1167 -3.2275
v  -42.6188 458.2888 -3.1128
v  -42.6157 458.2798 -3.2417
v  -42.4179 457.8496 -3.0494
v  -42.3998 457.8597 -3.2050
v  -42.4846 458.0186 -3.0627
v  -42.7356 457.6407 -12.0690
v  -42.8605 457.7688 -12.0886
v  -42.7296 457.6763 -11.9247
v  -42.9165 457.8210 -12.0847
v  -42.8936 457.8398 -11.9390
v  -42.7872 457.6958 -12.0822
v  -43.0515 457.9388 -12.0773
v  -43.0494 457.9532 -11.9489
v  -42.9165 458.6051 -3.1228
v  -42.7872 458.4814 -3.1035
v  -42.8937 458.5982 -3.2696
v  -43.0515 458.7198 -3.1505
v  -43.0494 458.7116 -3.2795
v  -42.7356 458.4248 -3.1070
v  -42.7296 458.4348 -3.2553
v  -42.8605 458.5544 -3.1099
v  -43.2101 458.0188 -12.1020
v  -43.3740 458.0916 -12.1169
v  -43.2130 458.0551 -11.9578
v  -43.4945 458.1367 -12.1196
v  -43.4709 458.1682 -11.9677
v  -43.3250 458.0703 -12.1153
v  -43.6583 458.2065 -12.1011
v  -43.6570 458.2227 -11.9725
v  -43.4945 458.9222 -3.1433
v  -43.3250 458.8558 -3.1359
v  -43.4709 458.9268 -3.2983
v  -43.6583 458.9875 -3.1736
v  -43.6570 458.9812 -3.3031
v  -43.2101 458.8029 -3.1401
v  -43.2130 458.8135 -3.2884
v  -43.3740 458.8771 -3.1382
v  -43.8342 458.2260 -12.1274
v  -44.0146 458.2513 -12.1312
v  -43.8459 458.2668 -11.9764
v  -44.2765 458.2766 -12.1330
v  -44.2557 458.3183 -11.9808
v  -44.0941 458.2592 -12.1327
v  -44.2765 459.0623 -3.1543
v  -44.0941 459.0450 -3.1517
v  -44.2557 459.0769 -3.3115
v  -43.8342 459.0114 -3.1511
v  -43.8459 459.0252 -3.3070
v  -44.0146 459.0370 -3.1518
v  -50.4359 472.4911 -9.6334
v  -50.4359 472.9079 -4.8682
v  -50.4359 54.4607 31.7412
v  -50.4359 54.0438 26.9760
v  -50.8270 53.6542 27.0101
v  -50.8270 54.0711 31.7753
v  -63.1372 54.0711 31.7753
v  -63.1372 53.6542 27.0101
v  -63.5283 54.0438 26.9760
v  -63.5283 54.4607 31.7412
v  -63.5284 472.9079 -4.8682
v  -63.5284 472.4911 -9.6334
v  -63.1372 54.4948 32.1309
v  -50.8270 54.4948 32.1309
v  -50.8269 472.9420 -4.4786
v  -63.1372 472.9420 -4.4786
v  -50.8269 472.4569 -10.0230
v  -50.8270 54.0097 26.5864
v  -63.1372 54.0097 26.5864
v  -63.1372 472.4569 -10.0230
v  -50.8269 499.2025 -7.1686
v  -50.8269 498.7856 -11.9339
v  -63.1372 498.7856 -11.9339
v  -63.1372 499.2025 -7.1686
v  -50.4359 498.8130 -7.1346
v  -50.4359 473.6871 -4.9363
v  -50.4359 473.2702 -9.7016
v  -50.4359 498.3959 -11.8998
v  -50.8269 498.3619 -12.2894
v  -50.8269 473.2361 -10.0912
v  -63.1372 473.2361 -10.0912
v  -63.1372 498.3619 -12.2894
v  -63.5284 498.3959 -11.8998
v  -63.5284 473.2702 -9.7016
v  -63.5284 473.6871 -4.9363
v  -63.5284 498.8130 -7.1346
v  -63.1372 498.8470 -6.7450
v  -63.1372 473.7213 -4.5468
v  -50.8269 473.7213 -4.5467
v  -50.8269 498.8470 -6.7450
v  -50.4638 473.1158 -4.7354
v  -50.4620 472.9211 -4.7176
v  -50.4359 473.1026 -4.8852
v  -50.5504 473.1268 -4.6097
v  -50.5504 472.9320 -4.5927
v  -50.4657 473.3106 -4.7532
v  -50.4359 473.2975 -4.9023
v  -50.5504 473.3215 -4.6267
v  -50.4808 54.3251 31.9029
v  -50.4620 54.3102 31.7544
v  -50.4620 54.4739 31.8918
v  -50.5501 54.1960 31.8928
v  -50.5505 54.1852 31.7653
v  -50.5501 54.3575 32.0282
v  -50.5505 54.4848 32.0167
v  -50.5886 54.2441 31.9994
v  -50.4808 53.8821 26.8404
v  -50.4620 54.0306 26.8254
v  -50.4620 53.8932 26.9892
v  -50.5501 53.8923 26.7113
v  -50.5505 54.0197 26.7006
v  -50.5501 53.7568 26.8728
v  -50.5505 53.7683 27.0001
v  -50.5886 53.7856 26.7594
v  -50.4638 472.6727 -9.8003
v  -50.4359 472.6859 -9.6504
v  -50.4620 472.4778 -9.7840
v  -50.4657 472.8676 -9.8166
v  -50.4359 472.8806 -9.6675
v  -50.5504 472.6617 -9.9259
v  -50.5504 472.4669 -9.9089
v  -50.5504 472.8565 -9.9430
v  -50.6777 54.1288 31.9201
v  -50.8270 54.1104 31.9236
v  -50.6758 54.0972 31.7730
v  -50.6991 54.2090 32.0412
v  -50.8270 54.2094 32.0409
v  -63.2865 54.1288 31.9201
v  -63.2884 54.0972 31.7730
v  -63.1372 54.1104 31.9236
v  -63.4142 54.1960 31.8928
v  -63.4138 54.1852 31.7653
v  -63.2652 54.2090 32.0412
v  -63.1372 54.2094 32.0408
v  -63.3756 54.2441 31.9994
v  -63.2865 53.6860 26.8575
v  -63.1372 53.6671 26.8573
v  -63.2884 53.6802 27.0078
v  -63.2652 53.7438 26.7243
v  -63.1372 53.7442 26.7246
v  -63.4142 53.7568 26.8728
v  -63.4138 53.7683 27.0001
v  -63.3756 53.7856 26.7594
v  -50.6777 53.6860 26.8575
v  -50.6758 53.6802 27.0078
v  -50.8270 53.6671 26.8573
v  -50.6991 53.7438 26.7243
v  -50.8270 53.7442 26.7246
v  -63.4835 54.3250 31.9029
v  -63.5022 54.4739 31.8918
v  -63.5022 54.3102 31.7544
v  -63.4142 54.3575 32.0282
v  -63.4138 54.4848 32.0167
v  -63.5004 473.1158 -4.7354
v  -63.5284 473.1026 -4.8852
v  -63.5021 472.9211 -4.7176
v  -63.4985 473.3106 -4.7532
v  -63.5284 473.2975 -4.9023
v  -63.4138 473.1268 -4.6097
v  -63.4138 472.9320 -4.5927
v  -63.4138 473.3215 -4.6267
v  -63.5004 472.6727 -9.8003
v  -63.5021 472.4778 -9.7840
v  -63.5284 472.6859 -9.6505
v  -63.4138 472.6617 -9.9259
v  -63.4138 472.4669 -9.9089
v  -63.4985 472.8676 -9.8166
v  -63.5284 472.8806 -9.6675
v  -63.4138 472.8565 -9.9430
v  -63.4835 53.8821 26.8404
v  -63.5022 53.8932 26.9892
v  -63.5022 54.0306 26.8254
v  -63.4142 53.8923 26.7113
v  -63.4138 54.0197 26.7005
v  -50.6777 54.3422 32.0991
v  -50.6758 54.4925 32.1048
v  -50.8270 54.3420 32.1179
v  -50.6765 473.1343 -4.5235
v  -50.8269 473.1368 -4.4956
v  -50.6758 472.9398 -4.5046
v  -50.6773 473.3289 -4.5423
v  -50.8269 473.3316 -4.5127
v  -63.2876 473.1343 -4.5235
v  -63.2884 472.9398 -4.5046
v  -63.1372 473.1368 -4.4956
v  -63.2869 473.3289 -4.5423
v  -63.1372 473.3316 -4.5127
v  -63.2865 54.3422 32.0991
v  -63.1372 54.3420 32.1179
v  -63.2884 54.4925 32.1048
v  -50.6777 53.8651 26.6442
v  -50.8270 53.8615 26.6257
v  -50.6758 54.0120 26.6125
v  -63.2865 53.8649 26.6442
v  -63.2884 54.0120 26.6125
v  -63.1372 53.8615 26.6257
v  -63.2876 472.6541 -10.0122
v  -63.1372 472.6517 -10.0400
v  -63.2884 472.4592 -9.9969
v  -63.2869 472.8492 -10.0274
v  -63.1372 472.8466 -10.0571
v  -50.6765 472.6541 -10.0122
v  -50.6758 472.4592 -9.9969
v  -50.8269 472.6517 -10.0400
v  -50.6773 472.8492 -10.0274
v  -50.8269 472.8466 -10.0571
v  -50.6777 498.7279 -12.0786
v  -50.8269 498.7463 -12.0822
v  -50.6758 498.7596 -11.9316
v  -50.6990 498.6477 -12.1997
v  -50.8269 498.6473 -12.1994
v  -50.5501 498.6606 -12.0513
v  -50.5504 498.6714 -11.9239
v  -50.5886 498.6126 -12.1580
v  -63.2865 498.7279 -12.0786
v  -63.2884 498.7596 -11.9316
v  -63.1372 498.7463 -12.0822
v  -63.4141 498.6606 -12.0513
v  -63.4138 498.6714 -11.9239
v  -63.2651 498.6477 -12.1997
v  -63.1372 498.6473 -12.1994
v  -63.3756 498.6126 -12.1580
v  -63.2865 499.1708 -7.0161
v  -63.1372 499.1896 -7.0158
v  -63.2884 499.1765 -7.1664
v  -63.2651 499.1127 -6.8828
v  -63.1372 499.1125 -6.8832
v  -63.4141 499.0999 -7.0313
v  -63.4138 499.0884 -7.1587
v  -63.3756 499.0711 -6.9179
v  -50.6777 499.1708 -7.0161
v  -50.6758 499.1765 -7.1664
v  -50.8269 499.1896 -7.0158
v  -50.5501 499.0999 -7.0313
v  -50.5504 499.0884 -7.1587
v  -50.6990 499.1127 -6.8828
v  -50.8269 499.1125 -6.8832
v  -50.5886 499.0711 -6.9179
v  -50.4638 473.5054 -4.7695
v  -50.4359 473.4923 -4.9193
v  -50.4620 473.7003 -4.7858
v  -50.5504 473.5164 -4.6438
v  -50.5504 473.7112 -4.6609
v  -50.4638 473.0624 -9.8344
v  -50.4620 473.2571 -9.8521
v  -50.4359 473.0754 -9.6845
v  -50.5504 473.0512 -9.9600
v  -50.5504 473.2462 -9.9771
v  -50.4808 498.5316 -12.0615
v  -50.4620 498.5466 -11.9129
v  -50.4620 498.3828 -12.0504
v  -50.5501 498.4993 -12.1868
v  -50.5504 498.3719 -12.1753
v  -50.4808 498.9745 -6.9989
v  -50.4620 498.8260 -6.9840
v  -50.4620 498.9634 -7.1478
v  -50.5501 498.9644 -6.8699
v  -50.5504 498.8370 -6.8591
v  -50.6765 473.0437 -10.0463
v  -50.8269 473.0414 -10.0741
v  -50.6758 473.2384 -10.0651
v  -63.2876 473.0437 -10.0463
v  -63.2884 473.2384 -10.0651
v  -63.1372 473.0414 -10.0741
v  -63.4138 473.0512 -9.9600
v  -63.4138 473.2462 -9.9771
v  -63.2865 498.5144 -12.2576
v  -63.1372 498.5148 -12.2765
v  -63.2884 498.3641 -12.2633
v  -63.4141 498.4993 -12.1868
v  -63.4138 498.3719 -12.1753
v  -50.6777 498.5144 -12.2576
v  -50.6758 498.3641 -12.2633
v  -50.8269 498.5148 -12.2765
v  -63.5004 473.0624 -9.8344
v  -63.5284 473.0754 -9.6845
v  -63.5021 473.2571 -9.8521
v  -63.5004 473.5054 -4.7695
v  -63.5021 473.7003 -4.7858
v  -63.5284 473.4923 -4.9193
v  -63.4138 473.5164 -4.6438
v  -63.4138 473.7112 -4.6609
v  -63.4834 498.9745 -6.9989
v  -63.5021 498.9634 -7.1478
v  -63.5021 498.8260 -6.9840
v  -63.4141 498.9644 -6.8699
v  -63.4138 498.8370 -6.8591
v  -63.4834 498.5316 -12.0615
v  -63.5021 498.3828 -12.0504
v  -63.5021 498.5466 -11.9129
v  -63.2876 473.5240 -4.5576
v  -63.1372 473.5264 -4.5297
v  -63.2884 473.7191 -4.5728
v  -50.6765 473.5240 -4.5576
v  -50.6758 473.7191 -4.5728
v  -50.8269 473.5264 -4.5297
v  -50.6777 498.9917 -6.8027
v  -50.8269 498.9952 -6.7842
v  -50.6758 498.8448 -6.7710
v  -63.2865 498.9917 -6.8027
v  -63.2884 498.8448 -6.7710
v  -63.1372 498.9952 -6.7842
v  -175.0658 457.0085 9.0709
v  -175.0658 456.5746 4.1110
v  -175.0658 137.9469 31.9873
v  -175.0658 138.3808 36.9473
v  -172.8886 139.5922 37.0583
v  -172.8886 455.8349 9.3907
v  -173.1759 456.1216 9.3717
v  -173.1758 139.3065 37.0895
v  -172.6395 139.8387 37.0183
v  -172.6395 455.5852 9.3940
v  -172.4288 140.0459 36.9693
v  -172.4288 455.3727 9.3817
v  -172.2564 140.2139 36.9114
v  -172.2564 455.1972 9.3539
v  -172.1223 140.3427 36.8446
v  -172.1223 455.0588 9.3105
v  -172.0265 140.4321 36.7689
v  -172.0266 454.9576 9.2515
v  -171.9691 140.4824 36.6843
v  -171.9691 454.8932 9.1769
v  -168.1787 144.2558 36.3237
v  -168.1787 451.1147 9.4770
v  -166.3755 146.0474 36.1137
v  -166.3755 449.3138 9.5813
v  -164.8128 147.5930 35.8497
v  -164.8128 447.7458 9.5897
v  -163.4905 148.8926 35.5317
v  -163.4905 446.4107 9.5022
v  -162.4086 149.9460 35.1598
v  -162.4086 445.3087 9.3189
v  -161.5672 150.7534 34.7339
v  -161.5672 444.4395 9.0396
v  -160.9661 151.3148 34.2539
v  -160.9661 443.8034 8.6645
v  -160.8281 151.4355 34.0495
v  -160.8281 443.6490 8.4842
v  -156.7880 155.3299 32.2082
v  -156.7880 439.4940 7.3471
v  -159.6609 442.4504 8.1753
v  -159.6609 152.5623 33.5373
v  -160.6716 151.5788 33.8940
v  -160.6716 443.4810 8.3558
v  -160.4250 151.8145 33.7567
v  -160.4250 443.2250 8.2616
v  -160.0880 152.1423 33.6378
v  -160.0880 442.8814 8.2014
v  -156.3601 155.7406 31.9941
v  -156.3601 439.0523 7.2075
v  -155.9982 156.0851 31.7780
v  -155.9982 438.6756 7.0545
v  -155.7019 156.3633 31.5598
v  -155.7019 438.3637 6.8880
v  -155.4716 156.5753 31.3397
v  -155.4716 438.1167 6.7079
v  -155.3070 156.7210 31.1175
v  -155.3070 437.9346 6.5145
v  -155.2083 156.8006 30.8933
v  -155.2083 437.8174 6.3075
v  -155.1754 156.8139 30.6671
v  -155.1754 437.7651 6.0871
v  53.1489 137.4516 37.0873
v  52.8871 137.4252 37.0898
v  52.8806 137.4043 37.0328
v  53.1448 137.4324 37.0303
v  53.1631 137.5082 37.1304
v  52.9125 137.4903 37.1334
v  53.1900 137.6191 37.1721
v  52.9647 137.6202 37.1717
v  53.3717 137.5369 37.0782
v  53.3670 137.5241 37.0223
v  53.3748 137.5723 37.1183
v  53.3595 137.6449 37.1652
v  53.5778 137.6909 37.0600
v  53.5738 137.6903 37.0077
v  53.5730 137.6984 37.0928
v  53.5341 137.7416 37.1393
v  -174.3539 137.4517 37.0872
v  -174.3498 137.4324 37.0302
v  -174.0855 137.4043 37.0327
v  -174.0921 137.4252 37.0897
v  -174.5767 137.5369 37.0782
v  -174.5720 137.5241 37.0222
v  -174.7828 137.6909 37.0599
v  -174.7787 137.6903 37.0077
v  -174.3681 137.5083 37.1303
v  -174.1175 137.4904 37.1333
v  -174.5797 137.5724 37.1182
v  -174.7780 137.6985 37.0927
v  -174.3949 137.6191 37.1719
v  -174.1697 137.6203 37.1716
v  -174.5645 137.6449 37.1650
v  -174.7391 137.7416 37.1392
v  -174.3539 137.0075 32.0109
v  -174.0921 136.9811 32.0130
v  -174.0855 136.9703 32.0728
v  -174.3498 136.9986 32.0703
v  -174.3681 137.0558 31.9586
v  -174.1175 137.0378 31.9587
v  -174.3949 137.1577 31.8983
v  -174.1697 137.1590 31.8985
v  -174.5766 137.0931 32.0050
v  -174.5720 137.0902 32.0623
v  -174.5797 137.1211 31.9594
v  -174.5645 137.1844 31.9007
v  -174.7828 137.2479 31.9962
v  -174.7787 137.2564 32.0478
v  -174.7780 137.2497 31.9626
v  -174.7391 137.2841 31.9093
v  53.1489 137.0075 32.0110
v  53.1448 136.9986 32.0704
v  52.8806 136.9703 32.0729
v  52.8871 136.9811 32.0131
v  53.3717 137.0930 32.0051
v  53.3670 137.0901 32.0624
v  53.5778 137.2478 31.9963
v  53.5738 137.2564 32.0478
v  53.1631 137.0558 31.9587
v  52.9125 137.0376 31.9588
v  53.3748 137.1211 31.9595
v  53.5730 137.2497 31.9627
v  53.1900 137.1577 31.8984
v  52.9647 137.1590 31.8986
v  53.3595 137.1843 31.9008
v  53.5341 137.2840 31.9094
v  -175.0234 138.1186 37.0289
v  -175.0499 138.3794 37.0063
v  -175.0376 138.1177 36.9703
v  -174.9708 138.1087 37.0778
v  -174.9889 138.3584 37.0574
v  -174.8640 138.0864 37.1310
v  -174.8628 138.3107 37.1112
v  -174.9377 137.8966 37.0466
v  -174.9456 137.8963 36.9896
v  -174.9059 137.8973 37.0898
v  -174.8376 137.9171 37.1412
v  -175.0235 457.2809 9.1058
v  -175.0376 457.2717 9.0479
v  -175.0499 457.0204 9.1288
v  -174.9377 457.5027 9.0847
v  -174.9457 457.4931 9.0285
v  -174.7828 457.7076 9.0621
v  -174.7787 457.6992 9.0105
v  -174.9708 457.2993 9.1522
v  -174.9889 457.0497 9.1755
v  -174.9059 457.5096 9.1273
v  -174.7780 457.7058 9.0957
v  -174.8640 457.3305 9.2008
v  -174.8629 457.1060 9.2202
v  -174.8377 457.4991 9.1815
v  -174.7391 457.6714 9.1490
v  -175.0235 456.8369 4.0294
v  -175.0499 456.5760 4.0520
v  -175.0376 456.8377 4.0880
v  -174.9708 456.8468 3.9805
v  -174.9889 456.5970 4.0009
v  -174.8640 456.8690 3.9272
v  -174.8629 456.6447 3.9471
v  -174.9377 457.0589 4.0116
v  -174.9457 457.0591 4.0687
v  -174.9059 457.0583 3.9685
v  -174.8377 457.0385 3.9170
v  -174.7828 457.2646 3.9983
v  -174.7787 457.2651 4.0506
v  -174.7780 457.2570 3.9656
v  -174.7391 457.2137 3.9191
v  -175.0234 137.6746 31.9525
v  -175.0376 137.6837 32.0104
v  -175.0499 137.9352 31.9295
v  -174.9377 137.4529 31.9735
v  -174.9456 137.4624 32.0298
v  -174.9708 137.6563 31.9061
v  -174.9889 137.9057 31.8828
v  -174.9059 137.4460 31.9309
v  -174.8640 137.6250 31.8574
v  -174.8628 137.8494 31.8380
v  -174.8376 137.4566 31.8768
v  -174.3539 457.9479 9.0474
v  -174.0922 457.9743 9.0453
v  -174.0856 457.9851 8.9855
v  -174.3498 457.9570 8.9880
v  -174.3681 457.8997 9.0997
v  -174.1175 457.9179 9.0995
v  -174.3950 457.7977 9.1599
v  -174.1697 457.7966 9.1598
v  -174.5767 457.8623 9.0533
v  -174.5720 457.8654 8.9960
v  -174.5797 457.8344 9.0989
v  -174.5645 457.7711 9.1576
v  -174.3539 457.5038 3.9711
v  -174.3498 457.5229 4.0281
v  -174.0856 457.5511 4.0256
v  -174.0922 457.5302 3.9685
v  -174.5767 457.4186 3.9801
v  -174.5720 457.4315 4.0361
v  -174.3681 457.4471 3.9280
v  -174.1175 457.4651 3.9250
v  -174.5797 457.3831 3.9401
v  -174.3950 457.3365 3.8863
v  -174.1697 457.3352 3.8867
v  -174.5645 457.3105 3.8932
v  53.8185 138.1185 37.0290
v  53.8326 138.1177 36.9704
v  53.8609 138.3808 36.9474
v  53.8449 138.3794 37.0063
v  53.7328 137.8966 37.0467
v  53.7407 137.8963 36.9897
v  53.7658 138.1086 37.0778
v  53.7839 138.3584 37.0575
v  53.7009 137.8973 37.0899
v  53.6591 138.0863 37.1312
v  53.6579 138.3107 37.1114
v  53.6327 137.9170 37.1414
v  53.8185 137.6745 31.9526
v  53.8449 137.9352 31.9296
v  53.8609 137.9468 31.9874
v  53.8326 137.6837 32.0105
v  53.7658 137.6563 31.9062
v  53.7839 137.9057 31.8829
v  53.6591 137.6249 31.8576
v  53.6579 137.8494 31.8381
v  53.7328 137.4527 31.9736
v  53.7407 137.4624 32.0298
v  53.7009 137.4460 31.9311
v  53.6327 137.4565 31.8769
v  -174.3727 457.3139 9.2675
v  -174.5923 457.2229 9.2714
v  -174.5922 138.2044 37.1819
v  -174.3727 138.1142 37.1938
v  -174.7215 457.1680 9.2577
v  -174.7214 138.2562 37.1590
v  -155.8686 438.4075 5.4772
v  -155.6887 438.2290 5.5005
v  -155.6887 156.2551 30.1700
v  -155.8686 156.0752 30.1781
v  -155.5224 438.0652 5.5370
v  -155.5224 156.4227 30.1775
v  -155.3784 437.9250 5.5848
v  -155.3784 156.5692 30.2003
v  -174.5213 457.4612 9.2458
v  -174.6955 457.4063 9.2323
v  -174.4677 457.6331 9.2125
v  -174.2818 457.5323 9.2444
v  -174.2282 457.6593 9.2148
v  -174.6560 457.5925 9.2009
v  -174.5212 137.9654 37.1981
v  -174.2817 137.8952 37.2090
v  -174.4677 137.7904 37.1951
v  -174.2282 137.7648 37.2019
v  -174.6954 138.0172 37.1753
v  -174.6560 137.8284 37.1767
v  53.1677 138.1141 37.1939
v  53.3163 137.9654 37.1982
v  53.3873 138.2044 37.1820
v  53.4905 138.0172 37.1754
v  53.5165 138.2562 37.1591
v  53.2628 137.7903 37.1952
v  53.0768 137.8951 37.2091
v  53.0233 137.7648 37.2021
v  53.4510 137.8284 37.1768
v  -174.3727 137.6415 31.7908
v  -174.5213 137.4943 31.8124
v  -174.5922 137.7325 31.7868
v  -174.6954 137.5492 31.8260
v  -174.7214 137.7874 31.8005
v  -174.4677 137.3223 31.8458
v  -174.2818 137.4232 31.8139
v  -174.2282 137.2960 31.8435
v  -174.6560 137.3630 31.8574
v  -174.3727 456.8412 3.8645
v  -174.5213 456.9901 3.8601
v  -174.2817 457.0602 3.8492
v  -174.4677 457.1651 3.8632
v  -174.2282 457.1906 3.8563
v  -174.6955 456.9384 3.8830
v  -174.5923 456.7510 3.8763
v  -174.7215 456.6993 3.8993
v  -174.6560 457.1270 3.8816
v  53.1677 137.6415 31.7909
v  53.3163 137.4942 31.8125
v  53.0767 137.4231 31.8140
v  53.2628 137.3223 31.8459
v  53.0233 137.2960 31.8436
v  53.4905 137.5492 31.8260
v  53.3873 137.7324 31.7870
v  53.5164 137.7873 31.8006
v  53.4510 137.3629 31.8574
v  53.1448 457.5229 4.0281
v  53.1448 457.9570 8.9881
v  -155.1754 156.7852 30.3392
v  -155.1754 437.7363 5.7592
v  51.9709 139.3065 37.0896
v  51.9709 456.1216 9.3719
v  51.6836 455.8349 9.3907
v  51.6836 139.5922 37.0584
v  51.4345 139.8386 37.0184
v  51.4346 455.5852 9.3941
v  51.2238 140.0459 36.9694
v  51.2238 455.3727 9.3818
v  51.0514 140.2139 36.9115
v  51.0515 455.1972 9.3540
v  50.9174 140.3426 36.8447
v  50.9174 455.0588 9.3106
v  50.8216 140.4321 36.7690
v  50.8216 454.9576 9.2516
v  50.7641 140.4824 36.6844
v  50.7641 454.8932 9.1771
v  46.9737 144.2558 36.3237
v  46.9737 451.1147 9.4771
v  45.1705 146.0474 36.1137
v  45.1706 449.3138 9.5814
v  43.6078 147.5930 35.8498
v  43.6078 447.7458 9.5898
v  42.2855 148.8925 35.5318
v  42.2855 446.4107 9.5023
v  41.2037 149.9460 35.1598
v  41.2037 445.3087 9.3189
v  40.3622 150.7534 34.7339
v  40.3622 444.4395 9.0397
v  39.7611 151.3148 34.2540
v  39.7611 443.8034 8.6646
v  39.6231 151.4355 34.0496
v  39.6231 443.6490 8.4842
v  35.5831 155.3299 32.2083
v  38.4559 152.5623 33.5373
v  38.4559 442.4504 8.1754
v  35.5831 439.4940 7.3472
v  39.4667 151.5789 33.8940
v  39.4667 443.4810 8.3559
v  39.2200 151.8144 33.7568
v  39.2200 443.2250 8.2617
v  38.8831 152.1423 33.6379
v  38.8831 442.8814 8.2015
v  35.1552 155.7407 31.9941
v  35.1552 439.0523 7.2076
v  34.7932 156.0851 31.7780
v  34.7932 438.6756 7.0546
v  34.4970 156.3634 31.5599
v  34.4970 438.3637 6.8880
v  34.2666 156.5753 31.3397
v  34.2666 438.1167 6.7080
v  34.1020 156.7211 31.1175
v  34.1020 437.9346 6.5146
v  34.0034 156.8006 30.8934
v  34.0034 437.8174 6.3076
v  33.9704 156.8139 30.6672
v  33.9704 437.7651 6.0872
v  53.1490 457.5038 3.9712
v  53.1632 457.4472 3.9281
v  53.1900 457.3365 3.8864
v  53.3163 457.4612 9.2460
v  53.1678 457.3139 9.2675
v  53.2628 457.6331 9.2126
v  53.1900 457.7977 9.1600
v  34.6636 156.0752 30.1782
v  34.4837 156.2551 30.1701
v  34.4837 438.2290 5.5005
v  34.6636 438.4075 5.4773
v  34.3174 156.4227 30.1776
v  34.3174 438.0652 5.5370
v  34.1735 156.5692 30.2003
v  34.1735 437.9250 5.5849
v  -155.1991 156.7565 30.2838
v  -155.1991 437.7549 5.6996
v  -155.2680 156.6832 30.2367
v  -155.2680 437.8190 5.6405
v  33.9704 437.7363 5.7592
v  33.9704 156.7852 30.3393
v  53.1490 457.9479 9.0475
v  53.1632 457.8997 9.0998
v  53.1678 456.8412 3.8646
v  53.3164 456.9901 3.8602
v  53.2628 457.1651 3.8632
v  33.9941 437.7549 5.6997
v  33.9942 156.7565 30.2839
v  34.0630 437.8190 5.6405
v  34.0630 156.6832 30.2367
v  -74.2982 459.4865 -2.5398
v  -74.2982 461.0729 15.5948
v  -39.7872 461.0729 15.5948
v  -39.7872 459.4865 -2.5398
v  -44.0105 446.3714 -1.7849
v  -70.0748 446.3714 -1.7850
v  -74.2982 450.5787 -2.1531
v  -39.7872 459.0627 -2.8953
v  -74.2982 459.0627 -2.8953
v  -39.7872 450.5787 -2.1531
v  -69.8457 446.4328 3.4039
v  -69.8457 446.0158 -1.3613
v  -44.2396 446.0159 -1.3613
v  -44.2397 446.4328 3.4039
v  -44.0106 446.8565 3.7594
v  -39.7872 451.0638 3.3914
v  -39.7872 457.2892 2.8467
v  -74.2982 457.2890 2.8467
v  -74.2982 451.0638 3.3914
v  -70.0748 446.8565 3.7594
v  -74.2982 458.6201 13.5733
v  -74.2982 457.7128 3.2022
v  -39.7872 457.7128 3.2022
v  -39.7872 458.6201 13.5733
v  -74.2982 455.9721 14.1976
v  -74.2982 458.2646 13.9970
v  -39.7872 458.2646 13.9970
v  -39.7872 455.9721 14.1976
v  -74.2982 455.7426 16.0611
v  -74.2982 455.6166 14.6212
v  -39.7872 455.6166 14.6212
v  -39.7872 455.7426 16.0611
v  -74.2982 460.7175 16.0185
v  -74.2982 456.1662 16.4167
v  -39.7872 456.1662 16.4166
v  -39.7872 460.7175 16.0185
v  -142.2995 459.0967 -2.5057
v  -142.2995 450.8409 -1.7834
v  -142.2995 451.2578 2.9817
v  -142.2995 458.0341 2.3889
v  -142.2995 459.0779 14.3184
v  -142.2995 456.0061 14.5872
v  -142.2995 456.1321 16.0270
v  -142.2995 460.6833 15.6288
v  28.2141 458.0343 2.3889
v  28.2141 451.2579 2.9817
v  28.2141 450.8412 -1.7835
v  28.2141 459.0970 -2.5058
v  28.2141 456.1322 16.0270
v  28.2141 456.0063 14.5871
v  28.2141 459.0779 14.3184
v  28.2141 460.6835 15.6288
v  -74.4127 450.1759 -1.7252
v  -70.5133 446.2914 -1.3854
v  -70.5134 446.7083 3.3798
v  -74.4128 450.5930 3.0399
v  -39.6727 450.5928 3.0399
v  -43.5720 446.7083 3.3798
v  -43.5720 446.2915 -1.3854
v  -39.6726 450.1759 -1.7252
v  -141.9084 461.0729 15.5947
v  -75.0804 461.0729 15.5948
v  -75.0804 459.4865 -2.5398
v  -141.9084 459.4865 -2.5398
v  -141.9084 459.0627 -2.8953
v  -75.0804 459.0627 -2.8953
v  -75.0804 450.8069 -2.1730
v  -141.9084 450.8069 -2.1730
v  -141.9084 450.4514 -1.7493
v  -75.0804 450.4514 -1.7493
v  -75.0804 450.8683 3.0158
v  -141.9085 450.8683 3.0158
v  -141.9085 451.2919 3.3714
v  -75.0804 451.2921 3.3714
v  -75.0804 457.2890 2.8467
v  -141.9084 457.2890 2.8467
v  -141.9085 457.7128 3.2022
v  -75.0804 457.7128 3.2022
v  -75.0804 458.6201 13.5733
v  -141.9084 458.6201 13.5733
v  -141.9084 458.2646 13.9970
v  -75.0804 458.2646 13.9970
v  -75.0804 455.9721 14.1976
v  -141.9084 455.9720 14.1976
v  -141.9084 455.6165 14.6212
v  -75.0804 455.6166 14.6212
v  -75.0804 455.7426 16.0611
v  -141.9084 455.7426 16.0611
v  -141.9084 456.1662 16.4166
v  -75.0804 456.1662 16.4167
v  -75.0804 460.7175 16.0185
v  -141.9084 460.7174 16.0184
v  27.8230 459.4865 -2.5398
v  -39.0050 459.4865 -2.5398
v  -39.0050 461.0729 15.5948
v  27.8230 461.0730 15.5947
v  27.8230 460.7175 16.0184
v  -39.0050 460.7175 16.0185
v  -39.0050 456.1662 16.4166
v  27.8230 456.1664 16.4166
v  27.8230 455.7426 16.0611
v  -39.0050 455.7426 16.0611
v  -39.0050 455.6166 14.6212
v  27.8230 455.6166 14.6212
v  27.8230 455.9722 14.1975
v  -39.0050 455.9721 14.1976
v  -39.0050 458.2646 13.9970
v  27.8230 458.2647 13.9969
v  27.8230 458.6202 13.5733
v  -39.0050 458.6201 13.5733
v  -39.0050 457.7128 3.2022
v  27.8230 457.7130 3.2022
v  27.8231 457.2892 2.8467
v  -39.0049 457.2892 2.8467
v  -39.0050 451.2921 3.3714
v  27.8230 451.2921 3.3713
v  27.8230 450.8683 3.0158
v  -39.0050 450.8683 3.0158
v  -39.0050 450.4514 -1.7493
v  27.8230 450.4514 -1.7494
v  27.8230 450.8070 -2.1731
v  -39.0050 450.8069 -2.1730
v  -39.0050 459.0627 -2.8953
v  27.8230 459.0628 -2.8954
v  -74.4937 461.0583 15.7470
v  -74.2982 461.0602 15.7476
v  -74.4937 461.0729 15.5948
v  -74.4937 460.9830 15.8802
v  -74.2982 460.9830 15.8802
v  -74.6893 461.0565 15.7464
v  -74.6893 461.0729 15.5948
v  -74.6893 460.9830 15.8802
v  -39.5916 461.0583 15.7470
v  -39.5916 461.0729 15.5948
v  -39.7872 461.0602 15.7476
v  -39.3961 461.0565 15.7465
v  -39.3961 461.0729 15.5948
v  -39.5916 460.9830 15.8802
v  -39.7872 460.9830 15.8802
v  -39.3961 460.9830 15.8802
v  -39.5916 459.4456 -2.6872
v  -39.7872 459.4471 -2.6881
v  -39.5916 459.4865 -2.5398
v  -39.5916 459.3482 -2.8053
v  -39.7872 459.3482 -2.8053
v  -39.3961 459.4438 -2.6863
v  -39.3961 459.4865 -2.5398
v  -39.3961 459.3482 -2.8053
v  -74.4937 459.4454 -2.6872
v  -74.4937 459.4865 -2.5398
v  -74.2982 459.4471 -2.6881
v  -74.6892 459.4438 -2.6863
v  -74.6892 459.4865 -2.5398
v  -74.4937 459.3482 -2.8053
v  -74.2982 459.3482 -2.8053
v  -74.6892 459.3482 -2.8053
v  -74.4937 459.2151 -2.8806
v  -74.2982 459.2156 -2.8824
v  -74.4937 459.0627 -2.8953
v  -74.6892 459.2144 -2.8787
v  -74.6892 459.0627 -2.8953
v  -39.5916 459.2151 -2.8806
v  -39.5916 459.0627 -2.8953
v  -39.7872 459.2156 -2.8824
v  -39.3961 459.2144 -2.8787
v  -39.3961 459.0627 -2.8953
v  -39.5867 450.5237 -2.1198
v  -39.7551 450.4150 -2.1101
v  -39.6028 450.6781 -2.1617
v  -39.5580 450.3979 -2.0222
v  -39.7062 450.2798 -2.0119
v  -39.3919 450.5896 -2.1258
v  -39.3961 450.7401 -2.1672
v  -39.3793 450.4677 -2.0284
v  -43.9441 446.2156 -1.7253
v  -44.1058 446.2339 -1.7443
v  -43.8437 446.3419 -1.7538
v  -44.0334 446.1050 -1.6485
v  -44.1726 446.1060 -1.6467
v  -43.7983 446.2021 -1.6570
v  -43.7004 446.3008 -1.6638
v  -43.9026 446.1250 -1.6101
v  -70.1412 446.2156 -1.7253
v  -70.2416 446.3419 -1.7538
v  -69.9795 446.2339 -1.7443
v  -70.2870 446.2021 -1.6570
v  -70.3849 446.3006 -1.6638
v  -70.0520 446.1049 -1.6485
v  -69.9128 446.1060 -1.6467
v  -70.1828 446.1250 -1.6101
v  -74.4987 450.5237 -2.1198
v  -74.4826 450.6780 -2.1617
v  -74.3302 450.4150 -2.1101
v  -74.6934 450.5896 -2.1258
v  -74.6893 450.7401 -2.1672
v  -74.5274 450.3979 -2.0222
v  -74.3792 450.2798 -2.0119
v  -74.7060 450.4677 -2.0284
v  -70.0367 446.0443 -1.5155
v  -69.8624 446.0310 -1.5167
v  -70.0278 446.0396 -1.3633
v  -70.2035 446.0848 -1.4956
v  -70.2032 446.0966 -1.3684
v  -44.0486 446.0443 -1.5155
v  -44.0575 446.0396 -1.3633
v  -44.2229 446.0310 -1.5167
v  -43.8818 446.0848 -1.4956
v  -43.8821 446.0966 -1.3683
v  -44.0486 446.4875 3.5508
v  -44.2230 446.4746 3.5544
v  -44.0576 446.4563 3.4019
v  -44.0334 446.5706 3.6713
v  -44.1726 446.5711 3.6694
v  -43.8819 446.5240 3.5243
v  -43.8821 446.5136 3.3969
v  -43.9026 446.5836 3.6300
v  -70.0367 446.4875 3.5508
v  -70.0278 446.4563 3.4018
v  -69.8624 446.4746 3.5544
v  -70.2036 446.5240 3.5243
v  -70.2033 446.5136 3.3969
v  -70.0520 446.5706 3.6713
v  -69.9128 446.5711 3.6694
v  -70.1828 446.5836 3.6300
v  -70.1413 446.6928 3.7278
v  -69.9795 446.7141 3.7433
v  -70.2416 446.8221 3.7338
v  -70.2870 446.6675 3.6628
v  -70.3849 446.7659 3.6524
v  -43.9442 446.6928 3.7278
v  -43.8438 446.8221 3.7338
v  -44.1058 446.7141 3.7433
v  -43.7984 446.6675 3.6628
v  -43.7005 446.7659 3.6524
v  -39.5867 451.0039 3.3682
v  -39.6028 451.1632 3.3826
v  -39.7551 450.8952 3.3774
v  -39.3920 451.0697 3.3626
v  -39.3961 451.2253 3.3772
v  -39.5580 450.8629 3.2939
v  -39.7062 450.7449 3.3043
v  -39.3793 450.9328 3.2878
v  -39.5916 457.4414 2.8615
v  -39.7872 457.4420 2.8596
v  -39.5916 457.2892 2.8467
v  -39.5916 457.5746 2.9367
v  -39.7872 457.5746 2.9367
v  -39.3961 457.4409 2.8633
v  -39.3961 457.2892 2.8467
v  -39.3961 457.5746 2.9367
v  -74.4937 457.4413 2.8615
v  -74.4937 457.2890 2.8467
v  -74.2982 457.4420 2.8596
v  -74.6892 457.4409 2.8633
v  -74.6892 457.2890 2.8467
v  -74.4937 457.5746 2.9367
v  -74.2982 457.5746 2.9367
v  -74.6893 457.5746 2.9367
v  -74.4987 451.0039 3.3682
v  -74.3303 450.8952 3.3774
v  -74.4826 451.1632 3.3826
v  -74.5274 450.8629 3.2939
v  -74.3792 450.7449 3.3043
v  -74.6934 451.0697 3.3626
v  -74.6893 451.2253 3.3772
v  -74.7061 450.9328 3.2878
v  -74.4937 457.6718 3.0548
v  -74.2982 457.6736 3.0540
v  -74.4937 457.7128 3.2022
v  -74.6893 457.6701 3.0557
v  -74.6893 457.7128 3.2022
v  -39.5916 457.6718 3.0548
v  -39.5916 457.7128 3.2022
v  -39.7872 457.6736 3.0540
v  -39.3961 457.6701 3.0557
v  -39.3961 457.7128 3.2022
v  -39.5916 458.6053 13.7256
v  -39.7872 458.6072 13.7262
v  -39.5916 458.6201 13.5733
v  -39.5916 458.5302 13.8588
v  -39.7872 458.5302 13.8588
v  -39.3961 458.6035 13.7250
v  -39.3961 458.6201 13.5733
v  -39.3961 458.5302 13.8588
v  -74.4937 458.6053 13.7256
v  -74.4937 458.6201 13.5733
v  -74.2982 458.6072 13.7262
v  -74.6893 458.6035 13.7250
v  -74.6893 458.6201 13.5733
v  -74.4937 458.5302 13.8588
v  -74.2982 458.5302 13.8588
v  -74.6893 458.5302 13.8588
v  -74.4937 458.4120 13.9560
v  -74.2982 458.4129 13.9578
v  -74.4937 458.2646 13.9970
v  -74.6893 458.4111 13.9543
v  -74.6893 458.2646 13.9970
v  -39.5916 458.4120 13.9560
v  -39.5916 458.2646 13.9970
v  -39.7872 458.4129 13.9578
v  -39.3961 458.4111 13.9543
v  -39.3961 458.2646 13.9970
v  -39.5916 455.8247 14.2385
v  -39.7872 455.8239 14.2368
v  -39.5916 455.9721 14.1976
v  -39.5916 455.7066 14.3358
v  -39.7872 455.7066 14.3358
v  -39.3961 455.8257 14.2403
v  -39.3961 455.9721 14.1976
v  -39.3961 455.7066 14.3358
v  -74.4937 455.8247 14.2385
v  -74.4937 455.9721 14.1976
v  -74.2982 455.8239 14.2368
v  -74.6893 455.8257 14.2403
v  -74.6893 455.9721 14.1976
v  -74.4937 455.7066 14.3358
v  -74.2982 455.7066 14.3358
v  -74.6893 455.7066 14.3358
v  -74.4937 455.6313 14.4690
v  -74.2982 455.6295 14.4684
v  -74.4937 455.6166 14.6212
v  -74.6893 455.6333 14.4696
v  -74.6893 455.6166 14.6212
v  -39.5916 455.6313 14.4690
v  -39.5916 455.6166 14.6212
v  -39.7872 455.6295 14.4684
v  -39.3961 455.6333 14.4696
v  -39.3961 455.6166 14.6212
v  -39.5916 455.7836 16.2085
v  -39.7872 455.7820 16.2094
v  -39.5916 455.7426 16.0611
v  -39.5916 455.8808 16.3266
v  -39.7872 455.8808 16.3266
v  -39.3961 455.7853 16.2076
v  -39.3961 455.7426 16.0611
v  -39.3961 455.8808 16.3266
v  -74.4937 455.7835 16.2085
v  -74.4937 455.7426 16.0611
v  -74.2982 455.7820 16.2094
v  -74.6893 455.7853 16.2076
v  -74.6893 455.7426 16.0611
v  -74.4937 455.8808 16.3266
v  -74.2982 455.8807 16.3266
v  -74.6893 455.8807 16.3266
v  -74.4937 456.0140 16.4019
v  -74.2982 456.0135 16.4037
v  -74.4937 456.1662 16.4167
v  -74.6893 456.0146 16.4000
v  -74.6893 456.1662 16.4167
v  -39.5916 456.0140 16.4019
v  -39.5916 456.1662 16.4167
v  -39.7872 456.0135 16.4037
v  -39.3961 456.0146 16.4000
v  -39.3961 456.1662 16.4166
v  -39.5916 460.8649 15.9775
v  -39.7872 460.8658 15.9792
v  -39.5916 460.7175 16.0185
v  -39.3961 460.8640 15.9757
v  -39.3961 460.7175 16.0185
v  -74.4937 460.8649 15.9775
v  -74.4937 460.7175 16.0185
v  -74.2982 460.8658 15.9792
v  -74.6893 460.8640 15.9757
v  -74.6893 460.7175 16.0185
v  -142.2422 458.8678 14.1421
v  -142.2602 458.8315 14.2634
v  -142.2602 458.9810 14.0854
v  -142.1861 458.6476 14.0819
v  -142.1850 458.5027 14.0912
v  -142.1861 458.7702 13.9356
v  -142.1850 458.7542 13.7916
v  -142.1468 458.6541 13.9629
v  -142.2546 455.8445 14.4515
v  -142.2734 455.8555 14.6003
v  -142.2734 455.9930 14.4366
v  -142.1853 455.7192 14.4839
v  -142.1850 455.7305 14.6113
v  -142.1853 455.8546 14.3225
v  -142.1850 455.9821 14.3117
v  -142.1468 455.7480 14.3705
v  -142.2546 455.9964 16.1887
v  -142.2734 456.1452 16.1776
v  -142.2734 455.9814 16.0402
v  -142.1853 456.0288 16.3140
v  -142.1850 456.1563 16.3025
v  -142.1853 455.8673 16.1786
v  -142.1850 455.8566 16.0511
v  -142.1468 455.9154 16.2852
v  -142.2546 460.8452 15.7645
v  -142.2734 460.8340 15.6157
v  -142.2734 460.6965 15.7794
v  -142.1853 460.9704 15.7321
v  -142.1850 460.9588 15.6047
v  -142.1853 460.8349 15.8935
v  -142.1850 460.7075 15.9043
v  -142.1468 460.9417 15.8455
v  -142.2546 459.2325 -2.6674
v  -142.2733 459.0836 -2.6563
v  -142.2733 459.2474 -2.5189
v  -142.1853 459.2001 -2.7927
v  -142.1849 459.0728 -2.7812
v  -142.1853 459.3615 -2.6573
v  -142.1849 459.3723 -2.5298
v  -142.1468 459.3134 -2.7640
v  -142.2546 450.6792 -1.9191
v  -142.2734 450.6903 -1.7703
v  -142.2734 450.8277 -1.9340
v  -142.1853 450.5540 -1.8867
v  -142.1849 450.5653 -1.7593
v  -142.1853 450.6893 -2.0481
v  -142.1849 450.8168 -2.0589
v  -142.1468 450.5827 -2.0001
v  -142.2546 451.1221 3.1434
v  -142.2734 451.2711 3.1324
v  -142.2734 451.1072 2.9949
v  -142.1853 451.1546 3.2687
v  -142.1850 451.2820 3.2573
v  -142.1853 450.9933 3.1333
v  -142.1850 450.9823 3.0059
v  -142.1468 451.0412 3.2400
v  -142.2422 457.8579 2.5990
v  -142.2602 457.9792 2.6352
v  -142.2602 457.8011 2.4859
v  -142.1861 457.7976 2.8193
v  -142.1850 457.8069 2.9640
v  -142.1861 457.6514 2.6966
v  -142.1849 457.5072 2.7126
v  -142.1468 457.6786 2.8126
v  28.1568 458.8680 14.1421
v  28.1748 458.9810 14.0853
v  28.1748 458.8318 14.2633
v  28.1007 458.7704 13.9356
v  28.0996 458.7543 13.7915
v  28.1007 458.6476 14.0819
v  28.0996 458.5029 14.0911
v  28.0614 458.6544 13.9629
v  28.1569 457.8580 2.5990
v  28.1749 457.8012 2.4859
v  28.1749 457.9793 2.6352
v  28.1007 457.6516 2.6966
v  28.0996 457.5075 2.7126
v  28.1007 457.7977 2.8193
v  28.0996 457.8071 2.9640
v  28.0614 457.6790 2.8126
v  28.1692 451.1223 3.1434
v  28.1880 451.1075 2.9949
v  28.1880 451.2712 3.1323
v  28.0999 450.9933 3.1333
v  28.0995 450.9825 3.0058
v  28.0999 451.1548 3.2687
v  28.0995 451.2820 3.2572
v  28.0614 451.0414 3.2399
v  28.1692 450.6794 -1.9191
v  28.1880 450.8279 -1.9341
v  28.1880 450.6906 -1.7703
v  28.0999 450.6895 -2.0482
v  28.0996 450.8170 -2.0590
v  28.0999 450.5541 -1.8868
v  28.0996 450.5656 -1.7594
v  28.0614 450.5829 -2.0001
v  28.1692 459.2326 -2.6675
v  28.1880 459.2474 -2.5189
v  28.1880 459.0837 -2.6563
v  28.0999 459.3616 -2.6573
v  28.0996 459.3724 -2.5299
v  28.1000 459.2003 -2.7928
v  28.0996 459.0728 -2.7813
v  28.0614 459.3136 -2.7640
v  28.1692 460.8452 15.7645
v  28.1880 460.6967 15.7794
v  28.1880 460.8341 15.6156
v  28.0999 460.8351 15.8935
v  28.0996 460.7076 15.9043
v  28.0999 460.9706 15.7321
v  28.0996 460.9590 15.6047
v  28.0614 460.9417 15.8455
v  28.1692 455.9966 16.1887
v  28.1880 455.9816 16.0402
v  28.1880 456.1454 16.1775
v  28.0999 455.8676 16.1785
v  28.0995 455.8568 16.0511
v  28.0999 456.0289 16.3139
v  28.0996 456.1563 16.3025
v  28.0614 455.9156 16.2852
v  28.1692 455.8446 14.4514
v  28.1880 455.9931 14.4365
v  28.1880 455.8557 14.6003
v  28.0999 455.8547 14.3224
v  28.0996 455.9822 14.3116
v  28.0999 455.7193 14.4838
v  28.0995 455.7307 14.6112
v  28.0614 455.7480 14.3704
v  -70.3488 446.1730 -1.5267
v  -70.3678 446.1798 -1.3756
v  -70.4813 446.2863 -1.5390
v  -70.3488 446.6163 3.5396
v  -70.4814 446.7300 3.5320
v  -70.3678 446.5966 3.3896
v  -74.5490 450.7552 3.1782
v  -74.5583 450.7044 3.0302
v  -74.4044 450.6382 3.1901
v  -74.7182 450.8340 3.1697
v  -74.7228 450.7876 3.0229
v  -74.5489 450.3118 -1.8896
v  -74.4044 450.1945 -1.8810
v  -74.5582 450.2876 -1.7350
v  -74.7182 450.3908 -1.8948
v  -74.7228 450.3708 -1.7423
v  -43.7366 446.6163 3.5396
v  -43.7176 446.5966 3.3896
v  -43.6040 446.7300 3.5320
v  -43.7366 446.1732 -1.5267
v  -43.6040 446.2863 -1.5390
v  -43.7175 446.1798 -1.3756
v  -39.5364 450.3118 -1.8896
v  -39.5271 450.2876 -1.7350
v  -39.6810 450.1945 -1.8810
v  -39.3672 450.3911 -1.8948
v  -39.3625 450.3708 -1.7423
v  -39.5365 450.7552 3.1782
v  -39.6810 450.6380 3.1901
v  -39.5272 450.7044 3.0302
v  -39.3672 450.8340 3.1697
v  -39.3626 450.7876 3.0229
v  -74.8849 461.0583 15.7470
v  -74.8849 461.0729 15.5948
v  -75.0804 461.0602 15.7476
v  -74.8849 460.9830 15.8802
v  -75.0804 460.9830 15.8802
v  -74.8848 459.4456 -2.6872
v  -75.0804 459.4471 -2.6881
v  -74.8848 459.4865 -2.5398
v  -74.8848 459.3482 -2.8053
v  -75.0804 459.3482 -2.8053
v  -142.0577 459.4286 -2.6846
v  -142.0596 459.4604 -2.5375
v  -141.9084 459.4471 -2.6881
v  -142.0363 459.3484 -2.8057
v  -141.9084 459.3481 -2.8053
v  -142.0577 461.0412 15.7473
v  -141.9085 461.0601 15.7476
v  -142.0596 461.0469 15.5970
v  -142.0364 460.9833 15.8805
v  -141.9084 460.9829 15.8802
v  -74.8848 459.2151 -2.8806
v  -74.8848 459.0627 -2.8953
v  -75.0804 459.2156 -2.8824
v  -74.8841 450.6414 -2.1313
v  -75.0804 450.6586 -2.1338
v  -74.8830 450.7859 -2.1712
v  -74.8894 450.5269 -2.0335
v  -75.0804 450.5414 -2.0348
v  -142.0577 450.6620 -2.1153
v  -142.0596 450.8091 -2.1470
v  -141.9084 450.6585 -2.1338
v  -142.0363 450.5410 -2.0351
v  -141.9084 450.5412 -2.0348
v  -142.0577 459.2153 -2.8636
v  -141.9084 459.2156 -2.8825
v  -142.0596 459.0649 -2.8693
v  -74.8957 450.4472 -1.9002
v  -74.8983 450.4279 -1.7473
v  -75.0804 450.4644 -1.9022
v  -74.8958 450.8904 3.1652
v  -75.0804 450.9075 3.1641
v  -74.8983 450.8448 3.0179
v  -74.8894 450.9920 3.2826
v  -75.0804 451.0065 3.2814
v  -142.0577 450.9261 3.1606
v  -142.0596 450.8943 3.0136
v  -141.9085 450.9075 3.1641
v  -142.0364 451.0063 3.2817
v  -141.9085 451.0065 3.2813
v  -142.0577 450.4830 -1.9020
v  -141.9084 450.4642 -1.9022
v  -142.0596 450.4774 -1.7516
v  -74.8841 451.1219 3.3590
v  -74.8831 451.2709 3.3732
v  -75.0804 451.1393 3.3585
v  -74.8848 457.4413 2.8615
v  -75.0804 457.4420 2.8596
v  -74.8848 457.2890 2.8467
v  -74.8849 457.5746 2.9367
v  -75.0804 457.5746 2.9367
v  -142.0665 457.5233 2.7961
v  -142.0727 457.3640 2.8007
v  -141.9084 457.4420 2.8596
v  -142.0400 457.6140 2.8896
v  -141.9085 457.5746 2.9367
v  -142.0577 451.1393 3.3396
v  -141.9085 451.1390 3.3585
v  -142.0596 451.2896 3.3453
v  -74.8849 457.6718 3.0548
v  -74.8849 457.7128 3.2022
v  -75.0804 457.6736 3.0540
v  -74.8849 458.6053 13.7256
v  -75.0804 458.6072 13.7262
v  -74.8849 458.6201 13.5733
v  -74.8848 458.5302 13.8588
v  -75.0804 458.5302 13.8588
v  -142.0664 458.6707 13.8075
v  -142.0727 458.6660 13.6482
v  -141.9085 458.6072 13.7262
v  -142.0400 458.5771 13.8982
v  -141.9084 458.5300 13.8588
v  -142.0665 457.7218 2.9628
v  -141.9085 457.6736 3.0539
v  -142.0727 457.7451 3.1204
v  -74.8848 458.4120 13.9560
v  -74.8848 458.2646 13.9970
v  -75.0804 458.4129 13.9578
v  -74.8848 455.8247 14.2385
v  -75.0804 455.8239 14.2368
v  -74.8848 455.9721 14.1976
v  -74.8848 455.7066 14.3358
v  -75.0804 455.7066 14.3358
v  -142.0577 455.8272 14.2553
v  -142.0596 455.9743 14.2236
v  -141.9084 455.8237 14.2368
v  -142.0364 455.7061 14.3355
v  -141.9084 455.7065 14.3358
v  -142.0665 458.5040 14.0062
v  -141.9085 458.4129 13.9577
v  -142.0727 458.3464 14.0293
v  -74.8848 455.6313 14.4690
v  -74.8848 455.6166 14.6212
v  -75.0804 455.6295 14.4684
v  -74.8848 455.7835 16.2085
v  -75.0804 455.7820 16.2094
v  -74.8848 455.7426 16.0611
v  -74.8848 455.8808 16.3266
v  -75.0804 455.8807 16.3266
v  -142.0577 455.8002 16.2059
v  -142.0596 455.7686 16.0588
v  -141.9084 455.7817 16.2094
v  -142.0364 455.8803 16.3270
v  -141.9084 455.8807 16.3266
v  -142.0577 455.6483 14.4686
v  -141.9084 455.6295 14.4684
v  -142.0596 455.6426 14.6190
v  -74.8848 456.0140 16.4019
v  -74.8848 456.1662 16.4167
v  -75.0804 456.0135 16.4037
v  -74.8849 460.8649 15.9775
v  -75.0804 460.8658 15.9792
v  -74.8849 460.7175 16.0185
v  -142.0577 460.8622 15.9607
v  -142.0596 460.7151 15.9924
v  -141.9085 460.8658 15.9792
v  -142.0577 456.0136 16.3849
v  -141.9084 456.0132 16.4037
v  -142.0596 456.1639 16.3906
v  -39.2005 459.4454 -2.6872
v  -39.2005 459.4865 -2.5398
v  -39.0050 459.4471 -2.6881
v  -39.2005 459.3482 -2.8053
v  -39.0050 459.3482 -2.8053
v  -39.2006 461.0583 15.7470
v  -39.0050 461.0602 15.7476
v  -39.2006 461.0729 15.5948
v  -39.2006 460.9830 15.8802
v  -39.0050 460.9830 15.8802
v  27.9723 461.0414 15.7473
v  27.9742 461.0471 15.5970
v  27.8230 461.0602 15.7476
v  27.9510 460.9834 15.8805
v  27.8230 460.9830 15.8802
v  27.9723 459.4288 -2.6846
v  27.8230 459.4472 -2.6881
v  27.9742 459.4604 -2.5375
v  27.9510 459.3486 -2.8057
v  27.8230 459.3484 -2.8054
v  -39.2006 460.8649 15.9775
v  -39.2006 460.7175 16.0185
v  -39.0050 460.8658 15.9792
v  -39.2006 456.0140 16.4019
v  -39.0050 456.0135 16.4037
v  -39.2006 456.1662 16.4167
v  -39.2006 455.8808 16.3266
v  -39.0050 455.8808 16.3266
v  27.9723 456.0139 16.3849
v  27.9742 456.1640 16.3905
v  27.8230 456.0135 16.4037
v  27.9510 455.8806 16.3269
v  27.8230 455.8808 16.3266
v  27.9723 460.8623 15.9607
v  27.8230 460.8659 15.9792
v  27.9742 460.7153 15.9923
v  -39.2005 455.7835 16.2085
v  -39.2005 455.7426 16.0611
v  -39.0050 455.7820 16.2094
v  -39.2005 455.6314 14.4690
v  -39.0050 455.6295 14.4684
v  -39.2005 455.6166 14.6212
v  -39.2006 455.7066 14.3358
v  -39.0050 455.7066 14.3358
v  27.9723 455.6484 14.4686
v  27.9742 455.6427 14.6189
v  27.8230 455.6295 14.4683
v  27.9510 455.7063 14.3354
v  27.8230 455.7066 14.3357
v  27.9723 455.8004 16.2058
v  27.8230 455.7820 16.2094
v  27.9742 455.7686 16.0588
v  -39.2005 455.8247 14.2385
v  -39.2006 455.9721 14.1976
v  -39.0050 455.8239 14.2368
v  -39.2006 458.4120 13.9560
v  -39.0050 458.4129 13.9578
v  -39.2006 458.2646 13.9970
v  -39.2006 458.5302 13.8588
v  -39.0050 458.5302 13.8588
v  27.9811 458.5042 14.0061
v  27.9874 458.3464 14.0293
v  27.8230 458.4131 13.9577
v  27.9546 458.5773 13.8982
v  27.8230 458.5302 13.8587
v  27.9723 455.8275 14.2553
v  27.8230 455.8239 14.2368
v  27.9742 455.9745 14.2236
v  -39.2006 458.6053 13.7256
v  -39.2006 458.6201 13.5733
v  -39.0050 458.6072 13.7262
v  -39.2006 457.6718 3.0548
v  -39.0050 457.6736 3.0540
v  -39.2006 457.7128 3.2022
v  -39.2006 457.5746 2.9367
v  -39.0050 457.5746 2.9367
v  27.9811 457.7220 2.9627
v  27.9873 457.7452 3.1204
v  27.8230 457.6737 3.0539
v  27.9546 457.6143 2.8896
v  27.8230 457.5747 2.9367
v  27.9811 458.6709 13.8075
v  27.8230 458.6073 13.7261
v  27.9874 458.6662 13.6481
v  -39.2005 457.4414 2.8615
v  -39.2005 457.2892 2.8467
v  -39.0049 457.4420 2.8596
v  -39.2013 451.1219 3.3590
v  -39.0050 451.1393 3.3585
v  -39.2023 451.2709 3.3732
v  -39.1960 450.9920 3.2826
v  -39.0050 451.0065 3.2814
v  27.9723 451.1394 3.3396
v  27.9742 451.2899 3.3453
v  27.8230 451.1393 3.3585
v  27.9510 451.0063 3.2817
v  27.8230 451.0065 3.2813
v  27.9811 457.5234 2.7960
v  27.8231 457.4421 2.8595
v  27.9873 457.3641 2.8006
v  -39.1897 450.8904 3.1652
v  -39.1871 450.8448 3.0179
v  -39.0050 450.9075 3.1641
v  -39.1896 450.4472 -1.9002
v  -39.0049 450.4644 -1.9022
v  -39.1871 450.4279 -1.7473
v  -39.1960 450.5269 -2.0335
v  -39.0050 450.5414 -2.0348
v  27.9723 450.4832 -1.9020
v  27.9742 450.4775 -1.7517
v  27.8230 450.4644 -1.9022
v  27.9510 450.5411 -2.0352
v  27.8230 450.5414 -2.0349
v  27.9723 450.9261 3.1606
v  27.8230 450.9075 3.1641
v  27.9742 450.8943 3.0135
v  -39.2013 450.6414 -2.1313
v  -39.2023 450.7859 -2.1712
v  -39.0049 450.6586 -2.1338
v  -39.2005 459.2151 -2.8806
v  -39.0050 459.2156 -2.8824
v  -39.2005 459.0627 -2.8953
v  27.9723 459.2155 -2.8637
v  27.9742 459.0652 -2.8693
v  27.8230 459.2157 -2.8825
v  27.9723 450.6622 -2.1153
v  27.8230 450.6586 -2.1339
v  27.9742 450.8092 -2.1470
# 6576 vertices

vt 2.1850 0.4785 0.5519
vt -1.2242 0.4785 0.5721
vt -1.2242 0.5215 0.5721
vt 2.1850 0.5215 0.5519
vt 2.1947 0.4785 0.5512
vt 2.1920 0.4785 0.5515
vt 2.1920 0.5215 0.5515
vt 2.1947 0.5215 0.5512
vt 2.2040 0.4785 0.5493
vt 2.2016 0.4785 0.5499
vt 2.2016 0.5215 0.5499
vt 2.2040 0.5215 0.5493
vt 2.2126 0.4785 0.5457
vt 2.2105 0.4785 0.5468
vt 2.2105 0.5215 0.5468
vt 2.2126 0.5215 0.5457
vt 2.2204 0.4785 0.5408
vt 2.2186 0.4785 0.5421
vt 2.2186 0.5215 0.5421
vt 2.2204 0.5215 0.5408
vt 0.4653 0.4785 -1.2272
vt 0.4638 0.4785 -1.2257
vt 0.4638 0.5215 -1.2257
vt 0.4653 0.5215 -1.2272
vt 0.4726 0.4785 -1.2329
vt 0.4708 0.4785 -1.2316
vt 0.4708 0.5215 -1.2316
vt 0.4726 0.5215 -1.2329
vt 0.4808 0.4785 -1.2372
vt 0.4787 0.4785 -1.2363
vt 0.4787 0.5215 -1.2363
vt 0.4808 0.5215 -1.2372
vt 0.4898 0.4785 -1.2401
vt 0.4874 0.4785 -1.2395
vt 0.4874 0.5215 -1.2395
vt 0.4898 0.5215 -1.2401
vt 0.4995 0.4785 -1.2414
vt 0.4967 0.4785 -1.2412
vt 0.4967 0.5215 -1.2412
vt 0.4995 0.5215 -1.2414
vt 0.5101 0.4785 -1.2415
vt 0.5065 0.4785 -1.2415
vt 0.5065 0.5215 -1.2415
vt 0.5101 0.5215 -1.2415
vt 0.5199 0.4785 -1.2406
vt 0.5171 0.4785 -1.2410
vt 0.5171 0.5215 -1.2410
vt 0.5199 0.5215 -1.2406
vt 0.5293 0.4785 -1.2385
vt 0.5268 0.4785 -1.2392
vt 0.5268 0.5215 -1.2392
vt 0.5293 0.5215 -1.2385
vt 0.5380 0.4785 -1.2348
vt 0.5358 0.4785 -1.2359
vt 0.5358 0.5215 -1.2359
vt 0.5380 0.5215 -1.2348
vt 0.5459 0.4785 -1.2298
vt 0.5439 0.4785 -1.2312
vt 0.5439 0.5215 -1.2312
vt 0.5459 0.5215 -1.2298
vt -1.2235 0.4785 0.4472
vt -1.2252 0.4785 0.4489
vt -1.2252 0.5215 0.4489
vt -1.2235 0.5215 0.4472
vt -1.2161 0.4785 0.4415
vt -1.2181 0.4785 0.4428
vt -1.2181 0.5215 0.4428
vt -1.2161 0.5215 0.4415
vt -1.2078 0.4785 0.4370
vt -1.2100 0.4785 0.4380
vt -1.2100 0.5215 0.4380
vt -1.2078 0.5215 0.4370
vt -1.1987 0.4785 0.4340
vt -1.2012 0.4785 0.4346
vt -1.2012 0.5215 0.4346
vt -1.1987 0.5215 0.4340
vt -1.1890 0.4785 0.4326
vt -1.1918 0.4785 0.4328
vt -1.1918 0.5215 0.4328
vt -1.1890 0.5215 0.4326
vt 2.2396 0.4785 0.4549
vt -1.1820 0.4785 0.4323
vt -1.1820 0.5215 0.4323
vt 2.2396 0.5215 0.4549
vt 0.5628 0.4785 2.2349
vt 0.4644 0.4785 2.2479
vt 0.4644 0.5215 2.2479
vt 0.5628 0.5215 2.2349
vt 2.2115 0.4426 0.4750
vt 2.2034 0.4389 0.4750
vt 2.1947 0.4366 0.4750
vt 2.2250 0.4536 0.4750
vt 2.1853 0.4358 0.4750
vt -1.2416 0.4584 0.4750
vt -1.2312 0.5645 0.4750
vt -1.2447 0.4620 0.4750
vt -1.2264 0.5686 0.4750
vt 2.1883 0.5483 0.4750
vt 2.2061 0.5450 0.4750
vt 2.1976 0.5474 0.4750
vt 2.2379 0.4866 0.4750
vt 2.2139 0.5412 0.4750
vt 2.2209 0.5361 0.4750
vt 2.2318 0.5228 0.4750
vt 2.2269 0.5299 0.4750
vt 2.2354 0.5148 0.4750
vt 2.2375 0.5062 0.4750
vt 2.2381 0.4970 0.4750
vt 2.2368 0.4773 0.4750
vt 2.2342 0.4686 0.4750
vt 2.2302 0.4607 0.4750
vt 2.2187 0.4475 0.4750
vt 2.2312 0.5645 0.5250
vt 2.2447 0.4620 0.5250
vt 2.2416 0.4584 0.5250
vt -1.1883 0.5483 0.5250
vt -1.1853 0.4358 0.5250
vt -1.1947 0.4366 0.5250
vt -1.2115 0.4426 0.5250
vt -1.2034 0.4389 0.5250
vt -1.2187 0.4475 0.5250
vt -1.2250 0.4536 0.5250
vt -1.2342 0.4686 0.5250
vt -1.2302 0.4607 0.5250
vt -1.2368 0.4773 0.5250
vt -1.2379 0.4866 0.5250
vt -1.2375 0.5062 0.5250
vt -1.2381 0.4970 0.5250
vt -1.2354 0.5148 0.5250
vt -1.2318 0.5228 0.5250
vt -1.2209 0.5361 0.5250
vt -1.2269 0.5299 0.5250
vt -1.2139 0.5412 0.5250
vt -1.2061 0.5450 0.5250
vt -1.1976 0.5474 0.5250
vt 2.2264 0.5686 0.5250
vt -1.2318 0.5215 0.5685
vt -1.2303 0.5215 0.5698
vt -1.2303 0.4785 0.5698
vt -1.2318 0.4785 0.5685
vt 0.4583 0.4785 2.2461
vt 0.4576 0.4785 2.2455
vt 0.4576 0.5215 2.2455
vt 0.4583 0.5215 2.2461
vt 2.2416 0.4585 0.5250
vt 0.1049 0.5215 0.4422
vt 0.1049 0.4785 0.4422
vt 0.8952 0.4785 0.4422
vt 0.8952 0.5215 0.4422
vt 0.4516 0.5215 0.9034
vt 0.4516 0.4785 0.9034
vt 0.5484 0.4785 0.8897
vt 0.5484 0.5215 0.8897
vt 0.1211 0.5215 0.5578
vt 0.1211 0.4785 0.5578
vt 0.8807 0.4785 0.5578
vt 0.8807 0.5215 0.5578
vt 0.4516 0.5215 0.1086
vt 0.4516 0.4785 0.1086
vt 0.5484 0.4785 0.0966
vt 0.5484 0.5215 0.0966
vt 0.1141 0.5501 0.4750
vt 0.0998 0.4492 0.4750
vt 0.1029 0.4457 0.4750
vt 0.8829 0.5543 0.4750
vt 0.8970 0.4457 0.4750
vt 0.9002 0.4493 0.4750
vt 0.8877 0.5501 0.4750
vt 0.1189 0.5543 0.4750
vt 0.8811 0.5543 0.5250
vt 0.1171 0.5543 0.5250
vt 0.1123 0.5501 0.5250
vt 0.1030 0.4457 0.5250
vt 0.0998 0.4493 0.5250
vt 0.8971 0.4457 0.5250
vt 0.9002 0.4492 0.5250
vt 0.8859 0.5501 0.5250
vt 0.4448 0.5215 0.9010
vt 0.4448 0.4785 0.9010
vt 0.4455 0.4785 0.9016
vt 0.4455 0.5215 0.9016
vt 0.5552 0.4785 0.0991
vt 0.5552 0.5215 0.0991
vt 0.5545 0.5215 0.0985
vt 0.5545 0.4785 0.0985
vt 0.1134 0.5215 0.5542
vt 0.1134 0.4785 0.5542
vt 0.1150 0.4785 0.5555
vt 0.1150 0.5215 0.5555
vt 0.8869 0.5215 0.5555
vt 0.8869 0.4785 0.5555
vt 0.8884 0.4785 0.5542
vt 0.8884 0.5215 0.5542
vt 1.2964 0.5818 0.4393
vt -0.2964 0.5818 0.4393
vt -0.2964 0.4182 0.4393
vt 1.2964 0.4182 0.4393
vt -0.2585 0.5572 0.4147
vt -0.2964 0.5193 0.4147
vt -0.2964 0.4428 0.4147
vt 1.2964 0.5193 0.4147
vt 1.2964 0.4428 0.4147
vt 1.2585 0.5572 0.4147
vt -0.2564 0.4182 0.5607
vt 1.2564 0.4182 0.5607
vt 1.2564 0.4612 0.5607
vt -0.2564 0.4612 0.5607
vt 1.2964 0.4631 0.4647
vt 1.2964 0.5193 0.4647
vt 1.2585 0.5572 0.4647
vt -0.2964 0.5193 0.4647
vt -0.2585 0.5572 0.4647
vt -0.2964 0.4631 0.4647
vt -0.2964 0.4682 0.4596
vt 1.2964 0.4682 0.4596
vt 1.2964 0.5618 0.4596
vt -0.2964 0.5618 0.4596
vt -0.2964 0.4631 0.5653
vt 1.2964 0.4631 0.5653
vt 1.2964 0.4838 0.5653
vt -0.2964 0.4838 0.5653
vt -0.2964 0.5688 0.4873
vt 1.2964 0.5688 0.4873
vt 1.2964 0.5818 0.4873
vt -0.2964 0.5818 0.4873
vt 1.2964 0.4838 0.5853
vt -0.2964 0.4838 0.5853
vt -0.2964 0.4428 0.5853
vt 1.2964 0.4428 0.5853
vt 0.5439 0.4612 -0.3000
vt 0.4828 0.4612 -0.3000
vt 0.4828 0.4182 -0.3000
vt 0.5572 0.4182 -0.3000
vt 0.5162 0.5818 -0.3000
vt 0.5162 0.5688 -0.3000
vt 0.5439 0.5688 -0.3000
vt 0.5572 0.5818 -0.3000
vt 0.4428 0.4182 1.3000
vt 0.5172 0.4182 1.3000
vt 0.5172 0.4612 1.3000
vt 0.4561 0.4612 1.3000
vt 0.4561 0.5688 1.3000
vt 0.4838 0.5688 1.3000
vt 0.4838 0.5818 1.3000
vt 0.4428 0.5818 1.3000
vt 0.4417 0.4612 -0.2624
vt 0.4417 0.4182 -0.2624
vt 0.4768 0.4182 -0.2975
vt 0.4768 0.4612 -0.2975
vt 0.5583 0.4182 1.2624
vt 0.5583 0.4612 1.2624
vt 0.5232 0.4612 1.2975
vt 0.5232 0.4182 1.2975
vt 0.4507 0.5215 -0.9495
vt 0.4507 0.4785 -0.9495
vt 0.5493 0.4785 -0.9495
vt 0.5493 0.5215 -0.9495
vt -0.9460 0.5215 0.4472
vt -0.9460 0.4785 0.4472
vt 1.9400 0.4785 0.4472
vt 1.9400 0.5215 0.4472
vt 0.4567 0.5215 1.9495
vt 0.4567 0.4785 1.9495
vt 0.5433 0.4785 1.9495
vt 0.5433 0.5215 1.9495
vt -0.9400 0.5215 0.5528
vt -0.9400 0.4785 0.5528
vt 1.9460 0.4785 0.5528
vt 1.9460 0.5215 0.5528
vt -0.9421 0.4507 0.4750
vt 1.9460 0.4507 0.4750
vt 1.9460 0.5493 0.4750
vt -0.9421 0.5493 0.4750
vt -0.9460 0.5454 0.4750
vt -0.9460 0.4546 0.4750
vt 1.9421 0.5493 0.5250
vt -0.9460 0.5493 0.5250
vt -0.9460 0.4507 0.5250
vt 1.9460 0.4546 0.5250
vt 1.9421 0.4508 0.5250
vt 1.9460 0.5454 0.5250
vt 1.9460 0.5215 0.4497
vt 1.9460 0.4785 0.4497
vt 1.9470 0.4785 0.4507
vt 1.9470 0.5215 0.4507
vt 0.5493 0.5215 1.9470
vt 0.5493 0.4785 1.9470
vt 0.5503 0.4785 1.9460
vt 0.5503 0.5215 1.9460
vt -0.1530 0.5215 0.4422
vt -0.1530 0.4785 0.4422
vt 1.1531 0.4785 0.4422
vt 1.1531 0.5215 0.4422
vt 0.4516 0.5215 1.1613
vt 0.4516 0.4785 1.1613
vt 0.5484 0.4785 1.1476
vt 0.5484 0.5215 1.1476
vt -0.1368 0.5215 0.5578
vt -0.1368 0.4785 0.5578
vt 1.1386 0.4785 0.5578
vt 1.1386 0.5215 0.5578
vt 0.4516 0.5215 -0.1493
vt 0.4516 0.4785 -0.1493
vt 0.5484 0.4785 -0.1613
vt 0.5484 0.5215 -0.1613
vt -0.1438 0.5501 0.4750
vt -0.1581 0.4492 0.4750
vt -0.1550 0.4457 0.4750
vt 1.1408 0.5543 0.4750
vt 1.1549 0.4457 0.4750
vt 1.1581 0.4493 0.4750
vt 1.1456 0.5501 0.4750
vt -0.1390 0.5543 0.4750
vt 1.1390 0.5543 0.5250
vt -0.1408 0.5543 0.5250
vt -0.1456 0.5501 0.5250
vt -0.1549 0.4457 0.5250
vt -0.1581 0.4493 0.5250
vt 1.1550 0.4457 0.5250
vt 1.1581 0.4492 0.5250
vt 1.1438 0.5501 0.5250
vt 0.4448 0.5215 1.1589
vt 0.4448 0.4785 1.1589
vt 0.4455 0.4785 1.1595
vt 0.4455 0.5215 1.1595
vt 0.5552 0.4785 -0.1588
vt 0.5552 0.5215 -0.1588
vt 0.5545 0.5215 -0.1595
vt 0.5545 0.4785 -0.1595
vt -0.1445 0.5215 0.5542
vt -0.1445 0.4785 0.5542
vt -0.1429 0.4785 0.5555
vt -0.1429 0.5215 0.5555
vt 1.1448 0.5215 0.5555
vt 1.1448 0.4785 0.5555
vt 1.1463 0.4785 0.5542
vt 1.1463 0.5215 0.5542
vt 0.4609 0.5311 0.3675
vt 0.4609 0.4689 0.3675
vt 0.5391 0.4689 0.3675
vt 0.5391 0.5311 0.3675
vt 0.3736 0.5454 0.4574
vt 0.3717 0.5409 0.4574
vt 0.3710 0.5344 0.4574
vt 0.3812 0.5504 0.4574
vt 0.3710 0.4656 0.4574
vt 0.3717 0.4591 0.4574
vt 0.3767 0.4516 0.4574
vt 0.3736 0.4546 0.4574
vt 0.3812 0.4496 0.4574
vt 0.3877 0.4489 0.4574
vt 0.6188 0.4496 0.4574
vt 0.6123 0.4489 0.4574
vt 0.6233 0.5484 0.4574
vt 0.6233 0.4516 0.4574
vt 0.6264 0.4546 0.4574
vt 0.6290 0.4656 0.4574
vt 0.6283 0.4591 0.4574
vt 0.6290 0.5344 0.4574
vt 0.6283 0.5409 0.4574
vt 0.6264 0.5454 0.4574
vt 0.6188 0.5504 0.4574
vt 0.6123 0.5511 0.4574
vt 0.3877 0.5511 0.4574
vt 0.3767 0.5484 0.4574
vt 0.4609 0.5311 0.6325
vt 0.4609 0.4689 0.6325
vt 0.5391 0.4689 0.6325
vt 0.5391 0.5311 0.6325
vt 0.3736 0.5454 0.5426
vt 0.3717 0.5409 0.5426
vt 0.3710 0.5344 0.5426
vt 0.4364 0.5511 0.5426
vt 0.3710 0.4656 0.5426
vt 0.3717 0.4591 0.5426
vt 0.3767 0.4516 0.5426
vt 0.3736 0.4546 0.5426
vt 0.3812 0.4496 0.5426
vt 0.3877 0.4489 0.5426
vt 0.4364 0.4489 0.5426
vt 0.3877 0.5511 0.5426
vt 0.3812 0.5504 0.5426
vt 0.3767 0.5484 0.5426
vt 0.4609 0.5511 0.5601
vt 0.4609 0.4489 0.5601
vt 0.5059 0.4489 0.5601
vt 0.5059 0.5511 0.5601
vt 0.4435 0.5511 0.4906
vt 0.4435 0.4489 0.4906
vt 0.5563 0.4489 0.4906
vt 0.5563 0.5511 0.4906
vt 0.4941 0.5511 0.4402
vt 0.4941 0.4489 0.4402
vt 0.5391 0.4489 0.4402
vt 0.5391 0.5511 0.4402
vt 0.6188 0.5504 0.5426
vt 0.6123 0.5511 0.5426
vt 0.5633 0.5511 0.5426
vt 0.6290 0.5344 0.5426
vt 0.5633 0.4489 0.5426
vt 0.6123 0.4489 0.5426
vt 0.6233 0.4516 0.5426
vt 0.6188 0.4496 0.5426
vt 0.6264 0.4546 0.5426
vt 0.6283 0.4591 0.5426
vt 0.6290 0.4656 0.5426
vt 0.6283 0.5409 0.5426
vt 0.6264 0.5454 0.5426
vt 0.6233 0.5484 0.5426
vt 0.4364 0.4871 0.4454
vt 0.4364 0.5391 0.4454
vt 0.3910 0.5391 0.4454
vt 0.3910 0.4609 0.4454
vt 0.6090 0.4609 0.4454
vt 0.6090 0.5391 0.4454
vt 0.5633 0.5391 0.4454
vt 0.5633 0.4871 0.4454
vt 0.6090 0.4609 0.5546
vt 0.6090 0.5391 0.5546
vt 0.5636 0.5391 0.5546
vt 0.5636 0.4871 0.5546
vt 0.4367 0.4871 0.5546
vt 0.4367 0.5391 0.5546
vt 0.3910 0.5391 0.5546
vt 0.3910 0.4609 0.5546
vt 0.5391 0.4619 0.6321
vt 0.4609 0.4619 0.6321
vt 0.4609 0.4617 0.6321
vt 0.5391 0.4617 0.6321
vt 0.4609 0.5381 0.6321
vt 0.5391 0.5381 0.6321
vt 0.5391 0.5383 0.6321
vt 0.4609 0.5383 0.6321
vt 0.5391 0.4550 0.6303
vt 0.4609 0.4550 0.6303
vt 0.4609 0.4558 0.6307
vt 0.5391 0.4558 0.6307
vt 0.5391 0.4501 0.6268
vt 0.4609 0.4501 0.6268
vt 0.4609 0.4511 0.6278
vt 0.5391 0.4511 0.6278
vt 0.3779 0.5391 0.4472
vt 0.3779 0.4609 0.4472
vt 0.3770 0.4609 0.4476
vt 0.3770 0.5391 0.4476
vt 0.3838 0.5391 0.4458
vt 0.3838 0.4609 0.4458
vt 0.3840 0.4609 0.4458
vt 0.3840 0.5391 0.4458
vt 0.4609 0.5450 0.6303
vt 0.5391 0.5450 0.6303
vt 0.5391 0.5442 0.6307
vt 0.4609 0.5442 0.6307
vt 0.4609 0.5499 0.6268
vt 0.5391 0.5499 0.6268
vt 0.5391 0.5489 0.6278
vt 0.4609 0.5489 0.6278
vt 0.6221 0.4609 0.5528
vt 0.6221 0.5391 0.5528
vt 0.6230 0.5391 0.5524
vt 0.6230 0.4609 0.5524
vt 0.6162 0.4609 0.5542
vt 0.6162 0.5391 0.5542
vt 0.6160 0.5391 0.5542
vt 0.6160 0.4609 0.5542
vt 0.5391 0.4619 0.3679
vt 0.4609 0.4619 0.3679
vt 0.4609 0.4617 0.3679
vt 0.5391 0.4617 0.3679
vt 0.4609 0.5381 0.3679
vt 0.5391 0.5381 0.3679
vt 0.5391 0.5383 0.3679
vt 0.4609 0.5383 0.3679
vt 0.5391 0.4550 0.3697
vt 0.4609 0.4550 0.3697
vt 0.4609 0.4558 0.3693
vt 0.5391 0.4558 0.3693
vt 0.5391 0.4501 0.3732
vt 0.4609 0.4501 0.3732
vt 0.4609 0.4511 0.3722
vt 0.5391 0.4511 0.3722
vt 0.6221 0.4609 0.4472
vt 0.6221 0.5391 0.4472
vt 0.6230 0.5391 0.4476
vt 0.6230 0.4609 0.4476
vt 0.6162 0.4609 0.4458
vt 0.6162 0.5391 0.4458
vt 0.6160 0.5391 0.4458
vt 0.6160 0.4609 0.4458
vt 0.4609 0.5450 0.3697
vt 0.5391 0.5450 0.3697
vt 0.5391 0.5442 0.3693
vt 0.4609 0.5442 0.3693
vt 0.4609 0.5499 0.3732
vt 0.5391 0.5499 0.3732
vt 0.5391 0.5489 0.3722
vt 0.4609 0.5489 0.3722
vt 0.3779 0.5391 0.5528
vt 0.3779 0.4609 0.5528
vt 0.3770 0.4609 0.5524
vt 0.3770 0.5391 0.5524
vt 0.3838 0.5391 0.5542
vt 0.3838 0.4609 0.5542
vt 0.3840 0.4609 0.5542
vt 0.3840 0.5391 0.5542
vt -1.2259 0.4768 0.5721
vt -1.2259 0.4785 0.5721
vt -1.2242 0.4768 0.5721
vt -1.2277 0.4768 0.5722
vt -1.2277 0.4785 0.5722
vt -1.2259 0.4750 0.5721
vt -1.2242 0.4750 0.5721
vt -1.2277 0.4750 0.5722
vt -1.2259 0.5232 0.5721
vt -1.2242 0.5232 0.5721
vt -1.2259 0.5215 0.5721
vt -1.2259 0.5250 0.5721
vt -1.2242 0.5250 0.5721
vt -1.2277 0.5232 0.5722
vt -1.2277 0.5215 0.5722
vt -1.2277 0.5250 0.5722
vt 2.1868 0.5232 0.5519
vt 2.1868 0.5215 0.5519
vt 2.1850 0.5232 0.5519
vt 2.1885 0.5232 0.5518
vt 2.1885 0.5215 0.5518
vt 2.1868 0.5250 0.5519
vt 2.1850 0.5250 0.5519
vt 2.1885 0.5250 0.5518
vt 2.1868 0.4768 0.5519
vt 2.1850 0.4768 0.5519
vt 2.1868 0.4785 0.5519
vt 2.1868 0.4750 0.5519
vt 2.1850 0.4750 0.5519
vt 2.1885 0.4768 0.5518
vt 2.1885 0.4785 0.5518
vt 2.1885 0.4750 0.5518
vt 2.1903 0.4768 0.5517
vt 2.1903 0.4785 0.5517
vt 2.1920 0.4768 0.5515
vt 2.1903 0.4750 0.5517
vt 2.1920 0.4750 0.5515
vt 2.1903 0.5232 0.5517
vt 2.1920 0.5232 0.5515
vt 2.1903 0.5215 0.5517
vt 2.1903 0.5250 0.5517
vt 2.1920 0.5250 0.5515
vt 2.1965 0.5232 0.5511
vt 2.1965 0.5215 0.5511
vt 2.1947 0.5232 0.5512
vt 2.1982 0.5232 0.5509
vt 2.1982 0.5215 0.5509
vt 2.1965 0.5250 0.5511
vt 2.1947 0.5250 0.5512
vt 2.1982 0.5250 0.5509
vt 2.1965 0.4768 0.5511
vt 2.1947 0.4768 0.5512
vt 2.1965 0.4785 0.5511
vt 2.1965 0.4750 0.5511
vt 2.1947 0.4750 0.5512
vt 2.1982 0.4768 0.5509
vt 2.1982 0.4785 0.5509
vt 2.1982 0.4750 0.5509
vt 2.1999 0.4768 0.5504
vt 2.1999 0.4785 0.5504
vt 2.2016 0.4768 0.5499
vt 2.1999 0.4750 0.5504
vt 2.2016 0.4750 0.5499
vt 2.1999 0.5232 0.5504
vt 2.2016 0.5232 0.5499
vt 2.1999 0.5215 0.5504
vt 2.1999 0.5250 0.5504
vt 2.2016 0.5250 0.5499
vt 2.2057 0.5232 0.5488
vt 2.2057 0.5215 0.5488
vt 2.2040 0.5232 0.5493
vt 2.2074 0.5232 0.5483
vt 2.2074 0.5215 0.5483
vt 2.2057 0.5250 0.5488
vt 2.2040 0.5250 0.5493
vt 2.2074 0.5250 0.5483
vt 2.2057 0.4768 0.5488
vt 2.2040 0.4768 0.5493
vt 2.2057 0.4785 0.5488
vt 2.2057 0.4750 0.5488
vt 2.2040 0.4750 0.5493
vt 2.2074 0.4768 0.5483
vt 2.2074 0.4785 0.5483
vt 2.2074 0.4750 0.5483
vt 2.2090 0.4768 0.5475
vt 2.2090 0.4785 0.5475
vt 2.2105 0.4768 0.5468
vt 2.2090 0.4750 0.5475
vt 2.2105 0.4750 0.5468
vt 2.2090 0.5232 0.5475
vt 2.2105 0.5232 0.5468
vt 2.2090 0.5215 0.5475
vt 2.2090 0.5250 0.5475
vt 2.2105 0.5250 0.5468
vt 2.2142 0.5232 0.5450
vt 2.2142 0.5215 0.5450
vt 2.2126 0.5232 0.5457
vt 2.2158 0.5232 0.5442
vt 2.2158 0.5215 0.5442
vt 2.2142 0.5250 0.5450
vt 2.2126 0.5250 0.5457
vt 2.2158 0.5250 0.5442
vt 2.2142 0.4768 0.5450
vt 2.2126 0.4768 0.5457
vt 2.2142 0.4785 0.5450
vt 2.2142 0.4750 0.5450
vt 2.2126 0.4750 0.5457
vt 2.2158 0.4768 0.5442
vt 2.2158 0.4785 0.5442
vt 2.2158 0.4750 0.5442
vt 2.2172 0.4768 0.5432
vt 2.2172 0.4785 0.5432
vt 2.2186 0.4768 0.5421
vt 2.2172 0.4750 0.5432
vt 2.2186 0.4750 0.5421
vt 2.2172 0.5232 0.5432
vt 2.2186 0.5232 0.5421
vt 2.2172 0.5215 0.5432
vt 2.2172 0.5250 0.5432
vt 2.2186 0.5250 0.5421
vt 2.2218 0.5232 0.5398
vt 2.2218 0.5215 0.5398
vt 2.2204 0.5232 0.5408
vt 2.2232 0.5232 0.5388
vt 2.2232 0.5215 0.5388
vt 2.2218 0.5250 0.5398
vt 2.2204 0.5250 0.5408
vt 2.2232 0.5250 0.5388
vt 2.2218 0.4768 0.5398
vt 2.2204 0.4768 0.5408
vt 2.2218 0.4785 0.5398
vt 2.2218 0.4750 0.5398
vt 2.2204 0.4750 0.5408
vt 2.2232 0.4768 0.5388
vt 2.2232 0.4785 0.5388
vt 2.2232 0.4750 0.5388
vt 0.4625 0.4768 -1.2245
vt 0.4625 0.4785 -1.2245
vt 0.4638 0.4768 -1.2257
vt 0.4612 0.4768 -1.2232
vt 0.4612 0.4785 -1.2232
vt 0.4625 0.4750 -1.2245
vt 0.4638 0.4750 -1.2257
vt 0.4612 0.4750 -1.2232
vt 0.4625 0.5232 -1.2245
vt 0.4638 0.5232 -1.2257
vt 0.4625 0.5215 -1.2245
vt 0.4625 0.5250 -1.2245
vt 0.4638 0.5250 -1.2257
vt 0.4612 0.5232 -1.2232
vt 0.4612 0.5215 -1.2232
vt 0.4612 0.5250 -1.2232
vt 0.4666 0.5232 -1.2284
vt 0.4666 0.5215 -1.2284
vt 0.4653 0.5232 -1.2272
vt 0.4679 0.5232 -1.2296
vt 0.4679 0.5215 -1.2296
vt 0.4666 0.5250 -1.2284
vt 0.4653 0.5250 -1.2272
vt 0.4679 0.5250 -1.2296
vt 0.4666 0.4768 -1.2284
vt 0.4653 0.4768 -1.2272
vt 0.4666 0.4785 -1.2284
vt 0.4666 0.4750 -1.2284
vt 0.4653 0.4750 -1.2272
vt 0.4679 0.4768 -1.2296
vt 0.4679 0.4785 -1.2296
vt 0.4679 0.4750 -1.2296
vt 0.4693 0.4768 -1.2306
vt 0.4693 0.4785 -1.2306
vt 0.4708 0.4768 -1.2316
vt 0.4693 0.4750 -1.2306
vt 0.4708 0.4750 -1.2316
vt 0.4693 0.5232 -1.2306
vt 0.4708 0.5232 -1.2316
vt 0.4693 0.5215 -1.2306
vt 0.4693 0.5250 -1.2306
vt 0.4708 0.5250 -1.2316
vt 0.4741 0.5232 -1.2339
vt 0.4741 0.5215 -1.2339
vt 0.4726 0.5232 -1.2329
vt 0.4755 0.5232 -1.2348
vt 0.4755 0.5215 -1.2348
vt 0.4741 0.5250 -1.2339
vt 0.4726 0.5250 -1.2329
vt 0.4755 0.5250 -1.2348
vt 0.4741 0.4768 -1.2339
vt 0.4726 0.4768 -1.2329
vt 0.4741 0.4785 -1.2339
vt 0.4741 0.4750 -1.2339
vt 0.4726 0.4750 -1.2329
vt 0.4755 0.4768 -1.2348
vt 0.4755 0.4785 -1.2348
vt 0.4755 0.4750 -1.2348
vt 0.4771 0.4768 -1.2356
vt 0.4771 0.4785 -1.2356
vt 0.4787 0.4768 -1.2363
vt 0.4771 0.4750 -1.2356
vt 0.4787 0.4750 -1.2363
vt 0.4771 0.5232 -1.2356
vt 0.4787 0.5232 -1.2363
vt 0.4771 0.5215 -1.2356
vt 0.4771 0.5250 -1.2356
vt 0.4787 0.5250 -1.2363
vt 0.4824 0.5232 -1.2380
vt 0.4824 0.5215 -1.2380
vt 0.4808 0.5232 -1.2372
vt 0.4840 0.5232 -1.2387
vt 0.4840 0.5215 -1.2387
vt 0.4824 0.5250 -1.2380
vt 0.4808 0.5250 -1.2372
vt 0.4840 0.5250 -1.2387
vt 0.4824 0.4768 -1.2380
vt 0.4808 0.4768 -1.2372
vt 0.4824 0.4785 -1.2380
vt 0.4824 0.4750 -1.2380
vt 0.4808 0.4750 -1.2372
vt 0.4840 0.4768 -1.2387
vt 0.4840 0.4785 -1.2387
vt 0.4840 0.4750 -1.2387
vt 0.4857 0.4768 -1.2391
vt 0.4857 0.4785 -1.2391
vt 0.4874 0.4768 -1.2395
vt 0.4857 0.4750 -1.2391
vt 0.4874 0.4750 -1.2395
vt 0.4857 0.5232 -1.2391
vt 0.4874 0.5232 -1.2395
vt 0.4857 0.5215 -1.2391
vt 0.4857 0.5250 -1.2391
vt 0.4874 0.5250 -1.2395
vt 0.4915 0.5232 -1.2406
vt 0.4915 0.5215 -1.2406
vt 0.4898 0.5232 -1.2401
vt 0.4932 0.5232 -1.2410
vt 0.4932 0.5215 -1.2410
vt 0.4915 0.5250 -1.2406
vt 0.4898 0.5250 -1.2401
vt 0.4932 0.5250 -1.2410
vt 0.4915 0.4768 -1.2406
vt 0.4898 0.4768 -1.2401
vt 0.4915 0.4785 -1.2406
vt 0.4915 0.4750 -1.2406
vt 0.4898 0.4750 -1.2401
vt 0.4932 0.4768 -1.2410
vt 0.4932 0.4785 -1.2410
vt 0.4932 0.4750 -1.2410
vt 0.4950 0.4768 -1.2411
vt 0.4950 0.4785 -1.2411
vt 0.4967 0.4768 -1.2412
vt 0.4950 0.4750 -1.2411
vt 0.4967 0.4750 -1.2412
vt 0.4950 0.5232 -1.2411
vt 0.4967 0.5232 -1.2412
vt 0.4950 0.5215 -1.2411
vt 0.4950 0.5250 -1.2411
vt 0.4967 0.5250 -1.2412
vt 0.5012 0.5232 -1.2415
vt 0.5012 0.5215 -1.2415
vt 0.4995 0.5232 -1.2414
vt 0.5030 0.5232 -1.2416
vt 0.5030 0.5215 -1.2416
vt 0.5012 0.5250 -1.2415
vt 0.4995 0.5250 -1.2414
vt 0.5030 0.5250 -1.2416
vt 0.5012 0.4768 -1.2415
vt 0.4995 0.4768 -1.2414
vt 0.5012 0.4785 -1.2415
vt 0.5012 0.4750 -1.2415
vt 0.4995 0.4750 -1.2414
vt 0.5030 0.4768 -1.2416
vt 0.5030 0.4785 -1.2416
vt 0.5030 0.4750 -1.2416
vt 0.5047 0.4768 -1.2416
vt 0.5047 0.4785 -1.2416
vt 0.5065 0.4768 -1.2415
vt 0.5047 0.4750 -1.2416
vt 0.5065 0.4750 -1.2415
vt 0.5047 0.5232 -1.2416
vt 0.5065 0.5232 -1.2415
vt 0.5047 0.5215 -1.2416
vt 0.5047 0.5250 -1.2416
vt 0.5065 0.5250 -1.2415
vt 0.5118 0.5232 -1.2414
vt 0.5118 0.5215 -1.2414
vt 0.5101 0.5232 -1.2415
vt 0.5136 0.5232 -1.2414
vt 0.5136 0.5215 -1.2414
vt 0.5118 0.5250 -1.2414
vt 0.5101 0.5250 -1.2415
vt 0.5136 0.5250 -1.2414
vt 0.5118 0.4768 -1.2414
vt 0.5101 0.4768 -1.2415
vt 0.5118 0.4785 -1.2414
vt 0.5118 0.4750 -1.2414
vt 0.5101 0.4750 -1.2415
vt 0.5136 0.4768 -1.2414
vt 0.5136 0.4785 -1.2414
vt 0.5136 0.4750 -1.2414
vt 0.5154 0.4768 -1.2412
vt 0.5154 0.4785 -1.2412
vt 0.5171 0.4768 -1.2410
vt 0.5154 0.4750 -1.2412
vt 0.5171 0.4750 -1.2410
vt 0.5154 0.5232 -1.2412
vt 0.5171 0.5232 -1.2410
vt 0.5154 0.5215 -1.2412
vt 0.5154 0.5250 -1.2412
vt 0.5171 0.5250 -1.2410
vt 0.5217 0.5232 -1.2404
vt 0.5217 0.5215 -1.2404
vt 0.5199 0.5232 -1.2406
vt 0.5234 0.5232 -1.2402
vt 0.5234 0.5215 -1.2402
vt 0.5217 0.5250 -1.2404
vt 0.5199 0.5250 -1.2406
vt 0.5234 0.5250 -1.2402
vt 0.5217 0.4768 -1.2404
vt 0.5199 0.4768 -1.2406
vt 0.5217 0.4785 -1.2404
vt 0.5217 0.4750 -1.2404
vt 0.5199 0.4750 -1.2406
vt 0.5234 0.4768 -1.2402
vt 0.5234 0.4785 -1.2402
vt 0.5234 0.4750 -1.2402
vt 0.5251 0.4768 -1.2397
vt 0.5251 0.4785 -1.2397
vt 0.5268 0.4768 -1.2392
vt 0.5251 0.4750 -1.2397
vt 0.5268 0.4750 -1.2392
vt 0.5251 0.5232 -1.2397
vt 0.5268 0.5232 -1.2392
vt 0.5251 0.5215 -1.2397
vt 0.5251 0.5250 -1.2397
vt 0.5268 0.5250 -1.2392
vt 0.5310 0.5232 -1.2380
vt 0.5310 0.5215 -1.2380
vt 0.5293 0.5232 -1.2385
vt 0.5327 0.5232 -1.2375
vt 0.5327 0.5215 -1.2375
vt 0.5310 0.5250 -1.2380
vt 0.5293 0.5250 -1.2385
vt 0.5327 0.5250 -1.2375
vt 0.5310 0.4768 -1.2380
vt 0.5293 0.4768 -1.2385
vt 0.5310 0.4785 -1.2380
vt 0.5310 0.4750 -1.2380
vt 0.5293 0.4750 -1.2385
vt 0.5327 0.4768 -1.2375
vt 0.5327 0.4785 -1.2375
vt 0.5327 0.4750 -1.2375
vt 0.5342 0.4768 -1.2367
vt 0.5342 0.4785 -1.2367
vt 0.5358 0.4768 -1.2359
vt 0.5342 0.4750 -1.2367
vt 0.5358 0.4750 -1.2359
vt 0.5342 0.5232 -1.2367
vt 0.5358 0.5232 -1.2359
vt 0.5342 0.5215 -1.2367
vt 0.5342 0.5250 -1.2367
vt 0.5358 0.5250 -1.2359
vt 0.5395 0.5232 -1.2340
vt 0.5395 0.5215 -1.2340
vt 0.5380 0.5232 -1.2348
vt 0.5411 0.5232 -1.2332
vt 0.5411 0.5215 -1.2332
vt 0.5395 0.5250 -1.2340
vt 0.5380 0.5250 -1.2348
vt 0.5411 0.5250 -1.2332
vt 0.5395 0.4768 -1.2340
vt 0.5380 0.4768 -1.2348
vt 0.5395 0.4785 -1.2340
vt 0.5395 0.4750 -1.2340
vt 0.5380 0.4750 -1.2348
vt 0.5411 0.4768 -1.2332
vt 0.5411 0.4785 -1.2332
vt 0.5411 0.4750 -1.2332
vt 0.5425 0.4768 -1.2322
vt 0.5425 0.4785 -1.2322
vt 0.5439 0.4768 -1.2312
vt 0.5425 0.4750 -1.2322
vt 0.5439 0.4750 -1.2312
vt 0.5425 0.5232 -1.2322
vt 0.5439 0.5232 -1.2312
vt 0.5425 0.5215 -1.2322
vt 0.5425 0.5250 -1.2322
vt 0.5439 0.5250 -1.2312
vt 0.5473 0.5232 -1.2287
vt 0.5473 0.5215 -1.2287
vt 0.5459 0.5232 -1.2298
vt 0.5487 0.5232 -1.2277
vt 0.5487 0.5215 -1.2277
vt 0.5473 0.5250 -1.2287
vt 0.5459 0.5250 -1.2298
vt 0.5487 0.5250 -1.2277
vt 0.5473 0.4768 -1.2287
vt 0.5459 0.4768 -1.2298
vt 0.5473 0.4785 -1.2287
vt 0.5473 0.4750 -1.2287
vt 0.5459 0.4750 -1.2298
vt 0.5487 0.4768 -1.2277
vt 0.5487 0.4785 -1.2277
vt 0.5487 0.4750 -1.2277
vt -1.2264 0.4768 0.4501
vt -1.2264 0.4785 0.4501
vt -1.2252 0.4768 0.4489
vt -1.2277 0.4768 0.4513
vt -1.2277 0.4785 0.4513
vt -1.2264 0.4750 0.4501
vt -1.2252 0.4750 0.4489
vt -1.2277 0.4750 0.4513
vt -1.2264 0.5232 0.4501
vt -1.2252 0.5232 0.4489
vt -1.2264 0.5215 0.4501
vt -1.2264 0.5250 0.4501
vt -1.2252 0.5250 0.4489
vt -1.2277 0.5232 0.4513
vt -1.2277 0.5215 0.4513
vt -1.2277 0.5250 0.4513
vt -1.2222 0.5232 0.4460
vt -1.2222 0.5215 0.4460
vt -1.2235 0.5232 0.4472
vt -1.2210 0.5232 0.4448
vt -1.2210 0.5215 0.4448
vt -1.2222 0.5250 0.4460
vt -1.2235 0.5250 0.4472
vt -1.2210 0.5250 0.4448
vt -1.2222 0.4768 0.4460
vt -1.2235 0.4768 0.4472
vt -1.2222 0.4785 0.4460
vt -1.2222 0.4750 0.4460
vt -1.2235 0.4750 0.4472
vt -1.2210 0.4768 0.4448
vt -1.2210 0.4785 0.4448
vt -1.2210 0.4750 0.4448
vt -1.2195 0.4768 0.4438
vt -1.2195 0.4785 0.4438
vt -1.2181 0.4768 0.4428
vt -1.2195 0.4750 0.4438
vt -1.2181 0.4750 0.4428
vt -1.2195 0.5232 0.4438
vt -1.2181 0.5232 0.4428
vt -1.2195 0.5215 0.4438
vt -1.2195 0.5250 0.4438
vt -1.2181 0.5250 0.4428
vt -1.2147 0.5232 0.4405
vt -1.2147 0.5215 0.4405
vt -1.2161 0.5232 0.4415
vt -1.2132 0.5232 0.4395
vt -1.2132 0.5215 0.4395
vt -1.2147 0.5250 0.4405
vt -1.2161 0.5250 0.4415
vt -1.2132 0.5250 0.4395
vt -1.2147 0.4768 0.4405
vt -1.2161 0.4768 0.4415
vt -1.2147 0.4785 0.4405
vt -1.2147 0.4750 0.4405
vt -1.2161 0.4750 0.4415
vt -1.2132 0.4768 0.4395
vt -1.2132 0.4785 0.4395
vt -1.2132 0.4750 0.4395
vt -1.2116 0.4768 0.4388
vt -1.2116 0.4785 0.4388
vt -1.2100 0.4768 0.4380
vt -1.2116 0.4750 0.4388
vt -1.2100 0.4750 0.4380
vt -1.2116 0.5232 0.4388
vt -1.2100 0.5232 0.4380
vt -1.2116 0.5215 0.4388
vt -1.2116 0.5250 0.4388
vt -1.2100 0.5250 0.4380
vt -1.2062 0.5232 0.4363
vt -1.2062 0.5215 0.4363
vt -1.2078 0.5232 0.4370
vt -1.2046 0.5232 0.4355
vt -1.2046 0.5215 0.4355
vt -1.2062 0.5250 0.4363
vt -1.2078 0.5250 0.4370
vt -1.2046 0.5250 0.4355
vt -1.2062 0.4768 0.4363
vt -1.2078 0.4768 0.4370
vt -1.2062 0.4785 0.4363
vt -1.2062 0.4750 0.4363
vt -1.2078 0.4750 0.4370
vt -1.2046 0.4768 0.4355
vt -1.2046 0.4785 0.4355
vt -1.2046 0.4750 0.4355
vt -1.2029 0.4768 0.4351
vt -1.2029 0.4785 0.4351
vt -1.2012 0.4768 0.4346
vt -1.2029 0.4750 0.4351
vt -1.2012 0.4750 0.4346
vt -1.2029 0.5232 0.4351
vt -1.2012 0.5232 0.4346
vt -1.2029 0.5215 0.4351
vt -1.2029 0.5250 0.4351
vt -1.2012 0.5250 0.4346
vt -1.1970 0.5232 0.4335
vt -1.1970 0.5215 0.4335
vt -1.1987 0.5232 0.4340
vt -1.1953 0.5232 0.4331
vt -1.1953 0.5215 0.4331
vt -1.1970 0.5250 0.4335
vt -1.1987 0.5250 0.4340
vt -1.1953 0.5250 0.4331
vt -1.1970 0.4768 0.4335
vt -1.1987 0.4768 0.4340
vt -1.1970 0.4785 0.4335
vt -1.1970 0.4750 0.4335
vt -1.1987 0.4750 0.4340
vt -1.1953 0.4768 0.4331
vt -1.1953 0.4785 0.4331
vt -1.1953 0.4750 0.4331
vt -1.1936 0.4768 0.4329
vt -1.1936 0.4785 0.4329
vt -1.1918 0.4768 0.4328
vt -1.1936 0.4750 0.4329
vt -1.1918 0.4750 0.4328
vt -1.1936 0.5232 0.4329
vt -1.1918 0.5232 0.4328
vt -1.1936 0.5215 0.4329
vt -1.1936 0.5250 0.4329
vt -1.1918 0.5250 0.4328
vt -1.1872 0.5232 0.4324
vt -1.1872 0.5215 0.4324
vt -1.1890 0.5232 0.4326
vt -1.1855 0.5232 0.4323
vt -1.1855 0.5215 0.4323
vt -1.1872 0.5250 0.4324
vt -1.1890 0.5250 0.4326
vt -1.1855 0.5250 0.4323
vt -1.1872 0.4768 0.4324
vt -1.1890 0.4768 0.4326
vt -1.1872 0.4785 0.4324
vt -1.1872 0.4750 0.4324
vt -1.1890 0.4750 0.4326
vt -1.1855 0.4768 0.4323
vt -1.1855 0.4785 0.4323
vt -1.1855 0.4750 0.4323
vt -1.1837 0.4768 0.4323
vt -1.1837 0.4785 0.4323
vt -1.1820 0.4768 0.4323
vt -1.1837 0.4750 0.4323
vt -1.1820 0.4750 0.4323
vt -1.1837 0.5232 0.4323
vt -1.1820 0.5232 0.4323
vt -1.1837 0.5215 0.4323
vt -1.1837 0.5250 0.4323
vt -1.1820 0.5250 0.4323
vt 2.2414 0.5232 0.4549
vt 2.2414 0.5215 0.4549
vt 2.2396 0.5232 0.4549
vt 2.2432 0.5232 0.4549
vt 2.2432 0.5215 0.4549
vt 2.2414 0.5250 0.4549
vt 2.2396 0.5250 0.4549
vt 2.2432 0.5250 0.4549
vt 2.2414 0.4768 0.4549
vt 2.2396 0.4768 0.4549
vt 2.2414 0.4785 0.4549
vt 2.2414 0.4750 0.4549
vt 2.2396 0.4750 0.4549
vt 2.2432 0.4768 0.4549
vt 2.2432 0.4785 0.4549
vt 2.2432 0.4750 0.4549
vt 0.4627 0.4768 2.2481
vt 0.4627 0.4785 2.2481
vt 0.4644 0.4768 2.2479
vt 0.4609 0.4768 2.2484
vt 0.4609 0.4785 2.2484
vt 0.4627 0.4750 2.2481
vt 0.4644 0.4750 2.2479
vt 0.4609 0.4750 2.2484
vt 0.4627 0.5232 2.2481
vt 0.4644 0.5232 2.2479
vt 0.4627 0.5215 2.2481
vt 0.4627 0.5250 2.2481
vt 0.4644 0.5250 2.2479
vt 0.4609 0.5232 2.2484
vt 0.4609 0.5215 2.2484
vt 0.4609 0.5250 2.2484
vt 0.5645 0.5232 2.2347
vt 0.5645 0.5215 2.2347
vt 0.5628 0.5232 2.2349
vt 0.5662 0.5232 2.2345
vt 0.5662 0.5215 2.2345
vt 0.5645 0.5250 2.2347
vt 0.5628 0.5250 2.2349
vt 0.5662 0.5250 2.2345
vt 0.5645 0.4768 2.2347
vt 0.5628 0.4768 2.2349
vt 0.5645 0.4785 2.2347
vt 0.5645 0.4750 2.2347
vt 0.5628 0.4750 2.2349
vt 0.5662 0.4768 2.2345
vt 0.5662 0.4785 2.2345
vt 0.5662 0.4750 2.2345
vt 2.1854 0.4332 0.4750
vt 2.1836 0.4340 0.4750
vt 2.1871 0.4342 0.4750
vt 2.1837 0.4323 0.4750
vt 2.1820 0.4323 0.4750
vt 2.1872 0.4324 0.4750
vt 2.1890 0.4326 0.4750
vt 2.1855 0.4323 0.4750
vt -1.2425 0.4565 0.4750
vt -1.2435 0.4580 0.4750
vt -1.2406 0.4567 0.4750
vt -1.2443 0.4563 0.4750
vt -1.2455 0.4576 0.4750
vt -1.2414 0.4549 0.4750
vt -1.2396 0.4549 0.4750
vt -1.2432 0.4549 0.4750
vt -1.2468 0.4614 0.4750
vt -1.2463 0.4632 0.4750
vt -1.2454 0.4602 0.4750
vt -1.2481 0.4627 0.4750
vt -1.2479 0.4644 0.4750
vt -1.2472 0.4596 0.4750
vt -1.2461 0.4583 0.4750
vt -1.2484 0.4609 0.4750
vt -1.2331 0.5655 0.4750
vt -1.2315 0.5665 0.4750
vt -1.2331 0.5636 0.4750
vt -1.2332 0.5674 0.4750
vt -1.2318 0.5685 0.4750
vt -1.2347 0.5645 0.4750
vt -1.2349 0.5628 0.4750
vt -1.2345 0.5662 0.4750
vt -1.2272 0.5707 0.4750
vt -1.2253 0.5704 0.4750
vt -1.2284 0.5692 0.4750
vt -1.2259 0.5721 0.4750
vt -1.2242 0.5721 0.4750
vt -1.2290 0.5710 0.4750
vt -1.2303 0.5698 0.4750
vt -1.2277 0.5722 0.4750
vt 2.1885 0.5509 0.4750
vt 2.1902 0.5499 0.4750
vt 2.1867 0.5501 0.4750
vt 2.1903 0.5517 0.4750
vt 2.1920 0.5515 0.4750
vt 2.1868 0.5519 0.4750
vt 2.1850 0.5519 0.4750
vt 2.1885 0.5518 0.4750
vt 2.1981 0.5499 0.4750
vt 2.1996 0.5487 0.4750
vt 2.1962 0.5493 0.4750
vt 2.1999 0.5504 0.4750
vt 2.2016 0.5499 0.4750
vt 2.1965 0.5511 0.4750
vt 2.1947 0.5512 0.4750
vt 2.1982 0.5509 0.4750
vt 2.2070 0.5473 0.4750
vt 2.2083 0.5459 0.4750
vt 2.2051 0.5471 0.4750
vt 2.2090 0.5475 0.4750
vt 2.2105 0.5468 0.4750
vt 2.2057 0.5488 0.4750
vt 2.2040 0.5493 0.4750
vt 2.2074 0.5483 0.4750
vt 2.2152 0.5433 0.4750
vt 2.2163 0.5417 0.4750
vt 2.2133 0.5435 0.4750
vt 2.2172 0.5432 0.4750
vt 2.2186 0.5421 0.4750
vt 2.2142 0.5450 0.4750
vt 2.2126 0.5457 0.4750
vt 2.2158 0.5442 0.4750
vt 2.2226 0.5380 0.4750
vt 2.2233 0.5362 0.4750
vt 2.2207 0.5385 0.4750
vt 2.2245 0.5375 0.4750
vt 2.2257 0.5362 0.4750
vt 2.2218 0.5398 0.4750
vt 2.2204 0.5408 0.4750
vt 2.2232 0.5388 0.4750
vt 2.2288 0.5315 0.4750
vt 2.2293 0.5296 0.4750
vt 2.2271 0.5323 0.4750
vt 2.2306 0.5307 0.4750
vt 2.2316 0.5292 0.4750
vt 2.2284 0.5334 0.4750
vt 2.2272 0.5347 0.4750
vt 2.2296 0.5321 0.4750
vt 2.2339 0.5240 0.4750
vt 2.2340 0.5220 0.4750
vt 2.2323 0.5251 0.4750
vt 2.2356 0.5229 0.4750
vt 2.2363 0.5213 0.4750
vt 2.2339 0.5259 0.4750
vt 2.2329 0.5274 0.4750
vt 2.2348 0.5245 0.4750
vt 2.2377 0.5156 0.4750
vt 2.2374 0.5137 0.4750
vt 2.2363 0.5170 0.4750
vt 2.2391 0.5143 0.4750
vt 2.2395 0.5126 0.4750
vt 2.2380 0.5176 0.4750
vt 2.2372 0.5192 0.4750
vt 2.2387 0.5160 0.4750
vt 2.2400 0.5066 0.4750
vt 2.2394 0.5048 0.4750
vt 2.2388 0.5082 0.4750
vt 2.2411 0.5050 0.4750
vt 2.2412 0.5033 0.4750
vt 2.2406 0.5085 0.4750
vt 2.2401 0.5102 0.4750
vt 2.2410 0.5068 0.4750
vt 2.2407 0.4970 0.4750
vt 2.2398 0.4952 0.4750
vt 2.2398 0.4988 0.4750
vt 2.2416 0.4953 0.4750
vt 2.2415 0.4935 0.4750
vt 2.2415 0.4988 0.4750
vt 2.2414 0.5005 0.4750
vt 2.2416 0.4970 0.4750
vt 2.2404 0.4865 0.4750
vt 2.2394 0.4848 0.4750
vt 2.2397 0.4883 0.4750
vt 2.2412 0.4846 0.4750
vt 2.2410 0.4829 0.4750
vt 2.2414 0.4882 0.4750
vt 2.2415 0.4899 0.4750
vt 2.2414 0.4864 0.4750
vt 2.2392 0.4768 0.4750
vt 2.2380 0.4752 0.4750
vt 2.2387 0.4787 0.4750
vt 2.2397 0.4749 0.4750
vt 2.2392 0.4732 0.4750
vt 2.2404 0.4783 0.4750
vt 2.2406 0.4801 0.4750
vt 2.2402 0.4766 0.4750
vt 2.2365 0.4677 0.4750
vt 2.2351 0.4664 0.4750
vt 2.2363 0.4697 0.4750
vt 2.2367 0.4658 0.4750
vt 2.2359 0.4642 0.4750
vt 2.2380 0.4690 0.4750
vt 2.2385 0.4707 0.4750
vt 2.2375 0.4673 0.4750
vt 2.2324 0.4594 0.4750
vt 2.2307 0.4584 0.4750
vt 2.2325 0.4614 0.4750
vt 2.2322 0.4575 0.4750
vt 2.2312 0.4561 0.4750
vt 2.2340 0.4605 0.4750
vt 2.2348 0.4620 0.4750
vt 2.2332 0.4589 0.4750
vt 2.2269 0.4520 0.4750
vt 2.2251 0.4513 0.4750
vt 2.2274 0.4539 0.4750
vt 2.2264 0.4501 0.4750
vt 2.2252 0.4489 0.4750
vt 2.2287 0.4527 0.4750
vt 2.2298 0.4541 0.4750
vt 2.2277 0.4513 0.4750
vt 2.2203 0.4456 0.4750
vt 2.2184 0.4452 0.4750
vt 2.2211 0.4474 0.4750
vt 2.2195 0.4438 0.4750
vt 2.2181 0.4428 0.4750
vt 2.2222 0.4460 0.4750
vt 2.2235 0.4472 0.4750
vt 2.2210 0.4448 0.4750
vt 2.2127 0.4404 0.4750
vt 2.2108 0.4403 0.4750
vt 2.2138 0.4420 0.4750
vt 2.2116 0.4388 0.4750
vt 2.2100 0.4380 0.4750
vt 2.2147 0.4405 0.4750
vt 2.2161 0.4415 0.4750
vt 2.2132 0.4395 0.4750
vt 2.2043 0.4365 0.4750
vt 2.2023 0.4367 0.4750
vt 2.2056 0.4379 0.4750
vt 2.2029 0.4351 0.4750
vt 2.2012 0.4346 0.4750
vt 2.2062 0.4363 0.4750
vt 2.2078 0.4370 0.4750
vt 2.2046 0.4355 0.4750
vt 2.1951 0.4341 0.4750
vt 2.1933 0.4347 0.4750
vt 2.1967 0.4353 0.4750
vt 2.1936 0.4329 0.4750
vt 2.1918 0.4328 0.4750
vt 2.1970 0.4335 0.4750
vt 2.1987 0.4340 0.4750
vt 2.1953 0.4331 0.4750
vt -1.1854 0.4332 0.5250
vt -1.1871 0.4342 0.5250
vt -1.1836 0.4340 0.5250
vt -1.1872 0.4324 0.5250
vt -1.1890 0.4326 0.5250
vt -1.1837 0.4323 0.5250
vt -1.1820 0.4323 0.5250
vt -1.1855 0.4323 0.5250
vt -1.1951 0.4341 0.5250
vt -1.1967 0.4353 0.5250
vt -1.1933 0.4347 0.5250
vt -1.1970 0.4335 0.5250
vt -1.1987 0.4340 0.5250
vt -1.1936 0.4329 0.5250
vt -1.1918 0.4328 0.5250
vt -1.1953 0.4331 0.5250
vt -1.2043 0.4365 0.5250
vt -1.2056 0.4379 0.5250
vt -1.2023 0.4367 0.5250
vt -1.2062 0.4363 0.5250
vt -1.2078 0.4370 0.5250
vt -1.2029 0.4351 0.5250
vt -1.2012 0.4346 0.5250
vt -1.2046 0.4355 0.5250
vt -1.2127 0.4404 0.5250
vt -1.2138 0.4420 0.5250
vt -1.2108 0.4403 0.5250
vt -1.2147 0.4405 0.5250
vt -1.2161 0.4415 0.5250
vt -1.2116 0.4388 0.5250
vt -1.2100 0.4380 0.5250
vt -1.2132 0.4395 0.5250
vt -1.2203 0.4456 0.5250
vt -1.2211 0.4474 0.5250
vt -1.2184 0.4452 0.5250
vt -1.2222 0.4460 0.5250
vt -1.2235 0.4472 0.5250
vt -1.2195 0.4438 0.5250
vt -1.2181 0.4428 0.5250
vt -1.2210 0.4448 0.5250
vt -1.2269 0.4520 0.5250
vt -1.2274 0.4539 0.5250
vt -1.2251 0.4513 0.5250
vt -1.2287 0.4527 0.5250
vt -1.2298 0.4541 0.5250
vt -1.2264 0.4501 0.5250
vt -1.2252 0.4489 0.5250
vt -1.2277 0.4513 0.5250
vt -1.2324 0.4594 0.5250
vt -1.2325 0.4614 0.5250
vt -1.2307 0.4584 0.5250
vt -1.2340 0.4605 0.5250
vt -1.2348 0.4620 0.5250
vt -1.2322 0.4575 0.5250
vt -1.2312 0.4561 0.5250
vt -1.2332 0.4589 0.5250
vt -1.2365 0.4677 0.5250
vt -1.2363 0.4697 0.5250
vt -1.2351 0.4664 0.5250
vt -1.2380 0.4690 0.5250
vt -1.2385 0.4707 0.5250
vt -1.2367 0.4658 0.5250
vt -1.2359 0.4642 0.5250
vt -1.2375 0.4673 0.5250
vt -1.2392 0.4768 0.5250
vt -1.2387 0.4787 0.5250
vt -1.2380 0.4752 0.5250
vt -1.2404 0.4783 0.5250
vt -1.2406 0.4801 0.5250
vt -1.2397 0.4749 0.5250
vt -1.2392 0.4732 0.5250
vt -1.2402 0.4766 0.5250
vt -1.2404 0.4865 0.5250
vt -1.2397 0.4883 0.5250
vt -1.2394 0.4848 0.5250
vt -1.2414 0.4882 0.5250
vt -1.2415 0.4899 0.5250
vt -1.2412 0.4846 0.5250
vt -1.2410 0.4829 0.5250
vt -1.2414 0.4864 0.5250
vt -1.2407 0.4970 0.5250
vt -1.2398 0.4988 0.5250
vt -1.2398 0.4952 0.5250
vt -1.2415 0.4988 0.5250
vt -1.2414 0.5005 0.5250
vt -1.2416 0.4953 0.5250
vt -1.2415 0.4935 0.5250
vt -1.2416 0.4970 0.5250
vt -1.2400 0.5066 0.5250
vt -1.2388 0.5082 0.5250
vt -1.2394 0.5048 0.5250
vt -1.2406 0.5085 0.5250
vt -1.2401 0.5102 0.5250
vt -1.2411 0.5050 0.5250
vt -1.2412 0.5033 0.5250
vt -1.2410 0.5068 0.5250
vt -1.2377 0.5156 0.5250
vt -1.2363 0.5170 0.5250
vt -1.2374 0.5137 0.5250
vt -1.2380 0.5176 0.5250
vt -1.2372 0.5192 0.5250
vt -1.2391 0.5143 0.5250
vt -1.2395 0.5126 0.5250
vt -1.2387 0.5160 0.5250
vt -1.2339 0.5240 0.5250
vt -1.2323 0.5251 0.5250
vt -1.2340 0.5220 0.5250
vt -1.2339 0.5259 0.5250
vt -1.2329 0.5274 0.5250
vt -1.2356 0.5229 0.5250
vt -1.2363 0.5213 0.5250
vt -1.2348 0.5245 0.5250
vt -1.2288 0.5315 0.5250
vt -1.2271 0.5323 0.5250
vt -1.2293 0.5296 0.5250
vt -1.2284 0.5334 0.5250
vt -1.2272 0.5347 0.5250
vt -1.2306 0.5307 0.5250
vt -1.2316 0.5292 0.5250
vt -1.2296 0.5321 0.5250
vt -1.2226 0.5380 0.5250
vt -1.2207 0.5385 0.5250
vt -1.2233 0.5362 0.5250
vt -1.2218 0.5398 0.5250
vt -1.2204 0.5408 0.5250
vt -1.2245 0.5375 0.5250
vt -1.2257 0.5362 0.5250
vt -1.2232 0.5388 0.5250
vt -1.2152 0.5433 0.5250
vt -1.2133 0.5435 0.5250
vt -1.2163 0.5417 0.5250
vt -1.2142 0.5450 0.5250
vt -1.2126 0.5457 0.5250
vt -1.2172 0.5432 0.5250
vt -1.2186 0.5421 0.5250
vt -1.2158 0.5442 0.5250
vt -1.2070 0.5473 0.5250
vt -1.2051 0.5471 0.5250
vt -1.2083 0.5459 0.5250
vt -1.2057 0.5488 0.5250
vt -1.2040 0.5493 0.5250
vt -1.2090 0.5475 0.5250
vt -1.2105 0.5468 0.5250
vt -1.2074 0.5483 0.5250
vt -1.1981 0.5499 0.5250
vt -1.1962 0.5493 0.5250
vt -1.1996 0.5487 0.5250
vt -1.1965 0.5511 0.5250
vt -1.1947 0.5512 0.5250
vt -1.1999 0.5504 0.5250
vt -1.2016 0.5499 0.5250
vt -1.1982 0.5509 0.5250
vt -1.1885 0.5509 0.5250
vt -1.1867 0.5501 0.5250
vt -1.1902 0.5499 0.5250
vt -1.1868 0.5519 0.5250
vt -1.1850 0.5519 0.5250
vt -1.1903 0.5517 0.5250
vt -1.1920 0.5515 0.5250
vt -1.1885 0.5518 0.5250
vt 2.2272 0.5707 0.5250
vt 2.2284 0.5692 0.5250
vt 2.2253 0.5704 0.5250
vt 2.2290 0.5710 0.5250
vt 2.2303 0.5698 0.5250
vt 2.2259 0.5721 0.5250
vt 2.2242 0.5721 0.5250
vt 2.2277 0.5722 0.5250
vt 2.2331 0.5655 0.5250
vt 2.2331 0.5636 0.5250
vt 2.2315 0.5665 0.5250
vt 2.2347 0.5645 0.5250
vt 2.2349 0.5628 0.5250
vt 2.2332 0.5674 0.5250
vt 2.2318 0.5685 0.5250
vt 2.2345 0.5662 0.5250
vt 2.2468 0.4614 0.5250
vt 2.2454 0.4602 0.5250
vt 2.2463 0.4632 0.5250
vt 2.2472 0.4596 0.5250
vt 2.2461 0.4583 0.5250
vt 2.2481 0.4627 0.5250
vt 2.2479 0.4644 0.5250
vt 2.2484 0.4609 0.5250
vt 2.2425 0.4565 0.5250
vt 2.2406 0.4567 0.5250
vt 2.2435 0.4580 0.5250
vt 2.2414 0.4549 0.5250
vt 2.2396 0.4549 0.5250
vt 2.2443 0.4563 0.5250
vt 2.2455 0.4576 0.5250
vt 2.2432 0.4549 0.5250
vt -1.2290 0.5232 0.5710
vt -1.2290 0.5215 0.5710
vt -1.2303 0.5232 0.5698
vt -1.2290 0.5250 0.5710
vt -1.2303 0.5250 0.5698
vt -1.2290 0.4768 0.5710
vt -1.2303 0.4768 0.5698
vt -1.2290 0.4785 0.5710
vt -1.2290 0.4750 0.5710
vt -1.2303 0.4750 0.5698
vt -1.2332 0.4768 0.5674
vt -1.2332 0.4785 0.5674
vt -1.2318 0.4768 0.5685
vt -1.2345 0.4768 0.5662
vt -1.2345 0.4785 0.5662
vt -1.2332 0.4750 0.5674
vt -1.2318 0.4750 0.5685
vt -1.2345 0.4750 0.5662
vt -1.2332 0.5232 0.5674
vt -1.2318 0.5232 0.5685
vt -1.2332 0.5215 0.5674
vt -1.2332 0.5250 0.5674
vt -1.2318 0.5250 0.5685
vt -1.2345 0.5232 0.5662
vt -1.2345 0.5215 0.5662
vt -1.2345 0.5250 0.5662
vt 0.4563 0.4768 2.2443
vt 0.4563 0.4785 2.2443
vt 0.4576 0.4768 2.2455
vt 0.4549 0.4768 2.2432
vt 0.4549 0.4785 2.2432
vt 0.4563 0.4750 2.2443
vt 0.4576 0.4750 2.2455
vt 0.4549 0.4750 2.2432
vt 0.4563 0.5232 2.2443
vt 0.4576 0.5232 2.2455
vt 0.4563 0.5215 2.2443
vt 0.4563 0.5250 2.2443
vt 0.4576 0.5250 2.2455
vt 0.4549 0.5232 2.2432
vt 0.4549 0.5215 2.2432
vt 0.4549 0.5250 2.2432
vt 0.4596 0.5232 2.2472
vt 0.4596 0.5215 2.2472
vt 0.4583 0.5232 2.2461
vt 0.4596 0.5250 2.2472
vt 0.4583 0.5250 2.2461
vt 0.4596 0.4768 2.2472
vt 0.4583 0.4768 2.2461
vt 0.4596 0.4785 2.2472
vt 0.4596 0.4750 2.2472
vt 0.4583 0.4750 2.2461
vt 2.2435 0.4581 0.5250
vt 0.1031 0.4768 0.4422
vt 0.1049 0.4768 0.4422
vt 0.1031 0.4785 0.4422
vt 0.1031 0.4750 0.4422
vt 0.1049 0.4750 0.4422
vt 0.1014 0.4768 0.4422
vt 0.1014 0.4785 0.4422
vt 0.1014 0.4750 0.4422
vt 0.8970 0.4768 0.4422
vt 0.8970 0.4785 0.4422
vt 0.8952 0.4768 0.4422
vt 0.8987 0.4768 0.4422
vt 0.8987 0.4785 0.4422
vt 0.8970 0.4750 0.4422
vt 0.8952 0.4750 0.4422
vt 0.8987 0.4750 0.4422
vt 0.8970 0.5232 0.4422
vt 0.8952 0.5232 0.4422
vt 0.8970 0.5215 0.4422
vt 0.8970 0.5250 0.4422
vt 0.8952 0.5250 0.4422
vt 0.8987 0.5232 0.4422
vt 0.8987 0.5215 0.4422
vt 0.8987 0.5250 0.4422
vt 0.1031 0.5232 0.4422
vt 0.1031 0.5215 0.4422
vt 0.1049 0.5232 0.4422
vt 0.1014 0.5232 0.4422
vt 0.1014 0.5215 0.4422
vt 0.1031 0.5250 0.4422
vt 0.1049 0.5250 0.4422
vt 0.1014 0.5250 0.4422
vt 0.4499 0.4768 0.9036
vt 0.4516 0.4768 0.9034
vt 0.4499 0.4785 0.9036
vt 0.4499 0.4750 0.9036
vt 0.4516 0.4750 0.9034
vt 0.4481 0.4768 0.9039
vt 0.4481 0.4785 0.9039
vt 0.4481 0.4750 0.9039
vt 0.5501 0.4768 0.8895
vt 0.5501 0.4785 0.8895
vt 0.5484 0.4768 0.8897
vt 0.5519 0.4768 0.8892
vt 0.5519 0.4785 0.8892
vt 0.5501 0.4750 0.8895
vt 0.5484 0.4750 0.8897
vt 0.5519 0.4750 0.8892
vt 0.5501 0.5232 0.8895
vt 0.5484 0.5232 0.8897
vt 0.5501 0.5215 0.8895
vt 0.5501 0.5250 0.8895
vt 0.5484 0.5250 0.8897
vt 0.5519 0.5232 0.8892
vt 0.5519 0.5215 0.8892
vt 0.5519 0.5250 0.8892
vt 0.4499 0.5232 0.9036
vt 0.4499 0.5215 0.9036
vt 0.4516 0.5232 0.9034
vt 0.4481 0.5232 0.9039
vt 0.4481 0.5215 0.9039
vt 0.4499 0.5250 0.9036
vt 0.4516 0.5250 0.9034
vt 0.4481 0.5250 0.9039
vt 0.1194 0.4768 0.5578
vt 0.1211 0.4768 0.5578
vt 0.1194 0.4785 0.5578
vt 0.1194 0.4750 0.5578
vt 0.1211 0.4750 0.5578
vt 0.1176 0.4768 0.5578
vt 0.1176 0.4785 0.5578
vt 0.1176 0.4750 0.5578
vt 0.8825 0.4768 0.5578
vt 0.8825 0.4785 0.5578
vt 0.8807 0.4768 0.5578
vt 0.8842 0.4768 0.5578
vt 0.8842 0.4785 0.5578
vt 0.8825 0.4750 0.5578
vt 0.8807 0.4750 0.5578
vt 0.8842 0.4750 0.5578
vt 0.8825 0.5232 0.5578
vt 0.8807 0.5232 0.5578
vt 0.8825 0.5215 0.5578
vt 0.8825 0.5250 0.5578
vt 0.8807 0.5250 0.5578
vt 0.8842 0.5232 0.5578
vt 0.8842 0.5215 0.5578
vt 0.8842 0.5250 0.5578
vt 0.1194 0.5232 0.5578
vt 0.1194 0.5215 0.5578
vt 0.1211 0.5232 0.5578
vt 0.1176 0.5232 0.5578
vt 0.1176 0.5215 0.5578
vt 0.1194 0.5250 0.5578
vt 0.1211 0.5250 0.5578
vt 0.1176 0.5250 0.5578
vt 0.4499 0.4768 0.1088
vt 0.4516 0.4768 0.1086
vt 0.4499 0.4785 0.1088
vt 0.4499 0.4750 0.1088
vt 0.4516 0.4750 0.1086
vt 0.4481 0.4768 0.1090
vt 0.4481 0.4785 0.1090
vt 0.4481 0.4750 0.1090
vt 0.5501 0.4768 0.0963
vt 0.5501 0.4785 0.0963
vt 0.5484 0.4768 0.0966
vt 0.5519 0.4768 0.0961
vt 0.5519 0.4785 0.0961
vt 0.5501 0.4750 0.0963
vt 0.5484 0.4750 0.0966
vt 0.5519 0.4750 0.0961
vt 0.5501 0.5232 0.0963
vt 0.5484 0.5232 0.0966
vt 0.5501 0.5215 0.0963
vt 0.5501 0.5250 0.0963
vt 0.5484 0.5250 0.0966
vt 0.5519 0.5232 0.0961
vt 0.5519 0.5215 0.0961
vt 0.5519 0.5250 0.0961
vt 0.4499 0.5232 0.1088
vt 0.4499 0.5215 0.1088
vt 0.4516 0.5232 0.1086
vt 0.4481 0.5232 0.1090
vt 0.4481 0.5215 0.1090
vt 0.4499 0.5250 0.1088
vt 0.4516 0.5250 0.1086
vt 0.4481 0.5250 0.1090
vt 0.8979 0.4437 0.4750
vt 0.8990 0.4453 0.4750
vt 0.8961 0.4439 0.4750
vt 0.8998 0.4435 0.4750
vt 0.9009 0.4448 0.4750
vt 0.8969 0.4422 0.4750
vt 0.8951 0.4422 0.4750
vt 0.8986 0.4422 0.4750
vt 0.9023 0.4486 0.4750
vt 0.9018 0.4505 0.4750
vt 0.9009 0.4474 0.4750
vt 0.9037 0.4499 0.4750
vt 0.9034 0.4516 0.4750
vt 0.9027 0.4468 0.4750
vt 0.9015 0.4455 0.4750
vt 0.9039 0.4481 0.4750
vt 0.8896 0.5511 0.4750
vt 0.8880 0.5521 0.4750
vt 0.8895 0.5492 0.4750
vt 0.8897 0.5530 0.4750
vt 0.8884 0.5542 0.4750
vt 0.8912 0.5501 0.4750
vt 0.8914 0.5484 0.4750
vt 0.8910 0.5519 0.4750
vt 0.8837 0.5563 0.4750
vt 0.8818 0.5561 0.4750
vt 0.8849 0.5549 0.4750
vt 0.8825 0.5578 0.4750
vt 0.8807 0.5578 0.4750
vt 0.8856 0.5566 0.4750
vt 0.8869 0.5555 0.4750
vt 0.8842 0.5578 0.4750
vt 0.1182 0.5564 0.4750
vt 0.1169 0.5549 0.4750
vt 0.1200 0.5561 0.4750
vt 0.1163 0.5567 0.4750
vt 0.1150 0.5555 0.4750
vt 0.1194 0.5578 0.4750
vt 0.1211 0.5578 0.4750
vt 0.1176 0.5578 0.4750
vt 0.1121 0.5511 0.4750
vt 0.1122 0.5492 0.4750
vt 0.1137 0.5521 0.4750
vt 0.1105 0.5501 0.4750
vt 0.1103 0.5484 0.4750
vt 0.1121 0.5530 0.4750
vt 0.1134 0.5542 0.4750
vt 0.1108 0.5519 0.4750
vt 0.0977 0.4486 0.4750
vt 0.0991 0.4474 0.4750
vt 0.0982 0.4504 0.4750
vt 0.0973 0.4468 0.4750
vt 0.0984 0.4455 0.4750
vt 0.0964 0.4499 0.4750
vt 0.0966 0.4516 0.4750
vt 0.0961 0.4481 0.4750
vt 0.1020 0.4437 0.4750
vt 0.1038 0.4439 0.4750
vt 0.1009 0.4453 0.4750
vt 0.1030 0.4422 0.4750
vt 0.1048 0.4422 0.4750
vt 0.1001 0.4435 0.4750
vt 0.0990 0.4448 0.4750
vt 0.1013 0.4422 0.4750
vt 0.0977 0.4486 0.5250
vt 0.0991 0.4474 0.5250
vt 0.0982 0.4505 0.5250
vt 0.0973 0.4468 0.5250
vt 0.0985 0.4455 0.5250
vt 0.0963 0.4499 0.5250
vt 0.0966 0.4516 0.5250
vt 0.0961 0.4481 0.5250
vt 0.1021 0.4437 0.5250
vt 0.1039 0.4439 0.5250
vt 0.1010 0.4453 0.5250
vt 0.1031 0.4422 0.5250
vt 0.1049 0.4422 0.5250
vt 0.1002 0.4435 0.5250
vt 0.0991 0.4448 0.5250
vt 0.1014 0.4422 0.5250
vt 0.8980 0.4437 0.5250
vt 0.8991 0.4453 0.5250
vt 0.8962 0.4439 0.5250
vt 0.8999 0.4435 0.5250
vt 0.9010 0.4448 0.5250
vt 0.8970 0.4422 0.5250
vt 0.8952 0.4422 0.5250
vt 0.8987 0.4422 0.5250
vt 0.9023 0.4486 0.5250
vt 0.9018 0.4504 0.5250
vt 0.9009 0.4474 0.5250
vt 0.9036 0.4499 0.5250
vt 0.9034 0.4516 0.5250
vt 0.9027 0.4468 0.5250
vt 0.9016 0.4455 0.5250
vt 0.9039 0.4481 0.5250
vt 0.8879 0.5511 0.5250
vt 0.8863 0.5521 0.5250
vt 0.8878 0.5492 0.5250
vt 0.8879 0.5530 0.5250
vt 0.8866 0.5542 0.5250
vt 0.8895 0.5501 0.5250
vt 0.8897 0.5484 0.5250
vt 0.8892 0.5519 0.5250
vt 0.8818 0.5564 0.5250
vt 0.8800 0.5561 0.5250
vt 0.8831 0.5549 0.5250
vt 0.8806 0.5578 0.5250
vt 0.8789 0.5578 0.5250
vt 0.8837 0.5567 0.5250
vt 0.8850 0.5555 0.5250
vt 0.8824 0.5578 0.5250
vt 0.1163 0.5563 0.5250
vt 0.1151 0.5549 0.5250
vt 0.1182 0.5561 0.5250
vt 0.1144 0.5566 0.5250
vt 0.1131 0.5555 0.5250
vt 0.1175 0.5578 0.5250
vt 0.1193 0.5578 0.5250
vt 0.1158 0.5578 0.5250
vt 0.1104 0.5511 0.5250
vt 0.1105 0.5492 0.5250
vt 0.1120 0.5521 0.5250
vt 0.1088 0.5501 0.5250
vt 0.1086 0.5484 0.5250
vt 0.1103 0.5530 0.5250
vt 0.1116 0.5542 0.5250
vt 0.1090 0.5519 0.5250
vt 0.4435 0.4768 0.8999
vt 0.4448 0.4768 0.9010
vt 0.4435 0.4785 0.8999
vt 0.4435 0.4750 0.8999
vt 0.4448 0.4750 0.9010
vt 0.4422 0.4768 0.8987
vt 0.4422 0.4785 0.8987
vt 0.4422 0.4750 0.8987
vt 0.4468 0.4768 0.9027
vt 0.4468 0.4785 0.9027
vt 0.4455 0.4768 0.9016
vt 0.4468 0.4750 0.9027
vt 0.4455 0.4750 0.9016
vt 0.4468 0.5232 0.9027
vt 0.4455 0.5232 0.9016
vt 0.4468 0.5215 0.9027
vt 0.4468 0.5250 0.9027
vt 0.4455 0.5250 0.9016
vt 0.4435 0.5232 0.8999
vt 0.4435 0.5215 0.8999
vt 0.4448 0.5232 0.9010
vt 0.4422 0.5232 0.8987
vt 0.4422 0.5215 0.8987
vt 0.4435 0.5250 0.8999
vt 0.4448 0.5250 0.9010
vt 0.4422 0.5250 0.8987
vt 0.5565 0.5232 0.1002
vt 0.5552 0.5232 0.0991
vt 0.5565 0.5215 0.1002
vt 0.5565 0.5250 0.1002
vt 0.5552 0.5250 0.0991
vt 0.5578 0.5232 0.1014
vt 0.5578 0.5215 0.1014
vt 0.5578 0.5250 0.1014
vt 0.5532 0.5232 0.0973
vt 0.5532 0.5215 0.0973
vt 0.5545 0.5232 0.0985
vt 0.5532 0.5250 0.0973
vt 0.5545 0.5250 0.0985
vt 0.5532 0.4768 0.0973
vt 0.5545 0.4768 0.0985
vt 0.5532 0.4785 0.0973
vt 0.5532 0.4750 0.0973
vt 0.5545 0.4750 0.0985
vt 0.5565 0.4768 0.1002
vt 0.5565 0.4785 0.1002
vt 0.5552 0.4768 0.0991
vt 0.5578 0.4768 0.1014
vt 0.5578 0.4785 0.1014
vt 0.5565 0.4750 0.1002
vt 0.5552 0.4750 0.0991
vt 0.5578 0.4750 0.1014
vt 0.1121 0.4768 0.5530
vt 0.1134 0.4768 0.5542
vt 0.1121 0.4785 0.5530
vt 0.1121 0.4750 0.5530
vt 0.1134 0.4750 0.5542
vt 0.1108 0.4768 0.5519
vt 0.1108 0.4785 0.5519
vt 0.1108 0.4750 0.5519
vt 0.1163 0.4768 0.5567
vt 0.1163 0.4785 0.5567
vt 0.1150 0.4768 0.5555
vt 0.1163 0.4750 0.5567
vt 0.1150 0.4750 0.5555
vt 0.1163 0.5232 0.5567
vt 0.1150 0.5232 0.5555
vt 0.1163 0.5215 0.5567
vt 0.1163 0.5250 0.5567
vt 0.1150 0.5250 0.5555
vt 0.1121 0.5232 0.5530
vt 0.1121 0.5215 0.5530
vt 0.1134 0.5232 0.5542
vt 0.1108 0.5232 0.5519
vt 0.1108 0.5215 0.5519
vt 0.1121 0.5250 0.5530
vt 0.1134 0.5250 0.5542
vt 0.1108 0.5250 0.5519
vt 0.8856 0.4768 0.5566
vt 0.8869 0.4768 0.5555
vt 0.8856 0.4785 0.5566
vt 0.8856 0.4750 0.5566
vt 0.8869 0.4750 0.5555
vt 0.8897 0.4768 0.5530
vt 0.8897 0.4785 0.5530
vt 0.8884 0.4768 0.5542
vt 0.8910 0.4768 0.5519
vt 0.8910 0.4785 0.5519
vt 0.8897 0.4750 0.5530
vt 0.8884 0.4750 0.5542
vt 0.8910 0.4750 0.5519
vt 0.8897 0.5232 0.5530
vt 0.8884 0.5232 0.5542
vt 0.8897 0.5215 0.5530
vt 0.8897 0.5250 0.5530
vt 0.8884 0.5250 0.5542
vt 0.8910 0.5232 0.5519
vt 0.8910 0.5215 0.5519
vt 0.8910 0.5250 0.5519
vt 0.8856 0.5232 0.5566
vt 0.8856 0.5215 0.5566
vt 0.8869 0.5232 0.5555
vt 0.8856 0.5250 0.5566
vt 0.8869 0.5250 0.5555
vt -0.2982 0.5835 0.4393
vt -0.2982 0.5818 0.4393
vt -0.2964 0.5835 0.4393
vt -0.3000 0.5835 0.4393
vt -0.3000 0.5818 0.4393
vt -0.2982 0.5853 0.4393
vt -0.2964 0.5853 0.4393
vt -0.3000 0.5853 0.4393
vt -0.2982 0.4165 0.4393
vt -0.2964 0.4165 0.4393
vt -0.2982 0.4182 0.4393
vt -0.2982 0.4147 0.4393
vt -0.2964 0.4147 0.4393
vt -0.3000 0.4165 0.4393
vt -0.3000 0.4182 0.4393
vt -0.3000 0.4147 0.4393
vt 1.2982 0.4165 0.4393
vt 1.2982 0.4182 0.4393
vt 1.2964 0.4165 0.4393
vt 1.3000 0.4165 0.4393
vt 1.3000 0.4182 0.4393
vt 1.2982 0.4147 0.4393
vt 1.2964 0.4147 0.4393
vt 1.3000 0.4147 0.4393
vt 1.2982 0.5835 0.4393
vt 1.2964 0.5835 0.4393
vt 1.2982 0.5818 0.4393
vt 1.2982 0.5853 0.4393
vt 1.2964 0.5853 0.4393
vt 1.3000 0.5835 0.4393
vt 1.3000 0.5818 0.4393
vt 1.3000 0.5853 0.4393
vt 1.2982 0.4410 0.4147
vt 1.2982 0.4428 0.4147
vt 1.2964 0.4410 0.4147
vt 1.3000 0.4410 0.4147
vt 1.3000 0.4428 0.4147
vt 1.2982 0.4393 0.4147
vt 1.2964 0.4393 0.4147
vt 1.3000 0.4393 0.4147
vt 1.2985 0.5201 0.4147
vt 1.2970 0.5213 0.4147
vt 1.2982 0.5183 0.4147
vt 1.2987 0.5220 0.4147
vt 1.2975 0.5232 0.4147
vt 1.3000 0.5190 0.4147
vt 1.3000 0.5172 0.4147
vt 1.3000 0.5207 0.4147
vt 1.2593 0.5592 0.4147
vt 1.2575 0.5590 0.4147
vt 1.2605 0.5577 0.4147
vt 1.2582 0.5607 0.4147
vt 1.2564 0.5607 0.4147
vt 1.2612 0.5595 0.4147
vt 1.2624 0.5583 0.4147
vt 1.2600 0.5607 0.4147
vt -0.2593 0.5592 0.4147
vt -0.2605 0.5577 0.4147
vt -0.2575 0.5590 0.4147
vt -0.2612 0.5595 0.4147
vt -0.2624 0.5583 0.4147
vt -0.2582 0.5607 0.4147
vt -0.2564 0.5607 0.4147
vt -0.2600 0.5607 0.4147
vt -0.2985 0.5201 0.4147
vt -0.2982 0.5183 0.4147
vt -0.2970 0.5213 0.4147
vt -0.3000 0.5190 0.4147
vt -0.3000 0.5172 0.4147
vt -0.2987 0.5220 0.4147
vt -0.2975 0.5232 0.4147
vt -0.3000 0.5207 0.4147
vt -0.2982 0.4410 0.4147
vt -0.2964 0.4410 0.4147
vt -0.2982 0.4428 0.4147
vt -0.2982 0.4393 0.4147
vt -0.2964 0.4393 0.4147
vt -0.3000 0.4410 0.4147
vt -0.3000 0.4428 0.4147
vt -0.3000 0.4393 0.4147
vt 1.2582 0.4165 0.5607
vt 1.2582 0.4182 0.5607
vt 1.2564 0.4165 0.5607
vt 1.2600 0.4165 0.5607
vt 1.2600 0.4182 0.5607
vt 1.2582 0.4147 0.5607
vt 1.2564 0.4147 0.5607
vt 1.2600 0.4147 0.5607
vt 1.2582 0.4630 0.5607
vt 1.2564 0.4630 0.5607
vt 1.2582 0.4612 0.5607
vt 1.2582 0.4647 0.5607
vt 1.2564 0.4647 0.5607
vt 1.2600 0.4630 0.5607
vt 1.2600 0.4612 0.5607
vt 1.2600 0.4647 0.5607
vt -0.2582 0.4630 0.5607
vt -0.2582 0.4612 0.5607
vt -0.2564 0.4630 0.5607
vt -0.2600 0.4630 0.5607
vt -0.2600 0.4612 0.5607
vt -0.2582 0.4647 0.5607
vt -0.2564 0.4647 0.5607
vt -0.2600 0.4647 0.5607
vt -0.2582 0.4165 0.5607
vt -0.2564 0.4165 0.5607
vt -0.2582 0.4182 0.5607
vt -0.2582 0.4147 0.5607
vt -0.2564 0.4147 0.5607
vt -0.2600 0.4165 0.5607
vt -0.2600 0.4182 0.5607
vt -0.2600 0.4147 0.5607
vt -0.2593 0.5592 0.4647
vt -0.2605 0.5577 0.4647
vt -0.2575 0.5590 0.4647
vt -0.2612 0.5595 0.4647
vt -0.2624 0.5583 0.4647
vt -0.2582 0.5607 0.4647
vt -0.2564 0.5607 0.4647
vt -0.2600 0.5607 0.4647
vt -0.2985 0.5201 0.4647
vt -0.2982 0.5183 0.4647
vt -0.2970 0.5213 0.4647
vt -0.3000 0.5190 0.4647
vt -0.3000 0.5172 0.4647
vt -0.2987 0.5220 0.4647
vt -0.2975 0.5232 0.4647
vt -0.3000 0.5207 0.4647
vt -0.2982 0.4614 0.4647
vt -0.2964 0.4614 0.4647
vt -0.2982 0.4631 0.4647
vt -0.2982 0.4596 0.4647
vt -0.2964 0.4596 0.4647
vt -0.3000 0.4614 0.4647
vt -0.3000 0.4631 0.4647
vt -0.3000 0.4596 0.4647
vt 1.2982 0.4614 0.4647
vt 1.2982 0.4631 0.4647
vt 1.2964 0.4614 0.4647
vt 1.3000 0.4614 0.4647
vt 1.3000 0.4631 0.4647
vt 1.2982 0.4596 0.4647
vt 1.2964 0.4596 0.4647
vt 1.3000 0.4596 0.4647
vt 1.2985 0.5201 0.4647
vt 1.2970 0.5213 0.4647
vt 1.2982 0.5183 0.4647
vt 1.2987 0.5220 0.4647
vt 1.2975 0.5232 0.4647
vt 1.3000 0.5190 0.4647
vt 1.3000 0.5172 0.4647
vt 1.3000 0.5207 0.4647
vt 1.2593 0.5592 0.4647
vt 1.2575 0.5590 0.4647
vt 1.2605 0.5577 0.4647
vt 1.2582 0.5607 0.4647
vt 1.2564 0.5607 0.4647
vt 1.2612 0.5595 0.4647
vt 1.2624 0.5583 0.4647
vt 1.2600 0.5607 0.4647
vt 1.2982 0.4665 0.4596
vt 1.2982 0.4682 0.4596
vt 1.2964 0.4665 0.4596
vt 1.3000 0.4665 0.4596
vt 1.3000 0.4682 0.4596
vt 1.2982 0.4647 0.4596
vt 1.2964 0.4647 0.4596
vt 1.3000 0.4647 0.4596
vt 1.2982 0.5635 0.4596
vt 1.2964 0.5635 0.4596
vt 1.2982 0.5618 0.4596
vt 1.2982 0.5653 0.4596
vt 1.2964 0.5653 0.4596
vt 1.3000 0.5635 0.4596
vt 1.3000 0.5618 0.4596
vt 1.3000 0.5653 0.4596
vt -0.2982 0.5635 0.4596
vt -0.2982 0.5618 0.4596
vt -0.2964 0.5635 0.4596
vt -0.3000 0.5635 0.4596
vt -0.3000 0.5618 0.4596
vt -0.2982 0.5653 0.4596
vt -0.2964 0.5653 0.4596
vt -0.3000 0.5653 0.4596
vt -0.2982 0.4665 0.4596
vt -0.2964 0.4665 0.4596
vt -0.2982 0.4682 0.4596
vt -0.2982 0.4647 0.4596
vt -0.2964 0.4647 0.4596
vt -0.3000 0.4665 0.4596
vt -0.3000 0.4682 0.4596
vt -0.3000 0.4647 0.4596
vt 1.2982 0.4614 0.5653
vt 1.2982 0.4631 0.5653
vt 1.2964 0.4614 0.5653
vt 1.3000 0.4614 0.5653
vt 1.3000 0.4631 0.5653
vt 1.2982 0.4596 0.5653
vt 1.2964 0.4596 0.5653
vt 1.3000 0.4596 0.5653
vt 1.2982 0.4856 0.5653
vt 1.2964 0.4856 0.5653
vt 1.2982 0.4838 0.5653
vt 1.2982 0.4873 0.5653
vt 1.2964 0.4873 0.5653
vt 1.3000 0.4856 0.5653
vt 1.3000 0.4838 0.5653
vt 1.3000 0.4873 0.5653
vt -0.2982 0.4856 0.5653
vt -0.2982 0.4838 0.5653
vt -0.2964 0.4856 0.5653
vt -0.3000 0.4856 0.5653
vt -0.3000 0.4838 0.5653
vt -0.2982 0.4873 0.5653
vt -0.2964 0.4873 0.5653
vt -0.3000 0.4873 0.5653
vt -0.2982 0.4614 0.5653
vt -0.2964 0.4614 0.5653
vt -0.2982 0.4631 0.5653
vt -0.2982 0.4596 0.5653
vt -0.2964 0.4596 0.5653
vt -0.3000 0.4614 0.5653
vt -0.3000 0.4631 0.5653
vt -0.3000 0.4596 0.5653
vt 1.2982 0.5670 0.4873
vt 1.2982 0.5688 0.4873
vt 1.2964 0.5670 0.4873
vt 1.3000 0.5670 0.4873
vt 1.3000 0.5688 0.4873
vt 1.2982 0.5653 0.4873
vt 1.2964 0.5653 0.4873
vt 1.3000 0.5653 0.4873
vt 1.2982 0.5835 0.4873
vt 1.2964 0.5835 0.4873
vt 1.2982 0.5818 0.4873
vt 1.2982 0.5853 0.4873
vt 1.2964 0.5853 0.4873
vt 1.3000 0.5835 0.4873
vt 1.3000 0.5818 0.4873
vt 1.3000 0.5853 0.4873
vt -0.2982 0.5835 0.4873
vt -0.2982 0.5818 0.4873
vt -0.2964 0.5835 0.4873
vt -0.3000 0.5835 0.4873
vt -0.3000 0.5818 0.4873
vt -0.2982 0.5853 0.4873
vt -0.2964 0.5853 0.4873
vt -0.3000 0.5853 0.4873
vt -0.2982 0.5670 0.4873
vt -0.2964 0.5670 0.4873
vt -0.2982 0.5688 0.4873
vt -0.2982 0.5653 0.4873
vt -0.2964 0.5653 0.4873
vt -0.3000 0.5670 0.4873
vt -0.3000 0.5688 0.4873
vt -0.3000 0.5653 0.4873
vt -0.2982 0.4856 0.5853
vt -0.2982 0.4838 0.5853
vt -0.2964 0.4856 0.5853
vt -0.3000 0.4856 0.5853
vt -0.3000 0.4838 0.5853
vt -0.2982 0.4873 0.5853
vt -0.2964 0.4873 0.5853
vt -0.3000 0.4873 0.5853
vt -0.2982 0.4410 0.5853
vt -0.2964 0.4410 0.5853
vt -0.2982 0.4428 0.5853
vt -0.2982 0.4393 0.5853
vt -0.2964 0.4393 0.5853
vt -0.3000 0.4410 0.5853
vt -0.3000 0.4428 0.5853
vt -0.3000 0.4393 0.5853
vt 1.2982 0.4410 0.5853
vt 1.2982 0.4428 0.5853
vt 1.2964 0.4410 0.5853
vt 1.3000 0.4410 0.5853
vt 1.3000 0.4428 0.5853
vt 1.2982 0.4393 0.5853
vt 1.2964 0.4393 0.5853
vt 1.3000 0.4393 0.5853
vt 1.2982 0.4856 0.5853
vt 1.2964 0.4856 0.5853
vt 1.2982 0.4838 0.5853
vt 1.2982 0.4873 0.5853
vt 1.2964 0.4873 0.5853
vt 1.3000 0.4856 0.5853
vt 1.3000 0.4838 0.5853
vt 1.3000 0.4873 0.5853
vt 0.5404 0.5653 -0.3000
vt 0.5421 0.5653 -0.3000
vt 0.5404 0.5670 -0.3000
vt 0.5404 0.5635 -0.3000
vt 0.5404 0.5618 -0.3000
vt 0.5386 0.5653 -0.3000
vt 0.5369 0.5653 -0.3000
vt 0.5404 0.4647 -0.3000
vt 0.5404 0.4630 -0.3000
vt 0.5421 0.4647 -0.3000
vt 0.5386 0.4647 -0.3000
vt 0.5369 0.4647 -0.3000
vt 0.5404 0.4665 -0.3000
vt 0.5404 0.4682 -0.3000
vt 0.4810 0.4630 -0.3000
vt 0.4810 0.4612 -0.3000
vt 0.4828 0.4630 -0.3000
vt 0.4793 0.4630 -0.3000
vt 0.4793 0.4612 -0.3000
vt 0.4810 0.4647 -0.3000
vt 0.4828 0.4647 -0.3000
vt 0.4793 0.4647 -0.3000
vt 0.4810 0.4165 -0.3000
vt 0.4828 0.4165 -0.3000
vt 0.4810 0.4182 -0.3000
vt 0.4810 0.4147 -0.3000
vt 0.4828 0.4147 -0.3000
vt 0.4793 0.4165 -0.3000
vt 0.4793 0.4182 -0.3000
vt 0.4793 0.4147 -0.3000
vt 0.5590 0.4165 -0.3000
vt 0.5590 0.4182 -0.3000
vt 0.5572 0.4165 -0.3000
vt 0.5607 0.4165 -0.3000
vt 0.5607 0.4182 -0.3000
vt 0.5590 0.4147 -0.3000
vt 0.5572 0.4147 -0.3000
vt 0.5607 0.4147 -0.3000
vt 0.5590 0.5835 -0.3000
vt 0.5572 0.5835 -0.3000
vt 0.5590 0.5818 -0.3000
vt 0.5590 0.5853 -0.3000
vt 0.5572 0.5853 -0.3000
vt 0.5607 0.5835 -0.3000
vt 0.5607 0.5818 -0.3000
vt 0.5607 0.5853 -0.3000
vt 0.5144 0.5835 -0.3000
vt 0.5144 0.5818 -0.3000
vt 0.5162 0.5835 -0.3000
vt 0.5127 0.5835 -0.3000
vt 0.5127 0.5818 -0.3000
vt 0.5144 0.5853 -0.3000
vt 0.5162 0.5853 -0.3000
vt 0.5127 0.5853 -0.3000
vt 0.5144 0.5670 -0.3000
vt 0.5162 0.5670 -0.3000
vt 0.5144 0.5688 -0.3000
vt 0.5144 0.5653 -0.3000
vt 0.5162 0.5653 -0.3000
vt 0.5127 0.5670 -0.3000
vt 0.5127 0.5688 -0.3000
vt 0.5127 0.5653 -0.3000
vt 0.4596 0.5653 1.3000
vt 0.4596 0.5670 1.3000
vt 0.4579 0.5653 1.3000
vt 0.4614 0.5653 1.3000
vt 0.4631 0.5653 1.3000
vt 0.4596 0.5635 1.3000
vt 0.4596 0.5618 1.3000
vt 0.4856 0.5670 1.3000
vt 0.4856 0.5688 1.3000
vt 0.4838 0.5670 1.3000
vt 0.4873 0.5670 1.3000
vt 0.4873 0.5688 1.3000
vt 0.4856 0.5653 1.3000
vt 0.4838 0.5653 1.3000
vt 0.4873 0.5653 1.3000
vt 0.4856 0.5835 1.3000
vt 0.4838 0.5835 1.3000
vt 0.4856 0.5818 1.3000
vt 0.4856 0.5853 1.3000
vt 0.4838 0.5853 1.3000
vt 0.4873 0.5835 1.3000
vt 0.4873 0.5818 1.3000
vt 0.4873 0.5853 1.3000
vt 0.4410 0.5835 1.3000
vt 0.4410 0.5818 1.3000
vt 0.4428 0.5835 1.3000
vt 0.4393 0.5835 1.3000
vt 0.4393 0.5818 1.3000
vt 0.4410 0.5853 1.3000
vt 0.4428 0.5853 1.3000
vt 0.4393 0.5853 1.3000
vt 0.4410 0.4165 1.3000
vt 0.4428 0.4165 1.3000
vt 0.4410 0.4182 1.3000
vt 0.4410 0.4147 1.3000
vt 0.4428 0.4147 1.3000
vt 0.4393 0.4165 1.3000
vt 0.4393 0.4182 1.3000
vt 0.4393 0.4147 1.3000
vt 0.5190 0.4165 1.3000
vt 0.5190 0.4182 1.3000
vt 0.5172 0.4165 1.3000
vt 0.5207 0.4165 1.3000
vt 0.5207 0.4182 1.3000
vt 0.5190 0.4147 1.3000
vt 0.5172 0.4147 1.3000
vt 0.5207 0.4147 1.3000
vt 0.5190 0.4630 1.3000
vt 0.5172 0.4630 1.3000
vt 0.5190 0.4612 1.3000
vt 0.5190 0.4647 1.3000
vt 0.5172 0.4647 1.3000
vt 0.5207 0.4630 1.3000
vt 0.5207 0.4612 1.3000
vt 0.5207 0.4647 1.3000
vt 0.4596 0.4647 1.3000
vt 0.4579 0.4647 1.3000
vt 0.4596 0.4630 1.3000
vt 0.4596 0.4665 1.3000
vt 0.4596 0.4682 1.3000
vt 0.4614 0.4647 1.3000
vt 0.4631 0.4647 1.3000
vt 0.4405 0.4165 -0.2612
vt 0.4417 0.4165 -0.2624
vt 0.4405 0.4182 -0.2612
vt 0.4405 0.4147 -0.2612
vt 0.4417 0.4147 -0.2624
vt 0.4393 0.4165 -0.2600
vt 0.4393 0.4182 -0.2600
vt 0.4393 0.4147 -0.2600
vt 0.4780 0.4165 -0.2987
vt 0.4780 0.4182 -0.2987
vt 0.4768 0.4165 -0.2975
vt 0.4780 0.4147 -0.2987
vt 0.4768 0.4147 -0.2975
vt 0.4780 0.4630 -0.2987
vt 0.4768 0.4630 -0.2975
vt 0.4780 0.4612 -0.2987
vt 0.4780 0.4647 -0.2987
vt 0.4768 0.4647 -0.2975
vt 0.4405 0.4630 -0.2612
vt 0.4405 0.4612 -0.2612
vt 0.4417 0.4630 -0.2624
vt 0.4393 0.4630 -0.2600
vt 0.4393 0.4612 -0.2600
vt 0.4405 0.4647 -0.2612
vt 0.4417 0.4647 -0.2624
vt 0.4393 0.4647 -0.2600
vt 0.5595 0.4630 1.2612
vt 0.5583 0.4630 1.2624
vt 0.5595 0.4612 1.2612
vt 0.5595 0.4647 1.2612
vt 0.5583 0.4647 1.2624
vt 0.5607 0.4630 1.2600
vt 0.5607 0.4612 1.2600
vt 0.5607 0.4647 1.2600
vt 0.5220 0.4630 1.2987
vt 0.5220 0.4612 1.2987
vt 0.5232 0.4630 1.2975
vt 0.5220 0.4647 1.2987
vt 0.5232 0.4647 1.2975
vt 0.5220 0.4165 1.2987
vt 0.5232 0.4165 1.2975
vt 0.5220 0.4182 1.2987
vt 0.5220 0.4147 1.2987
vt 0.5232 0.4147 1.2975
vt 0.5595 0.4165 1.2612
vt 0.5595 0.4182 1.2612
vt 0.5583 0.4165 1.2624
vt 0.5607 0.4165 1.2600
vt 0.5607 0.4182 1.2600
vt 0.5595 0.4147 1.2612
vt 0.5583 0.4147 1.2624
vt 0.5607 0.4147 1.2600
vt 0.4489 0.4768 -0.9495
vt 0.4507 0.4768 -0.9495
vt 0.4489 0.4785 -0.9495
vt 0.4489 0.4750 -0.9495
vt 0.4507 0.4750 -0.9495
vt 0.4472 0.4768 -0.9495
vt 0.4472 0.4785 -0.9495
vt 0.4472 0.4750 -0.9495
vt 0.5511 0.4768 -0.9495
vt 0.5511 0.4785 -0.9495
vt 0.5493 0.4768 -0.9495
vt 0.5528 0.4768 -0.9495
vt 0.5528 0.4785 -0.9495
vt 0.5511 0.4750 -0.9495
vt 0.5493 0.4750 -0.9495
vt 0.5528 0.4750 -0.9495
vt 0.5511 0.5232 -0.9495
vt 0.5493 0.5232 -0.9495
vt 0.5511 0.5215 -0.9495
vt 0.5511 0.5250 -0.9495
vt 0.5493 0.5250 -0.9495
vt 0.5528 0.5232 -0.9495
vt 0.5528 0.5215 -0.9495
vt 0.5528 0.5250 -0.9495
vt 0.4489 0.5232 -0.9495
vt 0.4489 0.5215 -0.9495
vt 0.4507 0.5232 -0.9495
vt 0.4472 0.5232 -0.9495
vt 0.4472 0.5215 -0.9495
vt 0.4489 0.5250 -0.9495
vt 0.4507 0.5250 -0.9495
vt 0.4472 0.5250 -0.9495
vt -0.9478 0.4768 0.4472
vt -0.9460 0.4768 0.4472
vt -0.9478 0.4785 0.4472
vt -0.9478 0.4750 0.4472
vt -0.9460 0.4750 0.4472
vt -0.9495 0.4768 0.4472
vt -0.9495 0.4785 0.4472
vt -0.9495 0.4750 0.4472
vt 1.9418 0.4768 0.4472
vt 1.9418 0.4785 0.4472
vt 1.9400 0.4768 0.4472
vt 1.9435 0.4768 0.4472
vt 1.9435 0.4785 0.4472
vt 1.9418 0.4750 0.4472
vt 1.9400 0.4750 0.4472
vt 1.9435 0.4750 0.4472
vt 1.9418 0.5232 0.4472
vt 1.9400 0.5232 0.4472
vt 1.9418 0.5215 0.4472
vt 1.9418 0.5250 0.4472
vt 1.9400 0.5250 0.4472
vt 1.9435 0.5232 0.4472
vt 1.9435 0.5215 0.4472
vt 1.9435 0.5250 0.4472
vt -0.9478 0.5232 0.4472
vt -0.9478 0.5215 0.4472
vt -0.9460 0.5232 0.4472
vt -0.9495 0.5232 0.4472
vt -0.9495 0.5215 0.4472
vt -0.9478 0.5250 0.4472
vt -0.9460 0.5250 0.4472
vt -0.9495 0.5250 0.4472
vt 0.4549 0.4768 1.9495
vt 0.4567 0.4768 1.9495
vt 0.4549 0.4785 1.9495
vt 0.4549 0.4750 1.9495
vt 0.4567 0.4750 1.9495
vt 0.4532 0.4768 1.9495
vt 0.4532 0.4785 1.9495
vt 0.4532 0.4750 1.9495
vt 0.5451 0.4768 1.9495
vt 0.5451 0.4785 1.9495
vt 0.5433 0.4768 1.9495
vt 0.5468 0.4768 1.9495
vt 0.5468 0.4785 1.9495
vt 0.5451 0.4750 1.9495
vt 0.5433 0.4750 1.9495
vt 0.5468 0.4750 1.9495
vt 0.5451 0.5232 1.9495
vt 0.5433 0.5232 1.9495
vt 0.5451 0.5215 1.9495
vt 0.5451 0.5250 1.9495
vt 0.5433 0.5250 1.9495
vt 0.5468 0.5232 1.9495
vt 0.5468 0.5215 1.9495
vt 0.5468 0.5250 1.9495
vt 0.4549 0.5232 1.9495
vt 0.4549 0.5215 1.9495
vt 0.4567 0.5232 1.9495
vt 0.4532 0.5232 1.9495
vt 0.4532 0.5215 1.9495
vt 0.4549 0.5250 1.9495
vt 0.4567 0.5250 1.9495
vt 0.4532 0.5250 1.9495
vt -0.9418 0.4768 0.5528
vt -0.9400 0.4768 0.5528
vt -0.9418 0.4785 0.5528
vt -0.9418 0.4750 0.5528
vt -0.9400 0.4750 0.5528
vt -0.9435 0.4768 0.5528
vt -0.9435 0.4785 0.5528
vt -0.9435 0.4750 0.5528
vt 1.9478 0.4768 0.5528
vt 1.9478 0.4785 0.5528
vt 1.9460 0.4768 0.5528
vt 1.9495 0.4768 0.5528
vt 1.9495 0.4785 0.5528
vt 1.9478 0.4750 0.5528
vt 1.9460 0.4750 0.5528
vt 1.9495 0.4750 0.5528
vt 1.9478 0.5232 0.5528
vt 1.9460 0.5232 0.5528
vt 1.9478 0.5215 0.5528
vt 1.9478 0.5250 0.5528
vt 1.9460 0.5250 0.5528
vt 1.9495 0.5232 0.5528
vt 1.9495 0.5215 0.5528
vt 1.9495 0.5250 0.5528
vt -0.9418 0.5232 0.5528
vt -0.9418 0.5215 0.5528
vt -0.9400 0.5232 0.5528
vt -0.9435 0.5232 0.5528
vt -0.9435 0.5215 0.5528
vt -0.9418 0.5250 0.5528
vt -0.9400 0.5250 0.5528
vt -0.9435 0.5250 0.5528
vt -0.9480 0.4538 0.4750
vt -0.9465 0.4527 0.4750
vt -0.9478 0.4557 0.4750
vt -0.9483 0.4519 0.4750
vt -0.9470 0.4507 0.4750
vt -0.9495 0.4549 0.4750
vt -0.9495 0.4567 0.4750
vt -0.9495 0.4532 0.4750
vt -0.9429 0.4487 0.4750
vt -0.9410 0.4489 0.4750
vt -0.9440 0.4502 0.4750
vt -0.9418 0.4472 0.4750
vt -0.9400 0.4472 0.4750
vt -0.9448 0.4484 0.4750
vt -0.9460 0.4497 0.4750
vt -0.9435 0.4472 0.4750
vt 1.9478 0.4489 0.4750
vt 1.9478 0.4507 0.4750
vt 1.9460 0.4489 0.4750
vt 1.9495 0.4489 0.4750
vt 1.9495 0.4507 0.4750
vt 1.9478 0.4472 0.4750
vt 1.9460 0.4472 0.4750
vt 1.9495 0.4472 0.4750
vt 1.9478 0.5511 0.4750
vt 1.9460 0.5511 0.4750
vt 1.9478 0.5493 0.4750
vt 1.9478 0.5528 0.4750
vt 1.9460 0.5528 0.4750
vt 1.9495 0.5511 0.4750
vt 1.9495 0.5493 0.4750
vt 1.9495 0.5528 0.4750
vt -0.9429 0.5513 0.4750
vt -0.9440 0.5498 0.4750
vt -0.9410 0.5510 0.4750
vt -0.9448 0.5516 0.4750
vt -0.9460 0.5503 0.4750
vt -0.9418 0.5528 0.4750
vt -0.9400 0.5528 0.4750
vt -0.9435 0.5528 0.4750
vt -0.9480 0.5462 0.4750
vt -0.9478 0.5443 0.4750
vt -0.9465 0.5473 0.4750
vt -0.9495 0.5451 0.4750
vt -0.9495 0.5433 0.4750
vt -0.9483 0.5481 0.4750
vt -0.9470 0.5493 0.4750
vt -0.9495 0.5468 0.4750
vt 1.9429 0.4487 0.5250
vt 1.9440 0.4502 0.5250
vt 1.9410 0.4490 0.5250
vt 1.9448 0.4484 0.5250
vt 1.9460 0.4497 0.5250
vt 1.9418 0.4472 0.5250
vt 1.9400 0.4472 0.5250
vt 1.9435 0.4472 0.5250
vt 1.9480 0.4538 0.5250
vt 1.9478 0.4557 0.5250
vt 1.9465 0.4527 0.5250
vt 1.9495 0.4549 0.5250
vt 1.9495 0.4567 0.5250
vt 1.9483 0.4519 0.5250
vt 1.9470 0.4507 0.5250
vt 1.9495 0.4532 0.5250
vt 1.9480 0.5462 0.5250
vt 1.9465 0.5473 0.5250
vt 1.9478 0.5443 0.5250
vt 1.9483 0.5481 0.5250
vt 1.9470 0.5493 0.5250
vt 1.9495 0.5451 0.5250
vt 1.9495 0.5433 0.5250
vt 1.9495 0.5468 0.5250
vt 1.9429 0.5513 0.5250
vt 1.9410 0.5511 0.5250
vt 1.9440 0.5498 0.5250
vt 1.9418 0.5528 0.5250
vt 1.9400 0.5528 0.5250
vt 1.9448 0.5516 0.5250
vt 1.9460 0.5503 0.5250
vt 1.9435 0.5528 0.5250
vt -0.9478 0.5511 0.5250
vt -0.9478 0.5493 0.5250
vt -0.9460 0.5511 0.5250
vt -0.9495 0.5511 0.5250
vt -0.9495 0.5493 0.5250
vt -0.9478 0.5528 0.5250
vt -0.9460 0.5528 0.5250
vt -0.9495 0.5528 0.5250
vt -0.9478 0.4489 0.5250
vt -0.9460 0.4489 0.5250
vt -0.9478 0.4507 0.5250
vt -0.9478 0.4472 0.5250
vt -0.9460 0.4472 0.5250
vt -0.9495 0.4489 0.5250
vt -0.9495 0.4507 0.5250
vt -0.9495 0.4472 0.5250
vt 1.9448 0.4768 0.4484
vt 1.9460 0.4768 0.4497
vt 1.9448 0.4785 0.4484
vt 1.9448 0.4750 0.4484
vt 1.9460 0.4750 0.4497
vt 1.9483 0.4768 0.4519
vt 1.9483 0.4785 0.4519
vt 1.9470 0.4768 0.4507
vt 1.9495 0.4768 0.4532
vt 1.9495 0.4785 0.4532
vt 1.9483 0.4750 0.4519
vt 1.9470 0.4750 0.4507
vt 1.9495 0.4750 0.4532
vt 1.9483 0.5232 0.4519
vt 1.9470 0.5232 0.4507
vt 1.9483 0.5215 0.4519
vt 1.9483 0.5250 0.4519
vt 1.9470 0.5250 0.4507
vt 1.9495 0.5232 0.4532
vt 1.9495 0.5215 0.4532
vt 1.9495 0.5250 0.4532
vt 1.9448 0.5232 0.4484
vt 1.9448 0.5215 0.4484
vt 1.9460 0.5232 0.4497
vt 1.9448 0.5250 0.4484
vt 1.9460 0.5250 0.4497
vt 0.5481 0.4768 1.9483
vt 0.5493 0.4768 1.9470
vt 0.5481 0.4785 1.9483
vt 0.5481 0.4750 1.9483
vt 0.5493 0.4750 1.9470
vt 0.5516 0.4768 1.9448
vt 0.5516 0.4785 1.9448
vt 0.5503 0.4768 1.9460
vt 0.5528 0.4768 1.9435
vt 0.5528 0.4785 1.9435
vt 0.5516 0.4750 1.9448
vt 0.5503 0.4750 1.9460
vt 0.5528 0.4750 1.9435
vt 0.5516 0.5232 1.9448
vt 0.5503 0.5232 1.9460
vt 0.5516 0.5215 1.9448
vt 0.5516 0.5250 1.9448
vt 0.5503 0.5250 1.9460
vt 0.5528 0.5232 1.9435
vt 0.5528 0.5215 1.9435
vt 0.5528 0.5250 1.9435
vt 0.5481 0.5232 1.9483
vt 0.5481 0.5215 1.9483
vt 0.5493 0.5232 1.9470
vt 0.5481 0.5250 1.9483
vt 0.5493 0.5250 1.9470
vt -0.1548 0.4768 0.4422
vt -0.1530 0.4768 0.4422
vt -0.1548 0.4785 0.4422
vt -0.1548 0.4750 0.4422
vt -0.1530 0.4750 0.4422
vt -0.1565 0.4768 0.4422
vt -0.1565 0.4785 0.4422
vt -0.1565 0.4750 0.4422
vt 1.1549 0.4768 0.4422
vt 1.1549 0.4785 0.4422
vt 1.1531 0.4768 0.4422
vt 1.1566 0.4768 0.4422
vt 1.1566 0.4785 0.4422
vt 1.1549 0.4750 0.4422
vt 1.1531 0.4750 0.4422
vt 1.1566 0.4750 0.4422
vt 1.1549 0.5232 0.4422
vt 1.1531 0.5232 0.4422
vt 1.1549 0.5215 0.4422
vt 1.1549 0.5250 0.4422
vt 1.1531 0.5250 0.4422
vt 1.1566 0.5232 0.4422
vt 1.1566 0.5215 0.4422
vt 1.1566 0.5250 0.4422
vt -0.1548 0.5232 0.4422
vt -0.1548 0.5215 0.4422
vt -0.1530 0.5232 0.4422
vt -0.1565 0.5232 0.4422
vt -0.1565 0.5215 0.4422
vt -0.1548 0.5250 0.4422
vt -0.1530 0.5250 0.4422
vt -0.1565 0.5250 0.4422
vt 0.4499 0.4768 1.1615
vt 0.4516 0.4768 1.1613
vt 0.4499 0.4785 1.1615
vt 0.4499 0.4750 1.1615
vt 0.4516 0.4750 1.1613
vt 0.4481 0.4768 1.1618
vt 0.4481 0.4785 1.1618
vt 0.4481 0.4750 1.1618
vt 0.5501 0.4768 1.1474
vt 0.5501 0.4785 1.1474
vt 0.5484 0.4768 1.1476
vt 0.5519 0.4768 1.1471
vt 0.5519 0.4785 1.1471
vt 0.5501 0.4750 1.1474
vt 0.5484 0.4750 1.1476
vt 0.5519 0.4750 1.1471
vt 0.5501 0.5232 1.1474
vt 0.5484 0.5232 1.1476
vt 0.5501 0.5215 1.1474
vt 0.5501 0.5250 1.1474
vt 0.5484 0.5250 1.1476
vt 0.5519 0.5232 1.1471
vt 0.5519 0.5215 1.1471
vt 0.5519 0.5250 1.1471
vt 0.4499 0.5232 1.1615
vt 0.4499 0.5215 1.1615
vt 0.4516 0.5232 1.1613
vt 0.4481 0.5232 1.1618
vt 0.4481 0.5215 1.1618
vt 0.4499 0.5250 1.1615
vt 0.4516 0.5250 1.1613
vt 0.4481 0.5250 1.1618
vt -0.1385 0.4768 0.5578
vt -0.1368 0.4768 0.5578
vt -0.1385 0.4785 0.5578
vt -0.1385 0.4750 0.5578
vt -0.1368 0.4750 0.5578
vt -0.1403 0.4768 0.5578
vt -0.1403 0.4785 0.5578
vt -0.1403 0.4750 0.5578
vt 1.1404 0.4768 0.5578
vt 1.1404 0.4785 0.5578
vt 1.1386 0.4768 0.5578
vt 1.1421 0.4768 0.5578
vt 1.1421 0.4785 0.5578
vt 1.1404 0.4750 0.5578
vt 1.1386 0.4750 0.5578
vt 1.1421 0.4750 0.5578
vt 1.1404 0.5232 0.5578
vt 1.1386 0.5232 0.5578
vt 1.1404 0.5215 0.5578
vt 1.1404 0.5250 0.5578
vt 1.1386 0.5250 0.5578
vt 1.1421 0.5232 0.5578
vt 1.1421 0.5215 0.5578
vt 1.1421 0.5250 0.5578
vt -0.1385 0.5232 0.5578
vt -0.1385 0.5215 0.5578
vt -0.1368 0.5232 0.5578
vt -0.1403 0.5232 0.5578
vt -0.1403 0.5215 0.5578
vt -0.1385 0.5250 0.5578
vt -0.1368 0.5250 0.5578
vt -0.1403 0.5250 0.5578
vt 0.4499 0.4768 -0.1491
vt 0.4516 0.4768 -0.1493
vt 0.4499 0.4785 -0.1491
vt 0.4499 0.4750 -0.1491
vt 0.4516 0.4750 -0.1493
vt 0.4481 0.4768 -0.1489
vt 0.4481 0.4785 -0.1489
vt 0.4481 0.4750 -0.1489
vt 0.5501 0.4768 -0.1616
vt 0.5501 0.4785 -0.1616
vt 0.5484 0.4768 -0.1613
vt 0.5519 0.4768 -0.1618
vt 0.5519 0.4785 -0.1618
vt 0.5501 0.4750 -0.1616
vt 0.5484 0.4750 -0.1613
vt 0.5519 0.4750 -0.1618
vt 0.5501 0.5232 -0.1616
vt 0.5484 0.5232 -0.1613
vt 0.5501 0.5215 -0.1616
vt 0.5501 0.5250 -0.1616
vt 0.5484 0.5250 -0.1613
vt 0.5519 0.5232 -0.1618
vt 0.5519 0.5215 -0.1618
vt 0.5519 0.5250 -0.1618
vt 0.4499 0.5232 -0.1491
vt 0.4499 0.5215 -0.1491
vt 0.4516 0.5232 -0.1493
vt 0.4481 0.5232 -0.1489
vt 0.4481 0.5215 -0.1489
vt 0.4499 0.5250 -0.1491
vt 0.4516 0.5250 -0.1493
vt 0.4481 0.5250 -0.1489
vt 1.1558 0.4437 0.4750
vt 1.1569 0.4453 0.4750
vt 1.1540 0.4439 0.4750
vt 1.1577 0.4435 0.4750
vt 1.1588 0.4448 0.4750
vt 1.1548 0.4422 0.4750
vt 1.1530 0.4422 0.4750
vt 1.1565 0.4422 0.4750
vt 1.1602 0.4486 0.4750
vt 1.1597 0.4505 0.4750
vt 1.1588 0.4474 0.4750
vt 1.1616 0.4499 0.4750
vt 1.1613 0.4516 0.4750
vt 1.1606 0.4468 0.4750
vt 1.1595 0.4455 0.4750
vt 1.1618 0.4481 0.4750
vt 1.1475 0.5511 0.4750
vt 1.1459 0.5521 0.4750
vt 1.1474 0.5492 0.4750
vt 1.1476 0.5530 0.4750
vt 1.1463 0.5542 0.4750
vt 1.1491 0.5501 0.4750
vt 1.1493 0.5484 0.4750
vt 1.1489 0.5519 0.4750
vt 1.1416 0.5563 0.4750
vt 1.1397 0.5561 0.4750
vt 1.1428 0.5549 0.4750
vt 1.1404 0.5578 0.4750
vt 1.1386 0.5578 0.4750
vt 1.1435 0.5566 0.4750
vt 1.1448 0.5555 0.4750
vt 1.1421 0.5578 0.4750
vt -0.1397 0.5564 0.4750
vt -0.1410 0.5549 0.4750
vt -0.1379 0.5561 0.4750
vt -0.1416 0.5567 0.4750
vt -0.1429 0.5555 0.4750
vt -0.1385 0.5578 0.4750
vt -0.1368 0.5578 0.4750
vt -0.1403 0.5578 0.4750
vt -0.1458 0.5511 0.4750
vt -0.1457 0.5492 0.4750
vt -0.1442 0.5521 0.4750
vt -0.1474 0.5501 0.4750
vt -0.1476 0.5484 0.4750
vt -0.1458 0.5530 0.4750
vt -0.1445 0.5542 0.4750
vt -0.1471 0.5519 0.4750
vt -0.1602 0.4486 0.4750
vt -0.1588 0.4474 0.4750
vt -0.1597 0.4504 0.4750
vt -0.1606 0.4468 0.4750
vt -0.1595 0.4455 0.4750
vt -0.1615 0.4499 0.4750
vt -0.1613 0.4516 0.4750
vt -0.1618 0.4481 0.4750
vt -0.1559 0.4437 0.4750
vt -0.1541 0.4439 0.4750
vt -0.1570 0.4453 0.4750
vt -0.1549 0.4422 0.4750
vt -0.1531 0.4422 0.4750
vt -0.1578 0.4435 0.4750
vt -0.1589 0.4448 0.4750
vt -0.1566 0.4422 0.4750
vt -0.1602 0.4486 0.5250
vt -0.1588 0.4474 0.5250
vt -0.1597 0.4505 0.5250
vt -0.1606 0.4468 0.5250
vt -0.1595 0.4455 0.5250
vt -0.1616 0.4499 0.5250
vt -0.1613 0.4516 0.5250
vt -0.1618 0.4481 0.5250
vt -0.1558 0.4437 0.5250
vt -0.1540 0.4439 0.5250
vt -0.1569 0.4453 0.5250
vt -0.1548 0.4422 0.5250
vt -0.1530 0.4422 0.5250
vt -0.1577 0.4435 0.5250
vt -0.1588 0.4448 0.5250
vt -0.1565 0.4422 0.5250
vt 1.1559 0.4437 0.5250
vt 1.1570 0.4453 0.5250
vt 1.1541 0.4439 0.5250
vt 1.1578 0.4435 0.5250
vt 1.1589 0.4448 0.5250
vt 1.1549 0.4422 0.5250
vt 1.1531 0.4422 0.5250
vt 1.1566 0.4422 0.5250
vt 1.1602 0.4486 0.5250
vt 1.1597 0.4504 0.5250
vt 1.1588 0.4474 0.5250
vt 1.1615 0.4499 0.5250
vt 1.1613 0.4516 0.5250
vt 1.1606 0.4468 0.5250
vt 1.1595 0.4455 0.5250
vt 1.1618 0.4481 0.5250
vt 1.1458 0.5511 0.5250
vt 1.1442 0.5521 0.5250
vt 1.1457 0.5492 0.5250
vt 1.1458 0.5530 0.5250
vt 1.1445 0.5542 0.5250
vt 1.1474 0.5501 0.5250
vt 1.1476 0.5484 0.5250
vt 1.1471 0.5519 0.5250
vt 1.1397 0.5564 0.5250
vt 1.1379 0.5561 0.5250
vt 1.1410 0.5549 0.5250
vt 1.1385 0.5578 0.5250
vt 1.1368 0.5578 0.5250
vt 1.1416 0.5567 0.5250
vt 1.1429 0.5555 0.5250
vt 1.1403 0.5578 0.5250
vt -0.1416 0.5563 0.5250
vt -0.1428 0.5549 0.5250
vt -0.1397 0.5561 0.5250
vt -0.1435 0.5566 0.5250
vt -0.1448 0.5555 0.5250
vt -0.1404 0.5578 0.5250
vt -0.1386 0.5578 0.5250
vt -0.1421 0.5578 0.5250
vt -0.1475 0.5511 0.5250
vt -0.1474 0.5492 0.5250
vt -0.1459 0.5521 0.5250
vt -0.1491 0.5501 0.5250
vt -0.1493 0.5484 0.5250
vt -0.1476 0.5530 0.5250
vt -0.1463 0.5542 0.5250
vt -0.1489 0.5519 0.5250
vt 0.4435 0.4768 1.1578
vt 0.4448 0.4768 1.1589
vt 0.4435 0.4785 1.1578
vt 0.4435 0.4750 1.1578
vt 0.4448 0.4750 1.1589
vt 0.4422 0.4768 1.1566
vt 0.4422 0.4785 1.1566
vt 0.4422 0.4750 1.1566
vt 0.4468 0.4768 1.1606
vt 0.4468 0.4785 1.1606
vt 0.4455 0.4768 1.1595
vt 0.4468 0.4750 1.1606
vt 0.4455 0.4750 1.1595
vt 0.4468 0.5232 1.1606
vt 0.4455 0.5232 1.1595
vt 0.4468 0.5215 1.1606
vt 0.4468 0.5250 1.1606
vt 0.4455 0.5250 1.1595
vt 0.4435 0.5232 1.1578
vt 0.4435 0.5215 1.1578
vt 0.4448 0.5232 1.1589
vt 0.4422 0.5232 1.1566
vt 0.4422 0.5215 1.1566
vt 0.4435 0.5250 1.1578
vt 0.4448 0.5250 1.1589
vt 0.4422 0.5250 1.1566
vt 0.5565 0.5232 -0.1577
vt 0.5552 0.5232 -0.1588
vt 0.5565 0.5215 -0.1577
vt 0.5565 0.5250 -0.1577
vt 0.5552 0.5250 -0.1588
vt 0.5578 0.5232 -0.1565
vt 0.5578 0.5215 -0.1565
vt 0.5578 0.5250 -0.1565
vt 0.5532 0.5232 -0.1606
vt 0.5532 0.5215 -0.1606
vt 0.5545 0.5232 -0.1595
vt 0.5532 0.5250 -0.1606
vt 0.5545 0.5250 -0.1595
vt 0.5532 0.4768 -0.1606
vt 0.5545 0.4768 -0.1595
vt 0.5532 0.4785 -0.1606
vt 0.5532 0.4750 -0.1606
vt 0.5545 0.4750 -0.1595
vt 0.5565 0.4768 -0.1577
vt 0.5565 0.4785 -0.1577
vt 0.5552 0.4768 -0.1588
vt 0.5578 0.4768 -0.1565
vt 0.5578 0.4785 -0.1565
vt 0.5565 0.4750 -0.1577
vt 0.5552 0.4750 -0.1588
vt 0.5578 0.4750 -0.1565
vt -0.1458 0.4768 0.5530
vt -0.1445 0.4768 0.5542
vt -0.1458 0.4785 0.5530
vt -0.1458 0.4750 0.5530
vt -0.1445 0.4750 0.5542
vt -0.1471 0.4768 0.5519
vt -0.1471 0.4785 0.5519
vt -0.1471 0.4750 0.5519
vt -0.1416 0.4768 0.5567
vt -0.1416 0.4785 0.5567
vt -0.1429 0.4768 0.5555
vt -0.1416 0.4750 0.5567
vt -0.1429 0.4750 0.5555
vt -0.1416 0.5232 0.5567
vt -0.1429 0.5232 0.5555
vt -0.1416 0.5215 0.5567
vt -0.1416 0.5250 0.5567
vt -0.1429 0.5250 0.5555
vt -0.1458 0.5232 0.5530
vt -0.1458 0.5215 0.5530
vt -0.1445 0.5232 0.5542
vt -0.1471 0.5232 0.5519
vt -0.1471 0.5215 0.5519
vt -0.1458 0.5250 0.5530
vt -0.1445 0.5250 0.5542
vt -0.1471 0.5250 0.5519
vt 1.1435 0.4768 0.5566
vt 1.1448 0.4768 0.5555
vt 1.1435 0.4785 0.5566
vt 1.1435 0.4750 0.5566
vt 1.1448 0.4750 0.5555
vt 1.1476 0.4768 0.5530
vt 1.1476 0.4785 0.5530
vt 1.1463 0.4768 0.5542
vt 1.1489 0.4768 0.5519
vt 1.1489 0.4785 0.5519
vt 1.1476 0.4750 0.5530
vt 1.1463 0.4750 0.5542
vt 1.1489 0.4750 0.5519
vt 1.1476 0.5232 0.5530
vt 1.1463 0.5232 0.5542
vt 1.1476 0.5215 0.5530
vt 1.1476 0.5250 0.5530
vt 1.1463 0.5250 0.5542
vt 1.1489 0.5232 0.5519
vt 1.1489 0.5215 0.5519
vt 1.1489 0.5250 0.5519
vt 1.1435 0.5232 0.5566
vt 1.1435 0.5215 0.5566
vt 1.1448 0.5232 0.5555
vt 1.1435 0.5250 0.5566
vt 1.1448 0.5250 0.5555
vt 0.4592 0.4671 0.3675
vt 0.4609 0.4671 0.3675
vt 0.4592 0.4689 0.3675
vt 0.4592 0.4654 0.3675
vt 0.4609 0.4654 0.3675
vt 0.4574 0.4671 0.3675
vt 0.4574 0.4689 0.3675
vt 0.4574 0.4654 0.3675
vt 0.5408 0.4671 0.3675
vt 0.5408 0.4689 0.3675
vt 0.5391 0.4671 0.3675
vt 0.5426 0.4671 0.3675
vt 0.5426 0.4689 0.3675
vt 0.5408 0.4654 0.3675
vt 0.5391 0.4654 0.3675
vt 0.5426 0.4654 0.3675
vt 0.5408 0.5329 0.3675
vt 0.5391 0.5329 0.3675
vt 0.5408 0.5311 0.3675
vt 0.5408 0.5346 0.3675
vt 0.5391 0.5346 0.3675
vt 0.5426 0.5329 0.3675
vt 0.5426 0.5311 0.3675
vt 0.5426 0.5346 0.3675
vt 0.4592 0.5329 0.3675
vt 0.4592 0.5311 0.3675
vt 0.4609 0.5329 0.3675
vt 0.4574 0.5329 0.3675
vt 0.4574 0.5311 0.3675
vt 0.4592 0.5346 0.3675
vt 0.4609 0.5346 0.3675
vt 0.4574 0.5346 0.3675
vt 0.3685 0.4654 0.4574
vt 0.3694 0.4637 0.4574
vt 0.3692 0.4672 0.4574
vt 0.3677 0.4636 0.4574
vt 0.3679 0.4619 0.4574
vt 0.3675 0.4671 0.4574
vt 0.3675 0.4689 0.4574
vt 0.3675 0.4654 0.4574
vt 0.3694 0.4585 0.4574
vt 0.3707 0.4570 0.4574
vt 0.3698 0.4604 0.4574
vt 0.3690 0.4566 0.4574
vt 0.3697 0.4550 0.4574
vt 0.3681 0.4599 0.4574
vt 0.3679 0.4617 0.4574
vt 0.3683 0.4582 0.4574
vt 0.3717 0.4533 0.4574
vt 0.3734 0.4524 0.4574
vt 0.3715 0.4552 0.4574
vt 0.3719 0.4514 0.4574
vt 0.3732 0.4501 0.4574
vt 0.3700 0.4542 0.4574
vt 0.3693 0.4558 0.4574
vt 0.3707 0.4526 0.4574
vt 0.3754 0.4496 0.4574
vt 0.3773 0.4494 0.4574
vt 0.3744 0.4513 0.4574
vt 0.3763 0.4479 0.4574
vt 0.3779 0.4472 0.4574
vt 0.3734 0.4498 0.4574
vt 0.3722 0.4511 0.4574
vt 0.3747 0.4486 0.4574
vt 0.3806 0.4473 0.4574
vt 0.3825 0.4477 0.4574
vt 0.3791 0.4486 0.4574
vt 0.3820 0.4460 0.4574
vt 0.3838 0.4458 0.4574
vt 0.3787 0.4469 0.4574
vt 0.3770 0.4476 0.4574
vt 0.3803 0.4462 0.4574
vt 0.3875 0.4464 0.4574
vt 0.3893 0.4471 0.4574
vt 0.3858 0.4473 0.4574
vt 0.3892 0.4454 0.4574
vt 0.3910 0.4454 0.4574
vt 0.3857 0.4456 0.4574
vt 0.3840 0.4458 0.4574
vt 0.3875 0.4454 0.4574
vt 0.6125 0.4464 0.4574
vt 0.6142 0.4473 0.4574
vt 0.6107 0.4471 0.4574
vt 0.6143 0.4456 0.4574
vt 0.6160 0.4458 0.4574
vt 0.6108 0.4454 0.4574
vt 0.6090 0.4454 0.4574
vt 0.6125 0.4454 0.4574
vt 0.6194 0.4473 0.4574
vt 0.6209 0.4486 0.4574
vt 0.6175 0.4477 0.4574
vt 0.6213 0.4469 0.4574
vt 0.6230 0.4476 0.4574
vt 0.6180 0.4460 0.4574
vt 0.6162 0.4458 0.4574
vt 0.6197 0.4462 0.4574
vt 0.6246 0.4496 0.4574
vt 0.6256 0.4513 0.4574
vt 0.6227 0.4494 0.4574
vt 0.6266 0.4498 0.4574
vt 0.6278 0.4511 0.4574
vt 0.6237 0.4479 0.4574
vt 0.6221 0.4472 0.4574
vt 0.6253 0.4486 0.4574
vt 0.6283 0.4533 0.4574
vt 0.6285 0.4552 0.4574
vt 0.6266 0.4524 0.4574
vt 0.6300 0.4542 0.4574
vt 0.6307 0.4558 0.4574
vt 0.6281 0.4514 0.4574
vt 0.6268 0.4501 0.4574
vt 0.6293 0.4526 0.4574
vt 0.6306 0.4585 0.4574
vt 0.6302 0.4604 0.4574
vt 0.6293 0.4570 0.4574
vt 0.6319 0.4599 0.4574
vt 0.6321 0.4617 0.4574
vt 0.6310 0.4566 0.4574
vt 0.6303 0.4550 0.4574
vt 0.6317 0.4582 0.4574
vt 0.6315 0.4654 0.4574
vt 0.6308 0.4672 0.4574
vt 0.6306 0.4637 0.4574
vt 0.6325 0.4671 0.4574
vt 0.6325 0.4689 0.4574
vt 0.6323 0.4636 0.4574
vt 0.6321 0.4619 0.4574
vt 0.6325 0.4654 0.4574
vt 0.6315 0.5346 0.4574
vt 0.6306 0.5363 0.4574
vt 0.6308 0.5328 0.4574
vt 0.6323 0.5364 0.4574
vt 0.6321 0.5381 0.4574
vt 0.6325 0.5329 0.4574
vt 0.6325 0.5311 0.4574
vt 0.6325 0.5346 0.4574
vt 0.6306 0.5415 0.4574
vt 0.6293 0.5430 0.4574
vt 0.6302 0.5396 0.4574
vt 0.6310 0.5434 0.4574
vt 0.6303 0.5450 0.4574
vt 0.6319 0.5401 0.4574
vt 0.6321 0.5383 0.4574
vt 0.6317 0.5418 0.4574
vt 0.6283 0.5467 0.4574
vt 0.6266 0.5476 0.4574
vt 0.6285 0.5448 0.4574
vt 0.6281 0.5486 0.4574
vt 0.6268 0.5499 0.4574
vt 0.6300 0.5458 0.4574
vt 0.6307 0.5442 0.4574
vt 0.6293 0.5474 0.4574
vt 0.6246 0.5504 0.4574
vt 0.6227 0.5506 0.4574
vt 0.6256 0.5487 0.4574
vt 0.6237 0.5521 0.4574
vt 0.6221 0.5528 0.4574
vt 0.6266 0.5502 0.4574
vt 0.6278 0.5489 0.4574
vt 0.6253 0.5514 0.4574
vt 0.6194 0.5527 0.4574
vt 0.6175 0.5523 0.4574
vt 0.6209 0.5514 0.4574
vt 0.6180 0.5540 0.4574
vt 0.6162 0.5542 0.4574
vt 0.6213 0.5531 0.4574
vt 0.6230 0.5524 0.4574
vt 0.6197 0.5538 0.4574
vt 0.6125 0.5536 0.4574
vt 0.6107 0.5529 0.4574
vt 0.6142 0.5527 0.4574
vt 0.6108 0.5546 0.4574
vt 0.6090 0.5546 0.4574
vt 0.6143 0.5544 0.4574
vt 0.6160 0.5542 0.4574
vt 0.6125 0.5546 0.4574
vt 0.3875 0.5536 0.4574
vt 0.3858 0.5527 0.4574
vt 0.3893 0.5529 0.4574
vt 0.3857 0.5544 0.4574
vt 0.3840 0.5542 0.4574
vt 0.3892 0.5546 0.4574
vt 0.3910 0.5546 0.4574
vt 0.3875 0.5546 0.4574
vt 0.3806 0.5527 0.4574
vt 0.3791 0.5514 0.4574
vt 0.3825 0.5523 0.4574
vt 0.3787 0.5531 0.4574
vt 0.3770 0.5524 0.4574
vt 0.3820 0.5540 0.4574
vt 0.3838 0.5542 0.4574
vt 0.3803 0.5538 0.4574
vt 0.3754 0.5504 0.4574
vt 0.3744 0.5487 0.4574
vt 0.3773 0.5506 0.4574
vt 0.3734 0.5502 0.4574
vt 0.3722 0.5489 0.4574
vt 0.3763 0.5521 0.4574
vt 0.3779 0.5528 0.4574
vt 0.3747 0.5514 0.4574
vt 0.3717 0.5467 0.4574
vt 0.3715 0.5448 0.4574
vt 0.3734 0.5476 0.4574
vt 0.3700 0.5458 0.4574
vt 0.3693 0.5442 0.4574
vt 0.3719 0.5486 0.4574
vt 0.3732 0.5499 0.4574
vt 0.3707 0.5474 0.4574
vt 0.3694 0.5415 0.4574
vt 0.3698 0.5396 0.4574
vt 0.3707 0.5430 0.4574
vt 0.3681 0.5401 0.4574
vt 0.3679 0.5383 0.4574
vt 0.3690 0.5434 0.4574
vt 0.3697 0.5450 0.4574
vt 0.3683 0.5418 0.4574
vt 0.3685 0.5346 0.4574
vt 0.3692 0.5328 0.4574
vt 0.3694 0.5363 0.4574
vt 0.3675 0.5329 0.4574
vt 0.3675 0.5311 0.4574
vt 0.3677 0.5364 0.4574
vt 0.3679 0.5381 0.4574
vt 0.3675 0.5346 0.4574
vt 0.4592 0.4671 0.6325
vt 0.4609 0.4671 0.6325
vt 0.4592 0.4689 0.6325
vt 0.4592 0.4654 0.6325
vt 0.4609 0.4654 0.6325
vt 0.4574 0.4671 0.6325
vt 0.4574 0.4689 0.6325
vt 0.4574 0.4654 0.6325
vt 0.5408 0.4671 0.6325
vt 0.5408 0.4689 0.6325
vt 0.5391 0.4671 0.6325
vt 0.5426 0.4671 0.6325
vt 0.5426 0.4689 0.6325
vt 0.5408 0.4654 0.6325
vt 0.5391 0.4654 0.6325
vt 0.5426 0.4654 0.6325
vt 0.5408 0.5329 0.6325
vt 0.5391 0.5329 0.6325
vt 0.5408 0.5311 0.6325
vt 0.5408 0.5346 0.6325
vt 0.5391 0.5346 0.6325
vt 0.5426 0.5329 0.6325
vt 0.5426 0.5311 0.6325
vt 0.5426 0.5346 0.6325
vt 0.4592 0.5329 0.6325
vt 0.4592 0.5311 0.6325
vt 0.4609 0.5329 0.6325
vt 0.4574 0.5329 0.6325
vt 0.4574 0.5311 0.6325
vt 0.4592 0.5346 0.6325
vt 0.4609 0.5346 0.6325
vt 0.4574 0.5346 0.6325
vt 0.3685 0.4654 0.5426
vt 0.3694 0.4637 0.5426
vt 0.3692 0.4672 0.5426
vt 0.3677 0.4636 0.5426
vt 0.3679 0.4619 0.5426
vt 0.3675 0.4671 0.5426
vt 0.3675 0.4689 0.5426
vt 0.3675 0.4654 0.5426
vt 0.3694 0.4585 0.5426
vt 0.3707 0.4570 0.5426
vt 0.3698 0.4604 0.5426
vt 0.3690 0.4566 0.5426
vt 0.3697 0.4550 0.5426
vt 0.3681 0.4599 0.5426
vt 0.3679 0.4617 0.5426
vt 0.3683 0.4582 0.5426
vt 0.3717 0.4533 0.5426
vt 0.3734 0.4524 0.5426
vt 0.3715 0.4552 0.5426
vt 0.3719 0.4514 0.5426
vt 0.3732 0.4501 0.5426
vt 0.3700 0.4542 0.5426
vt 0.3693 0.4558 0.5426
vt 0.3707 0.4526 0.5426
vt 0.3754 0.4496 0.5426
vt 0.3773 0.4494 0.5426
vt 0.3744 0.4513 0.5426
vt 0.3763 0.4479 0.5426
vt 0.3779 0.4472 0.5426
vt 0.3734 0.4498 0.5426
vt 0.3722 0.4511 0.5426
vt 0.3747 0.4486 0.5426
vt 0.3806 0.4473 0.5426
vt 0.3825 0.4477 0.5426
vt 0.3791 0.4486 0.5426
vt 0.3820 0.4460 0.5426
vt 0.3838 0.4458 0.5426
vt 0.3787 0.4469 0.5426
vt 0.3770 0.4476 0.5426
vt 0.3803 0.4462 0.5426
vt 0.3875 0.4464 0.5426
vt 0.3893 0.4471 0.5426
vt 0.3858 0.4473 0.5426
vt 0.3892 0.4454 0.5426
vt 0.3910 0.4454 0.5426
vt 0.3857 0.4456 0.5426
vt 0.3840 0.4458 0.5426
vt 0.3875 0.4454 0.5426
vt 0.4382 0.4471 0.5426
vt 0.4382 0.4489 0.5426
vt 0.4364 0.4471 0.5426
vt 0.4399 0.4471 0.5426
vt 0.4399 0.4489 0.5426
vt 0.4382 0.4454 0.5426
vt 0.4364 0.4454 0.5426
vt 0.4399 0.4454 0.5426
vt 0.4382 0.5529 0.5426
vt 0.4364 0.5529 0.5426
vt 0.4382 0.5511 0.5426
vt 0.4382 0.5546 0.5426
vt 0.4364 0.5546 0.5426
vt 0.4399 0.5529 0.5426
vt 0.4399 0.5511 0.5426
vt 0.4399 0.5546 0.5426
vt 0.3875 0.5536 0.5426
vt 0.3858 0.5527 0.5426
vt 0.3893 0.5529 0.5426
vt 0.3857 0.5544 0.5426
vt 0.3840 0.5542 0.5426
vt 0.3892 0.5546 0.5426
vt 0.3910 0.5546 0.5426
vt 0.3875 0.5546 0.5426
vt 0.3806 0.5527 0.5426
vt 0.3791 0.5514 0.5426
vt 0.3825 0.5523 0.5426
vt 0.3787 0.5531 0.5426
vt 0.3770 0.5524 0.5426
vt 0.3820 0.5540 0.5426
vt 0.3838 0.5542 0.5426
vt 0.3803 0.5538 0.5426
vt 0.3754 0.5504 0.5426
vt 0.3744 0.5487 0.5426
vt 0.3773 0.5506 0.5426
vt 0.3734 0.5502 0.5426
vt 0.3722 0.5489 0.5426
vt 0.3763 0.5521 0.5426
vt 0.3779 0.5528 0.5426
vt 0.3747 0.5514 0.5426
vt 0.3717 0.5467 0.5426
vt 0.3715 0.5448 0.5426
vt 0.3734 0.5476 0.5426
vt 0.3700 0.5458 0.5426
vt 0.3693 0.5442 0.5426
vt 0.3719 0.5486 0.5426
vt 0.3732 0.5499 0.5426
vt 0.3707 0.5474 0.5426
vt 0.3694 0.5415 0.5426
vt 0.3698 0.5396 0.5426
vt 0.3707 0.5430 0.5426
vt 0.3681 0.5401 0.5426
vt 0.3679 0.5383 0.5426
vt 0.3690 0.5434 0.5426
vt 0.3697 0.5450 0.5426
vt 0.3683 0.5418 0.5426
vt 0.3685 0.5346 0.5426
vt 0.3692 0.5328 0.5426
vt 0.3694 0.5363 0.5426
vt 0.3675 0.5329 0.5426
vt 0.3675 0.5311 0.5426
vt 0.3677 0.5364 0.5426
vt 0.3679 0.5381 0.5426
vt 0.3675 0.5346 0.5426
vt 0.4592 0.4471 0.5601
vt 0.4609 0.4471 0.5601
vt 0.4592 0.4489 0.5601
vt 0.4592 0.4454 0.5601
vt 0.4609 0.4454 0.5601
vt 0.4574 0.4471 0.5601
vt 0.4574 0.4489 0.5601
vt 0.4574 0.4454 0.5601
vt 0.5076 0.4471 0.5601
vt 0.5076 0.4489 0.5601
vt 0.5059 0.4471 0.5601
vt 0.5094 0.4471 0.5601
vt 0.5094 0.4489 0.5601
vt 0.5076 0.4454 0.5601
vt 0.5059 0.4454 0.5601
vt 0.5094 0.4454 0.5601
vt 0.5076 0.5529 0.5601
vt 0.5059 0.5529 0.5601
vt 0.5076 0.5511 0.5601
vt 0.5076 0.5546 0.5601
vt 0.5059 0.5546 0.5601
vt 0.5094 0.5529 0.5601
vt 0.5094 0.5511 0.5601
vt 0.5094 0.5546 0.5601
vt 0.4592 0.5529 0.5601
vt 0.4592 0.5511 0.5601
vt 0.4609 0.5529 0.5601
vt 0.4574 0.5529 0.5601
vt 0.4574 0.5511 0.5601
vt 0.4592 0.5546 0.5601
vt 0.4609 0.5546 0.5601
vt 0.4574 0.5546 0.5601
vt 0.4417 0.4471 0.4906
vt 0.4435 0.4471 0.4906
vt 0.4417 0.4489 0.4906
vt 0.4417 0.4454 0.4906
vt 0.4435 0.4454 0.4906
vt 0.4399 0.4471 0.4906
vt 0.4399 0.4489 0.4906
vt 0.4399 0.4454 0.4906
vt 0.5580 0.4471 0.4906
vt 0.5580 0.4489 0.4906
vt 0.5563 0.4471 0.4906
vt 0.5598 0.4471 0.4906
vt 0.5598 0.4489 0.4906
vt 0.5580 0.4454 0.4906
vt 0.5563 0.4454 0.4906
vt 0.5598 0.4454 0.4906
vt 0.5580 0.5529 0.4906
vt 0.5563 0.5529 0.4906
vt 0.5580 0.5511 0.4906
vt 0.5580 0.5546 0.4906
vt 0.5563 0.5546 0.4906
vt 0.5598 0.5529 0.4906
vt 0.5598 0.5511 0.4906
vt 0.5598 0.5546 0.4906
vt 0.4417 0.5529 0.4906
vt 0.4417 0.5511 0.4906
vt 0.4435 0.5529 0.4906
vt 0.4399 0.5529 0.4906
vt 0.4399 0.5511 0.4906
vt 0.4417 0.5546 0.4906
vt 0.4435 0.5546 0.4906
vt 0.4399 0.5546 0.4906
vt 0.4924 0.4471 0.4402
vt 0.4941 0.4471 0.4402
vt 0.4924 0.4489 0.4402
vt 0.4924 0.4454 0.4402
vt 0.4941 0.4454 0.4402
vt 0.4906 0.4471 0.4402
vt 0.4906 0.4489 0.4402
vt 0.4906 0.4454 0.4402
vt 0.5408 0.4471 0.4402
vt 0.5408 0.4489 0.4402
vt 0.5391 0.4471 0.4402
vt 0.5426 0.4471 0.4402
vt 0.5426 0.4489 0.4402
vt 0.5408 0.4454 0.4402
vt 0.5391 0.4454 0.4402
vt 0.5426 0.4454 0.4402
vt 0.5408 0.5529 0.4402
vt 0.5391 0.5529 0.4402
vt 0.5408 0.5511 0.4402
vt 0.5408 0.5546 0.4402
vt 0.5391 0.5546 0.4402
vt 0.5426 0.5529 0.4402
vt 0.5426 0.5511 0.4402
vt 0.5426 0.5546 0.4402
vt 0.4924 0.5529 0.4402
vt 0.4924 0.5511 0.4402
vt 0.4941 0.5529 0.4402
vt 0.4906 0.5529 0.4402
vt 0.4906 0.5511 0.4402
vt 0.4924 0.5546 0.4402
vt 0.4941 0.5546 0.4402
vt 0.4906 0.5546 0.4402
vt 0.5615 0.4471 0.5426
vt 0.5633 0.4472 0.5426
vt 0.5615 0.4489 0.5426
vt 0.5615 0.4454 0.5426
vt 0.5633 0.4454 0.5426
vt 0.5598 0.4471 0.5426
vt 0.5598 0.4489 0.5426
vt 0.5598 0.4454 0.5426
vt 0.6125 0.4464 0.5426
vt 0.6142 0.4473 0.5426
vt 0.6107 0.4472 0.5426
vt 0.6143 0.4456 0.5426
vt 0.6160 0.4458 0.5426
vt 0.6108 0.4454 0.5426
vt 0.6090 0.4454 0.5426
vt 0.6125 0.4454 0.5426
vt 0.6194 0.4473 0.5426
vt 0.6209 0.4486 0.5426
vt 0.6175 0.4477 0.5426
vt 0.6213 0.4469 0.5426
vt 0.6230 0.4476 0.5426
vt 0.6180 0.4460 0.5426
vt 0.6162 0.4458 0.5426
vt 0.6197 0.4462 0.5426
vt 0.6246 0.4496 0.5426
vt 0.6256 0.4513 0.5426
vt 0.6227 0.4494 0.5426
vt 0.6266 0.4498 0.5426
vt 0.6278 0.4511 0.5426
vt 0.6237 0.4479 0.5426
vt 0.6221 0.4472 0.5426
vt 0.6253 0.4486 0.5426
vt 0.6283 0.4533 0.5426
vt 0.6285 0.4552 0.5426
vt 0.6266 0.4524 0.5426
vt 0.6300 0.4542 0.5426
vt 0.6307 0.4558 0.5426
vt 0.6281 0.4514 0.5426
vt 0.6268 0.4501 0.5426
vt 0.6293 0.4526 0.5426
vt 0.6306 0.4585 0.5426
vt 0.6302 0.4604 0.5426
vt 0.6293 0.4570 0.5426
vt 0.6319 0.4599 0.5426
vt 0.6321 0.4617 0.5426
vt 0.6310 0.4566 0.5426
vt 0.6303 0.4550 0.5426
vt 0.6317 0.4582 0.5426
vt 0.6315 0.4654 0.5426
vt 0.6308 0.4672 0.5426
vt 0.6306 0.4637 0.5426
vt 0.6325 0.4671 0.5426
vt 0.6325 0.4689 0.5426
vt 0.6323 0.4636 0.5426
vt 0.6321 0.4619 0.5426
vt 0.6325 0.4654 0.5426
vt 0.6315 0.5346 0.5426
vt 0.6306 0.5363 0.5426
vt 0.6308 0.5328 0.5426
vt 0.6323 0.5364 0.5426
vt 0.6321 0.5381 0.5426
vt 0.6325 0.5329 0.5426
vt 0.6325 0.5311 0.5426
vt 0.6325 0.5346 0.5426
vt 0.6306 0.5415 0.5426
vt 0.6293 0.5430 0.5426
vt 0.6302 0.5396 0.5426
vt 0.6310 0.5434 0.5426
vt 0.6303 0.5450 0.5426
vt 0.6319 0.5401 0.5426
vt 0.6321 0.5383 0.5426
vt 0.6317 0.5418 0.5426
vt 0.6283 0.5467 0.5426
vt 0.6266 0.5476 0.5426
vt 0.6285 0.5448 0.5426
vt 0.6281 0.5486 0.5426
vt 0.6268 0.5499 0.5426
vt 0.6300 0.5458 0.5426
vt 0.6307 0.5442 0.5426
vt 0.6293 0.5474 0.5426
vt 0.6246 0.5504 0.5426
vt 0.6227 0.5506 0.5426
vt 0.6256 0.5487 0.5426
vt 0.6237 0.5521 0.5426
vt 0.6221 0.5528 0.5426
vt 0.6266 0.5502 0.5426
vt 0.6278 0.5489 0.5426
vt 0.6253 0.5514 0.5426
vt 0.6194 0.5527 0.5426
vt 0.6175 0.5523 0.5426
vt 0.6209 0.5514 0.5426
vt 0.6180 0.5540 0.5426
vt 0.6162 0.5542 0.5426
vt 0.6213 0.5531 0.5426
vt 0.6230 0.5524 0.5426
vt 0.6197 0.5538 0.5426
vt 0.6125 0.5536 0.5426
vt 0.6107 0.5529 0.5426
vt 0.6142 0.5527 0.5426
vt 0.6108 0.5546 0.5426
vt 0.6090 0.5546 0.5426
vt 0.6143 0.5544 0.5426
vt 0.6160 0.5542 0.5426
vt 0.6125 0.5546 0.5426
vt 0.5615 0.5529 0.5426
vt 0.5615 0.5511 0.5426
vt 0.5633 0.5529 0.5426
vt 0.5598 0.5529 0.5426
vt 0.5598 0.5511 0.5426
vt 0.5615 0.5546 0.5426
vt 0.5633 0.5546 0.5426
vt 0.5598 0.5546 0.5426
vt 0.5615 0.5408 0.4454
vt 0.5615 0.5391 0.4454
vt 0.5633 0.5408 0.4454
vt 0.5598 0.5408 0.4454
vt 0.5598 0.5391 0.4454
vt 0.5615 0.5426 0.4454
vt 0.5633 0.5426 0.4454
vt 0.5598 0.5426 0.4454
vt 0.5598 0.4906 0.4454
vt 0.5598 0.4889 0.4454
vt 0.5615 0.4906 0.4454
vt 0.5580 0.4906 0.4454
vt 0.5563 0.4906 0.4454
vt 0.5598 0.4924 0.4454
vt 0.5598 0.4941 0.4454
vt 0.4399 0.4906 0.4454
vt 0.4382 0.4906 0.4454
vt 0.4399 0.4889 0.4454
vt 0.4399 0.4924 0.4454
vt 0.4399 0.4941 0.4454
vt 0.4417 0.4906 0.4454
vt 0.4435 0.4906 0.4454
vt 0.4382 0.5408 0.4454
vt 0.4364 0.5408 0.4454
vt 0.4382 0.5391 0.4454
vt 0.4382 0.5426 0.4454
vt 0.4364 0.5426 0.4454
vt 0.4399 0.5408 0.4454
vt 0.4399 0.5391 0.4454
vt 0.4399 0.5426 0.4454
vt 0.3892 0.5408 0.4454
vt 0.3892 0.5391 0.4454
vt 0.3910 0.5408 0.4454
vt 0.3875 0.5408 0.4454
vt 0.3875 0.5391 0.4454
vt 0.3892 0.5426 0.4454
vt 0.3910 0.5426 0.4454
vt 0.3875 0.5426 0.4454
vt 0.3892 0.4592 0.4454
vt 0.3910 0.4592 0.4454
vt 0.3892 0.4609 0.4454
vt 0.3892 0.4574 0.4454
vt 0.3910 0.4574 0.4454
vt 0.3875 0.4592 0.4454
vt 0.3875 0.4609 0.4454
vt 0.3875 0.4574 0.4454
vt 0.6108 0.4592 0.4454
vt 0.6108 0.4609 0.4454
vt 0.6090 0.4592 0.4454
vt 0.6125 0.4592 0.4454
vt 0.6125 0.4609 0.4454
vt 0.6108 0.4574 0.4454
vt 0.6090 0.4574 0.4454
vt 0.6125 0.4574 0.4454
vt 0.6108 0.5408 0.4454
vt 0.6090 0.5408 0.4454
vt 0.6108 0.5391 0.4454
vt 0.6108 0.5426 0.4454
vt 0.6090 0.5426 0.4454
vt 0.6125 0.5408 0.4454
vt 0.6125 0.5391 0.4454
vt 0.6125 0.5426 0.4454
vt 0.4385 0.5408 0.5546
vt 0.4367 0.5408 0.5546
vt 0.4385 0.5391 0.5546
vt 0.4385 0.5426 0.5546
vt 0.4367 0.5426 0.5546
vt 0.4402 0.5408 0.5546
vt 0.4402 0.5391 0.5546
vt 0.4402 0.5426 0.5546
vt 0.3892 0.5408 0.5546
vt 0.3892 0.5391 0.5546
vt 0.3910 0.5408 0.5546
vt 0.3875 0.5408 0.5546
vt 0.3875 0.5391 0.5546
vt 0.3892 0.5426 0.5546
vt 0.3910 0.5426 0.5546
vt 0.3875 0.5426 0.5546
vt 0.3892 0.4592 0.5546
vt 0.3910 0.4592 0.5546
vt 0.3892 0.4609 0.5546
vt 0.3892 0.4574 0.5546
vt 0.3910 0.4574 0.5546
vt 0.3875 0.4592 0.5546
vt 0.3875 0.4609 0.5546
vt 0.3875 0.4574 0.5546
vt 0.6108 0.4592 0.5546
vt 0.6108 0.4609 0.5546
vt 0.6090 0.4592 0.5546
vt 0.6125 0.4592 0.5546
vt 0.6125 0.4609 0.5546
vt 0.6108 0.4574 0.5546
vt 0.6090 0.4574 0.5546
vt 0.6125 0.4574 0.5546
vt 0.6108 0.5408 0.5546
vt 0.6090 0.5408 0.5546
vt 0.6108 0.5391 0.5546
vt 0.6108 0.5426 0.5546
vt 0.6090 0.5426 0.5546
vt 0.6125 0.5408 0.5546
vt 0.6125 0.5391 0.5546
vt 0.6125 0.5426 0.5546
vt 0.5618 0.5408 0.5546
vt 0.5618 0.5391 0.5546
vt 0.5636 0.5408 0.5546
vt 0.5601 0.5408 0.5546
vt 0.5601 0.5391 0.5546
vt 0.5618 0.5426 0.5546
vt 0.5636 0.5426 0.5546
vt 0.5601 0.5426 0.5546
vt 0.5601 0.4906 0.5546
vt 0.5601 0.4889 0.5546
vt 0.5618 0.4906 0.5546
vt 0.5583 0.4906 0.5546
vt 0.5565 0.4906 0.5546
vt 0.5601 0.4924 0.5546
vt 0.5601 0.4941 0.5546
vt 0.4402 0.4906 0.5546
vt 0.4385 0.4906 0.5546
vt 0.4402 0.4889 0.5546
vt 0.4402 0.4924 0.5546
vt 0.4402 0.4941 0.5546
vt 0.4420 0.4906 0.5546
vt 0.4437 0.4906 0.5546
vt 0.4592 0.4636 0.6323
vt 0.4592 0.4619 0.6321
vt 0.4609 0.4636 0.6323
vt 0.4574 0.4636 0.6323
vt 0.4574 0.4619 0.6321
vt 0.4592 0.4599 0.6319
vt 0.4609 0.4599 0.6319
vt 0.4592 0.4617 0.6321
vt 0.4592 0.4582 0.6317
vt 0.4609 0.4582 0.6317
vt 0.4574 0.4599 0.6319
vt 0.4574 0.4617 0.6321
vt 0.4574 0.4582 0.6317
vt 0.5408 0.4599 0.6319
vt 0.5408 0.4617 0.6321
vt 0.5391 0.4599 0.6319
vt 0.5426 0.4599 0.6319
vt 0.5426 0.4617 0.6321
vt 0.5408 0.4582 0.6317
vt 0.5391 0.4582 0.6317
vt 0.5426 0.4582 0.6317
vt 0.5408 0.4636 0.6323
vt 0.5391 0.4636 0.6323
vt 0.5408 0.4619 0.6321
vt 0.5426 0.4636 0.6323
vt 0.5426 0.4619 0.6321
vt 0.5408 0.5364 0.6323
vt 0.5408 0.5381 0.6321
vt 0.5391 0.5364 0.6323
vt 0.5426 0.5364 0.6323
vt 0.5426 0.5381 0.6321
vt 0.5408 0.5401 0.6319
vt 0.5391 0.5401 0.6319
vt 0.5408 0.5383 0.6321
vt 0.5408 0.5418 0.6317
vt 0.5391 0.5418 0.6317
vt 0.5426 0.5401 0.6319
vt 0.5426 0.5383 0.6321
vt 0.5426 0.5418 0.6317
vt 0.4592 0.5401 0.6319
vt 0.4592 0.5383 0.6321
vt 0.4609 0.5401 0.6319
vt 0.4574 0.5401 0.6319
vt 0.4574 0.5383 0.6321
vt 0.4592 0.5418 0.6317
vt 0.4609 0.5418 0.6317
vt 0.4574 0.5418 0.6317
vt 0.4592 0.5364 0.6323
vt 0.4609 0.5364 0.6323
vt 0.4592 0.5381 0.6321
vt 0.4574 0.5364 0.6323
vt 0.4574 0.5381 0.6321
vt 0.4592 0.4566 0.6310
vt 0.4592 0.4550 0.6303
vt 0.4609 0.4566 0.6310
vt 0.4574 0.4566 0.6310
vt 0.4574 0.4550 0.6303
vt 0.4592 0.4542 0.6300
vt 0.4609 0.4542 0.6300
vt 0.4592 0.4558 0.6307
vt 0.4592 0.4526 0.6293
vt 0.4609 0.4526 0.6293
vt 0.4574 0.4542 0.6300
vt 0.4574 0.4558 0.6307
vt 0.4574 0.4526 0.6293
vt 0.5408 0.4542 0.6300
vt 0.5408 0.4558 0.6307
vt 0.5391 0.4542 0.6300
vt 0.5426 0.4542 0.6300
vt 0.5426 0.4558 0.6307
vt 0.5408 0.4526 0.6293
vt 0.5391 0.4526 0.6293
vt 0.5426 0.4526 0.6293
vt 0.5408 0.4566 0.6310
vt 0.5391 0.4566 0.6310
vt 0.5408 0.4550 0.6303
vt 0.5426 0.4566 0.6310
vt 0.5426 0.4550 0.6303
vt 0.4592 0.4514 0.6281
vt 0.4592 0.4501 0.6268
vt 0.4609 0.4514 0.6281
vt 0.4574 0.4514 0.6281
vt 0.4574 0.4501 0.6268
vt 0.4592 0.4498 0.6266
vt 0.4609 0.4498 0.6266
vt 0.4592 0.4511 0.6278
vt 0.4592 0.4486 0.6253
vt 0.4609 0.4486 0.6253
vt 0.4574 0.4498 0.6266
vt 0.4574 0.4511 0.6278
vt 0.4574 0.4486 0.6253
vt 0.5408 0.4498 0.6266
vt 0.5408 0.4511 0.6278
vt 0.5391 0.4498 0.6266
vt 0.5426 0.4498 0.6266
vt 0.5426 0.4511 0.6278
vt 0.5408 0.4486 0.6253
vt 0.5391 0.4486 0.6253
vt 0.5426 0.4486 0.6253
vt 0.5408 0.4514 0.6281
vt 0.5391 0.4514 0.6281
vt 0.5408 0.4501 0.6268
vt 0.5426 0.4514 0.6281
vt 0.5426 0.4501 0.6268
vt 0.3763 0.4592 0.4479
vt 0.3779 0.4592 0.4472
vt 0.3763 0.4609 0.4479
vt 0.3763 0.4574 0.4479
vt 0.3779 0.4574 0.4472
vt 0.3747 0.4592 0.4486
vt 0.3747 0.4609 0.4486
vt 0.3747 0.4574 0.4486
vt 0.3787 0.4592 0.4469
vt 0.3787 0.4609 0.4469
vt 0.3770 0.4592 0.4476
vt 0.3803 0.4592 0.4462
vt 0.3803 0.4609 0.4462
vt 0.3787 0.4574 0.4469
vt 0.3770 0.4574 0.4476
vt 0.3803 0.4574 0.4462
vt 0.3787 0.5408 0.4469
vt 0.3770 0.5408 0.4476
vt 0.3787 0.5391 0.4469
vt 0.3787 0.5426 0.4469
vt 0.3770 0.5426 0.4476
vt 0.3803 0.5408 0.4462
vt 0.3803 0.5391 0.4462
vt 0.3803 0.5426 0.4462
vt 0.3763 0.5408 0.4479
vt 0.3763 0.5391 0.4479
vt 0.3779 0.5408 0.4472
vt 0.3747 0.5408 0.4486
vt 0.3747 0.5391 0.4486
vt 0.3763 0.5426 0.4479
vt 0.3779 0.5426 0.4472
vt 0.3747 0.5426 0.4486
vt 0.3820 0.4592 0.4460
vt 0.3838 0.4592 0.4458
vt 0.3820 0.4609 0.4460
vt 0.3820 0.4574 0.4460
vt 0.3838 0.4574 0.4458
vt 0.3857 0.4592 0.4456
vt 0.3857 0.4609 0.4456
vt 0.3840 0.4592 0.4458
vt 0.3857 0.4574 0.4456
vt 0.3840 0.4574 0.4458
vt 0.3857 0.5408 0.4456
vt 0.3840 0.5408 0.4458
vt 0.3857 0.5391 0.4456
vt 0.3857 0.5426 0.4456
vt 0.3840 0.5426 0.4458
vt 0.3820 0.5408 0.4460
vt 0.3820 0.5391 0.4460
vt 0.3838 0.5408 0.4458
vt 0.3820 0.5426 0.4460
vt 0.3838 0.5426 0.4458
vt 0.5408 0.5434 0.6310
vt 0.5408 0.5450 0.6303
vt 0.5391 0.5434 0.6310
vt 0.5426 0.5434 0.6310
vt 0.5426 0.5450 0.6303
vt 0.5408 0.5458 0.6300
vt 0.5391 0.5458 0.6300
vt 0.5408 0.5442 0.6307
vt 0.5408 0.5474 0.6293
vt 0.5391 0.5474 0.6293
vt 0.5426 0.5458 0.6300
vt 0.5426 0.5442 0.6307
vt 0.5426 0.5474 0.6293
vt 0.4592 0.5458 0.6300
vt 0.4592 0.5442 0.6307
vt 0.4609 0.5458 0.6300
vt 0.4574 0.5458 0.6300
vt 0.4574 0.5442 0.6307
vt 0.4592 0.5474 0.6293
vt 0.4609 0.5474 0.6293
vt 0.4574 0.5474 0.6293
vt 0.4592 0.5434 0.6310
vt 0.4609 0.5434 0.6310
vt 0.4592 0.5450 0.6303
vt 0.4574 0.5434 0.6310
vt 0.4574 0.5450 0.6303
vt 0.5408 0.5486 0.6281
vt 0.5408 0.5499 0.6268
vt 0.5391 0.5486 0.6281
vt 0.5426 0.5486 0.6281
vt 0.5426 0.5499 0.6268
vt 0.5408 0.5502 0.6266
vt 0.5391 0.5502 0.6266
vt 0.5408 0.5489 0.6278
vt 0.5408 0.5514 0.6253
vt 0.5391 0.5514 0.6253
vt 0.5426 0.5502 0.6266
vt 0.5426 0.5489 0.6278
vt 0.5426 0.5514 0.6253
vt 0.4592 0.5502 0.6266
vt 0.4592 0.5489 0.6278
vt 0.4609 0.5502 0.6266
vt 0.4574 0.5502 0.6266
vt 0.4574 0.5489 0.6278
vt 0.4592 0.5514 0.6253
vt 0.4609 0.5514 0.6253
vt 0.4574 0.5514 0.6253
vt 0.4592 0.5486 0.6281
vt 0.4609 0.5486 0.6281
vt 0.4592 0.5499 0.6268
vt 0.4574 0.5486 0.6281
vt 0.4574 0.5499 0.6268
vt 0.6237 0.5408 0.5521
vt 0.6221 0.5408 0.5528
vt 0.6237 0.5391 0.5521
vt 0.6237 0.5426 0.5521
vt 0.6221 0.5426 0.5528
vt 0.6253 0.5408 0.5514
vt 0.6253 0.5391 0.5514
vt 0.6253 0.5426 0.5514
vt 0.6213 0.5408 0.5531
vt 0.6213 0.5391 0.5531
vt 0.6230 0.5408 0.5524
vt 0.6197 0.5408 0.5538
vt 0.6197 0.5391 0.5538
vt 0.6213 0.5426 0.5531
vt 0.6230 0.5426 0.5524
vt 0.6197 0.5426 0.5538
vt 0.6213 0.4592 0.5531
vt 0.6230 0.4592 0.5524
vt 0.6213 0.4609 0.5531
vt 0.6213 0.4574 0.5531
vt 0.6230 0.4574 0.5524
vt 0.6197 0.4592 0.5538
vt 0.6197 0.4609 0.5538
vt 0.6197 0.4574 0.5538
vt 0.6237 0.4592 0.5521
vt 0.6237 0.4609 0.5521
vt 0.6221 0.4592 0.5528
vt 0.6253 0.4592 0.5514
vt 0.6253 0.4609 0.5514
vt 0.6237 0.4574 0.5521
vt 0.6221 0.4574 0.5528
vt 0.6253 0.4574 0.5514
vt 0.6180 0.5408 0.5540
vt 0.6162 0.5408 0.5542
vt 0.6180 0.5391 0.5540
vt 0.6180 0.5426 0.5540
vt 0.6162 0.5426 0.5542
vt 0.6143 0.5408 0.5544
vt 0.6143 0.5391 0.5544
vt 0.6160 0.5408 0.5542
vt 0.6143 0.5426 0.5544
vt 0.6160 0.5426 0.5542
vt 0.6143 0.4592 0.5544
vt 0.6160 0.4592 0.5542
vt 0.6143 0.4609 0.5544
vt 0.6143 0.4574 0.5544
vt 0.6160 0.4574 0.5542
vt 0.6180 0.4592 0.5540
vt 0.6180 0.4609 0.5540
vt 0.6162 0.4592 0.5542
vt 0.6180 0.4574 0.5540
vt 0.6162 0.4574 0.5542
vt 0.4592 0.4636 0.3677
vt 0.4592 0.4619 0.3679
vt 0.4609 0.4636 0.3677
vt 0.4574 0.4636 0.3677
vt 0.4574 0.4619 0.3679
vt 0.4592 0.4599 0.3681
vt 0.4609 0.4599 0.3681
vt 0.4592 0.4617 0.3679
vt 0.4592 0.4582 0.3683
vt 0.4609 0.4582 0.3683
vt 0.4574 0.4599 0.3681
vt 0.4574 0.4617 0.3679
vt 0.4574 0.4582 0.3683
vt 0.5408 0.4599 0.3681
vt 0.5408 0.4617 0.3679
vt 0.5391 0.4599 0.3681
vt 0.5426 0.4599 0.3681
vt 0.5426 0.4617 0.3679
vt 0.5408 0.4582 0.3683
vt 0.5391 0.4582 0.3683
vt 0.5426 0.4582 0.3683
vt 0.5408 0.4636 0.3677
vt 0.5391 0.4636 0.3677
vt 0.5408 0.4619 0.3679
vt 0.5426 0.4636 0.3677
vt 0.5426 0.4619 0.3679
vt 0.5408 0.5364 0.3677
vt 0.5408 0.5381 0.3679
vt 0.5391 0.5364 0.3677
vt 0.5426 0.5364 0.3677
vt 0.5426 0.5381 0.3679
vt 0.5408 0.5401 0.3681
vt 0.5391 0.5401 0.3681
vt 0.5408 0.5383 0.3679
vt 0.5408 0.5418 0.3683
vt 0.5391 0.5418 0.3683
vt 0.5426 0.5401 0.3681
vt 0.5426 0.5383 0.3679
vt 0.5426 0.5418 0.3683
vt 0.4592 0.5401 0.3681
vt 0.4592 0.5383 0.3679
vt 0.4609 0.5401 0.3681
vt 0.4574 0.5401 0.3681
vt 0.4574 0.5383 0.3679
vt 0.4592 0.5418 0.3683
vt 0.4609 0.5418 0.3683
vt 0.4574 0.5418 0.3683
vt 0.4592 0.5364 0.3677
vt 0.4609 0.5364 0.3677
vt 0.4592 0.5381 0.3679
vt 0.4574 0.5364 0.3677
vt 0.4574 0.5381 0.3679
vt 0.4592 0.4566 0.3690
vt 0.4592 0.4550 0.3697
vt 0.4609 0.4566 0.3690
vt 0.4574 0.4566 0.3690
vt 0.4574 0.4550 0.3697
vt 0.4592 0.4542 0.3700
vt 0.4609 0.4542 0.3700
vt 0.4592 0.4558 0.3693
vt 0.4592 0.4526 0.3707
vt 0.4609 0.4526 0.3707
vt 0.4574 0.4542 0.3700
vt 0.4574 0.4558 0.3693
vt 0.4574 0.4526 0.3707
vt 0.5408 0.4542 0.3700
vt 0.5408 0.4558 0.3693
vt 0.5391 0.4542 0.3700
vt 0.5426 0.4542 0.3700
vt 0.5426 0.4558 0.3693
vt 0.5408 0.4526 0.3707
vt 0.5391 0.4526 0.3707
vt 0.5426 0.4526 0.3707
vt 0.5408 0.4566 0.3690
vt 0.5391 0.4566 0.3690
vt 0.5408 0.4550 0.3697
vt 0.5426 0.4566 0.3690
vt 0.5426 0.4550 0.3697
vt 0.4592 0.4514 0.3719
vt 0.4592 0.4501 0.3732
vt 0.4609 0.4514 0.3719
vt 0.4574 0.4514 0.3719
vt 0.4574 0.4501 0.3732
vt 0.4592 0.4498 0.3734
vt 0.4609 0.4498 0.3734
vt 0.4592 0.4511 0.3722
vt 0.4592 0.4486 0.3747
vt 0.4609 0.4486 0.3747
vt 0.4574 0.4498 0.3734
vt 0.4574 0.4511 0.3722
vt 0.4574 0.4486 0.3747
vt 0.5408 0.4498 0.3734
vt 0.5408 0.4511 0.3722
vt 0.5391 0.4498 0.3734
vt 0.5426 0.4498 0.3734
vt 0.5426 0.4511 0.3722
vt 0.5408 0.4486 0.3747
vt 0.5391 0.4486 0.3747
vt 0.5426 0.4486 0.3747
vt 0.5408 0.4514 0.3719
vt 0.5391 0.4514 0.3719
vt 0.5408 0.4501 0.3732
vt 0.5426 0.4514 0.3719
vt 0.5426 0.4501 0.3732
vt 0.6237 0.5408 0.4479
vt 0.6221 0.5408 0.4472
vt 0.6237 0.5391 0.4479
vt 0.6237 0.5426 0.4479
vt 0.6221 0.5426 0.4472
vt 0.6253 0.5408 0.4486
vt 0.6253 0.5391 0.4486
vt 0.6253 0.5426 0.4486
vt 0.6213 0.5408 0.4469
vt 0.6213 0.5391 0.4469
vt 0.6230 0.5408 0.4476
vt 0.6197 0.5408 0.4462
vt 0.6197 0.5391 0.4462
vt 0.6213 0.5426 0.4469
vt 0.6230 0.5426 0.4476
vt 0.6197 0.5426 0.4462
vt 0.6213 0.4592 0.4469
vt 0.6230 0.4592 0.4476
vt 0.6213 0.4609 0.4469
vt 0.6213 0.4574 0.4469
vt 0.6230 0.4574 0.4476
vt 0.6197 0.4592 0.4462
vt 0.6197 0.4609 0.4462
vt 0.6197 0.4574 0.4462
vt 0.6237 0.4592 0.4479
vt 0.6237 0.4609 0.4479
vt 0.6221 0.4592 0.4472
vt 0.6253 0.4592 0.4486
vt 0.6253 0.4609 0.4486
vt 0.6237 0.4574 0.4479
vt 0.6221 0.4574 0.4472
vt 0.6253 0.4574 0.4486
vt 0.6180 0.5408 0.4460
vt 0.6162 0.5408 0.4458
vt 0.6180 0.5391 0.4460
vt 0.6180 0.5426 0.4460
vt 0.6162 0.5426 0.4458
vt 0.6143 0.5408 0.4456
vt 0.6143 0.5391 0.4456
vt 0.6160 0.5408 0.4458
vt 0.6143 0.5426 0.4456
vt 0.6160 0.5426 0.4458
vt 0.6143 0.4592 0.4456
vt 0.6160 0.4592 0.4458
vt 0.6143 0.4609 0.4456
vt 0.6143 0.4574 0.4456
vt 0.6160 0.4574 0.4458
vt 0.6180 0.4592 0.4460
vt 0.6180 0.4609 0.4460
vt 0.6162 0.4592 0.4458
vt 0.6180 0.4574 0.4460
vt 0.6162 0.4574 0.4458
vt 0.5408 0.5434 0.3690
vt 0.5408 0.5450 0.3697
vt 0.5391 0.5434 0.3690
vt 0.5426 0.5434 0.3690
vt 0.5426 0.5450 0.3697
vt 0.5408 0.5458 0.3700
vt 0.5391 0.5458 0.3700
vt 0.5408 0.5442 0.3693
vt 0.5408 0.5474 0.3707
vt 0.5391 0.5474 0.3707
vt 0.5426 0.5458 0.3700
vt 0.5426 0.5442 0.3693
vt 0.5426 0.5474 0.3707
vt 0.4592 0.5458 0.3700
vt 0.4592 0.5442 0.3693
vt 0.4609 0.5458 0.3700
vt 0.4574 0.5458 0.3700
vt 0.4574 0.5442 0.3693
vt 0.4592 0.5474 0.3707
vt 0.4609 0.5474 0.3707
vt 0.4574 0.5474 0.3707
vt 0.4592 0.5434 0.3690
vt 0.4609 0.5434 0.3690
vt 0.4592 0.5450 0.3697
vt 0.4574 0.5434 0.3690
vt 0.4574 0.5450 0.3697
vt 0.5408 0.5486 0.3719
vt 0.5408 0.5499 0.3732
vt 0.5391 0.5486 0.3719
vt 0.5426 0.5486 0.3719
vt 0.5426 0.5499 0.3732
vt 0.5408 0.5502 0.3734
vt 0.5391 0.5502 0.3734
vt 0.5408 0.5489 0.3722
vt 0.5408 0.5514 0.3747
vt 0.5391 0.5514 0.3747
vt 0.5426 0.5502 0.3734
vt 0.5426 0.5489 0.3722
vt 0.5426 0.5514 0.3747
vt 0.4592 0.5502 0.3734
vt 0.4592 0.5489 0.3722
vt 0.4609 0.5502 0.3734
vt 0.4574 0.5502 0.3734
vt 0.4574 0.5489 0.3722
vt 0.4592 0.5514 0.3747
vt 0.4609 0.5514 0.3747
vt 0.4574 0.5514 0.3747
vt 0.4592 0.5486 0.3719
vt 0.4609 0.5486 0.3719
vt 0.4592 0.5499 0.3732
vt 0.4574 0.5486 0.3719
vt 0.4574 0.5499 0.3732
vt 0.3763 0.4592 0.5521
vt 0.3779 0.4592 0.5528
vt 0.3763 0.4609 0.5521
vt 0.3763 0.4574 0.5521
vt 0.3779 0.4574 0.5528
vt 0.3747 0.4592 0.5514
vt 0.3747 0.4609 0.5514
vt 0.3747 0.4574 0.5514
vt 0.3787 0.4592 0.5531
vt 0.3787 0.4609 0.5531
vt 0.3770 0.4592 0.5524
vt 0.3803 0.4592 0.5538
vt 0.3803 0.4609 0.5538
vt 0.3787 0.4574 0.5531
vt 0.3770 0.4574 0.5524
vt 0.3803 0.4574 0.5538
vt 0.3787 0.5408 0.5531
vt 0.3770 0.5408 0.5524
vt 0.3787 0.5391 0.5531
vt 0.3787 0.5426 0.5531
vt 0.3770 0.5426 0.5524
vt 0.3803 0.5408 0.5538
vt 0.3803 0.5391 0.5538
vt 0.3803 0.5426 0.5538
vt 0.3763 0.5408 0.5521
vt 0.3763 0.5391 0.5521
vt 0.3779 0.5408 0.5528
vt 0.3747 0.5408 0.5514
vt 0.3747 0.5391 0.5514
vt 0.3763 0.5426 0.5521
vt 0.3779 0.5426 0.5528
vt 0.3747 0.5426 0.5514
vt 0.3820 0.4592 0.5540
vt 0.3838 0.4592 0.5542
vt 0.3820 0.4609 0.5540
vt 0.3820 0.4574 0.5540
vt 0.3838 0.4574 0.5542
vt 0.3857 0.4592 0.5544
vt 0.3857 0.4609 0.5544
vt 0.3840 0.4592 0.5542
vt 0.3857 0.4574 0.5544
vt 0.3840 0.4574 0.5542
vt 0.3857 0.5408 0.5544
vt 0.3840 0.5408 0.5542
vt 0.3857 0.5391 0.5544
vt 0.3857 0.5426 0.5544
vt 0.3840 0.5426 0.5542
vt 0.3820 0.5408 0.5540
vt 0.3820 0.5391 0.5540
vt 0.3838 0.5408 0.5542
vt 0.3820 0.5426 0.5540
vt 0.3838 0.5426 0.5542
vt 0.6107 0.4472 0.4574
vt 0.5633 0.4471 0.5426
vt 1.6160 0.3887 0.5373
vt 1.6183 0.4158 0.5373
vt -0.7634 0.6242 0.5373
vt -0.7658 0.5971 0.5373
vt 0.4027 0.5350 -0.7680
vt 0.3756 0.5350 -0.7656
vt 0.3756 0.4650 -0.7656
vt 0.4027 0.4650 -0.7680
vt 1.7658 0.5971 0.4627
vt 1.7634 0.6242 0.4627
vt -0.6183 0.4158 0.4627
vt -0.6160 0.3887 0.4627
vt 1.7632 0.4650 0.6264
vt 1.7632 0.5350 0.6264
vt -0.6185 0.5350 0.4180
vt -0.6185 0.4650 0.4180
vt 1.6158 0.5350 0.3865
vt -0.7660 0.5350 0.5949
vt -0.7660 0.4650 0.5949
vt 1.6158 0.4650 0.3865
vt 0.4027 0.5350 1.7680
vt 0.3756 0.5350 1.7656
vt 0.3756 0.4650 1.7656
vt 0.4027 0.4650 1.7680
vt 1.7658 0.4029 0.5373
vt 1.6228 0.4154 0.5373
vt 1.6204 0.3883 0.5373
vt 1.7634 0.3758 0.5373
vt 1.7632 0.5350 0.3736
vt 1.6202 0.5350 0.3861
vt 1.6202 0.4650 0.3861
vt 1.7632 0.4650 0.3736
vt -0.7634 0.3758 0.4627
vt -0.6204 0.3883 0.4627
vt -0.6228 0.4154 0.4627
vt -0.7658 0.4029 0.4627
vt -0.7660 0.4650 0.4051
vt -0.6230 0.4650 0.4177
vt -0.6230 0.5350 0.4177
vt -0.7660 0.5350 0.4051
vt 1.6195 0.4166 0.5371
vt 1.6184 0.4167 0.5371
vt 1.6195 0.4157 0.5373
vt 1.6196 0.4173 0.5366
vt 1.6185 0.4174 0.5366
vt 1.6206 0.4165 0.5371
vt 1.6206 0.4156 0.5373
vt 1.6207 0.4172 0.5366
vt -0.7642 0.6251 0.5370
vt -0.7643 0.6243 0.5371
vt -0.7633 0.6251 0.5371
vt -0.7649 0.6251 0.5366
vt -0.7650 0.6243 0.5366
vt -0.7640 0.6258 0.5366
vt -0.7633 0.6258 0.5366
vt -0.7647 0.6257 0.5364
vt -0.7667 0.5963 0.5370
vt -0.7659 0.5962 0.5371
vt -0.7667 0.5972 0.5371
vt -0.7667 0.5956 0.5366
vt -0.7659 0.5955 0.5366
vt -0.7674 0.5965 0.5366
vt -0.7674 0.5972 0.5366
vt -0.7673 0.5958 0.5364
vt 1.6170 0.3877 0.5371
vt 1.6171 0.3886 0.5373
vt 1.6159 0.3878 0.5371
vt 1.6181 0.3877 0.5371
vt 1.6182 0.3885 0.5373
vt 1.6169 0.3870 0.5366
vt 1.6158 0.3871 0.5366
vt 1.6181 0.3869 0.5366
vt 0.3748 0.5359 -0.7653
vt 0.3748 0.5350 -0.7654
vt 0.3756 0.5359 -0.7655
vt 0.3741 0.5358 -0.7649
vt 0.3741 0.5350 -0.7649
vt 0.3749 0.5366 -0.7649
vt 0.3757 0.5366 -0.7650
vt 0.3743 0.5364 -0.7647
vt 0.3748 0.4641 -0.7653
vt 0.3756 0.4641 -0.7655
vt 0.3748 0.4650 -0.7654
vt 0.3749 0.4634 -0.7649
vt 0.3757 0.4634 -0.7650
vt 0.3741 0.4642 -0.7649
vt 0.3741 0.4650 -0.7649
vt 0.3743 0.4636 -0.7647
vt 0.4036 0.4641 -0.7678
vt 0.4036 0.4650 -0.7679
vt 0.4027 0.4641 -0.7679
vt 0.4044 0.4642 -0.7675
vt 0.4044 0.4650 -0.7675
vt 0.4035 0.4634 -0.7674
vt 0.4028 0.4634 -0.7674
vt 0.4042 0.4636 -0.7673
vt 0.4036 0.5359 -0.7678
vt 0.4027 0.5359 -0.7679
vt 0.4036 0.5350 -0.7679
vt 0.4035 0.5366 -0.7674
vt 0.4028 0.5366 -0.7674
vt 0.4044 0.5358 -0.7675
vt 0.4044 0.5350 -0.7675
vt 0.4042 0.5364 -0.7673
vt 1.7642 0.6251 0.4630
vt 1.7633 0.6251 0.4629
vt 1.7643 0.6243 0.4629
vt 1.7640 0.6258 0.4634
vt 1.7633 0.6258 0.4634
vt 1.7649 0.6251 0.4634
vt 1.7650 0.6243 0.4634
vt 1.7647 0.6257 0.4636
vt -0.6195 0.4166 0.4629
vt -0.6195 0.4157 0.4627
vt -0.6184 0.4167 0.4629
vt -0.6206 0.4165 0.4629
vt -0.6206 0.4156 0.4627
vt -0.6196 0.4173 0.4634
vt -0.6185 0.4174 0.4634
vt -0.6207 0.4172 0.4634
vt -0.6170 0.3877 0.4629
vt -0.6159 0.3878 0.4629
vt -0.6171 0.3886 0.4627
vt -0.6169 0.3870 0.4634
vt -0.6158 0.3871 0.4634
vt -0.6181 0.3877 0.4629
vt -0.6182 0.3885 0.4627
vt -0.6181 0.3869 0.4634
vt 1.7667 0.5963 0.4630
vt 1.7667 0.5972 0.4629
vt 1.7659 0.5962 0.4629
vt 1.7674 0.5965 0.4634
vt 1.7674 0.5972 0.4634
vt 1.7667 0.5956 0.4634
vt 1.7659 0.5955 0.4634
vt 1.7673 0.5958 0.4636
vt 1.7641 0.5359 0.6262
vt 1.7632 0.5359 0.6263
vt 1.7641 0.5350 0.6263
vt 1.7640 0.5366 0.6258
vt 1.7633 0.5366 0.6258
vt 1.7649 0.5358 0.6259
vt 1.7649 0.5350 0.6259
vt 1.7647 0.5364 0.6257
vt -0.6196 0.5359 0.4178
vt -0.6196 0.5350 0.4179
vt -0.6185 0.5359 0.4179
vt -0.6207 0.5359 0.4177
vt -0.6208 0.5350 0.4178
vt -0.6196 0.5366 0.4173
vt -0.6185 0.5366 0.4174
vt -0.6207 0.5366 0.4172
vt -0.6196 0.4641 0.4178
vt -0.6185 0.4641 0.4179
vt -0.6196 0.4650 0.4179
vt -0.6196 0.4634 0.4173
vt -0.6185 0.4634 0.4174
vt -0.6207 0.4641 0.4177
vt -0.6208 0.4650 0.4178
vt -0.6207 0.4634 0.4172
vt 1.7641 0.4641 0.6262
vt 1.7641 0.4650 0.6263
vt 1.7632 0.4641 0.6263
vt 1.7649 0.4642 0.6259
vt 1.7649 0.4650 0.6259
vt 1.7640 0.4634 0.6258
vt 1.7633 0.4634 0.6258
vt 1.7647 0.4636 0.6257
vt -0.7668 0.5359 0.5952
vt -0.7668 0.5350 0.5951
vt -0.7660 0.5359 0.5950
vt -0.7675 0.5358 0.5956
vt -0.7675 0.5350 0.5956
vt -0.7667 0.5366 0.5956
vt -0.7659 0.5366 0.5955
vt -0.7673 0.5364 0.5958
vt -0.7668 0.4641 0.5952
vt -0.7660 0.4641 0.5950
vt -0.7668 0.4650 0.5951
vt -0.7667 0.4634 0.5956
vt -0.7659 0.4634 0.5955
vt -0.7675 0.4642 0.5956
vt -0.7675 0.4650 0.5956
vt -0.7673 0.4636 0.5958
vt 1.6169 0.4641 0.3865
vt 1.6169 0.4650 0.3864
vt 1.6158 0.4641 0.3866
vt 1.6180 0.4641 0.3865
vt 1.6180 0.4650 0.3863
vt 1.6169 0.4634 0.3870
vt 1.6158 0.4634 0.3871
vt 1.6181 0.4634 0.3869
vt 1.6169 0.5359 0.3865
vt 1.6158 0.5359 0.3866
vt 1.6169 0.5350 0.3864
vt 1.6169 0.5366 0.3870
vt 1.6158 0.5366 0.3871
vt 1.6180 0.5359 0.3865
vt 1.6180 0.5350 0.3863
vt 1.6181 0.5366 0.3869
vt 0.3748 0.5359 1.7653
vt 0.3748 0.5350 1.7654
vt 0.3756 0.5359 1.7655
vt 0.3741 0.5358 1.7649
vt 0.3741 0.5350 1.7649
vt 0.3749 0.5366 1.7649
vt 0.3757 0.5366 1.7650
vt 0.3743 0.5364 1.7647
vt 0.3748 0.4641 1.7653
vt 0.3756 0.4641 1.7655
vt 0.3748 0.4650 1.7654
vt 0.3749 0.4634 1.7649
vt 0.3757 0.4634 1.7650
vt 0.3741 0.4642 1.7649
vt 0.3741 0.4650 1.7649
vt 0.3743 0.4636 1.7647
vt 0.4036 0.4641 1.7678
vt 0.4036 0.4650 1.7679
vt 0.4027 0.4641 1.7679
vt 0.4044 0.4642 1.7675
vt 0.4044 0.4650 1.7675
vt 0.4035 0.4634 1.7674
vt 0.4028 0.4634 1.7674
vt 0.4042 0.4636 1.7673
vt 0.4036 0.5359 1.7678
vt 0.4027 0.5359 1.7679
vt 0.4036 0.5350 1.7679
vt 0.4035 0.5366 1.7674
vt 0.4028 0.5366 1.7674
vt 0.4044 0.5358 1.7675
vt 0.4044 0.5350 1.7675
vt 0.4042 0.5364 1.7673
vt 1.6217 0.4164 0.5371
vt 1.6217 0.4155 0.5373
vt 1.6229 0.4163 0.5371
vt 1.6218 0.4171 0.5366
vt 1.6229 0.4170 0.5366
vt 1.6192 0.3876 0.5371
vt 1.6203 0.3875 0.5371
vt 1.6193 0.3884 0.5373
vt 1.6192 0.3868 0.5366
vt 1.6203 0.3867 0.5366
vt 1.7642 0.3749 0.5370
vt 1.7643 0.3757 0.5371
vt 1.7633 0.3749 0.5371
vt 1.7649 0.3749 0.5366
vt 1.7650 0.3757 0.5366
vt 1.7640 0.3742 0.5366
vt 1.7633 0.3742 0.5366
vt 1.7647 0.3743 0.5364
vt 1.7667 0.4037 0.5370
vt 1.7659 0.4038 0.5371
vt 1.7667 0.4028 0.5371
vt 1.7667 0.4044 0.5366
vt 1.7659 0.4045 0.5366
vt 1.7674 0.4035 0.5366
vt 1.7674 0.4028 0.5366
vt 1.7673 0.4042 0.5364
vt 1.6191 0.5359 0.3863
vt 1.6191 0.5350 0.3862
vt 1.6202 0.5359 0.3862
vt 1.6192 0.5366 0.3868
vt 1.6203 0.5366 0.3867
vt 1.6191 0.4641 0.3863
vt 1.6202 0.4641 0.3862
vt 1.6191 0.4650 0.3862
vt 1.6192 0.4634 0.3868
vt 1.6203 0.4634 0.3867
vt 1.7641 0.4641 0.3738
vt 1.7641 0.4650 0.3737
vt 1.7632 0.4641 0.3737
vt 1.7649 0.4642 0.3741
vt 1.7649 0.4650 0.3741
vt 1.7640 0.4634 0.3742
vt 1.7633 0.4634 0.3742
vt 1.7647 0.4636 0.3743
vt 1.7641 0.5359 0.3738
vt 1.7632 0.5359 0.3737
vt 1.7641 0.5350 0.3737
vt 1.7640 0.5366 0.3742
vt 1.7633 0.5366 0.3742
vt 1.7649 0.5358 0.3741
vt 1.7649 0.5350 0.3741
vt 1.7647 0.5364 0.3743
vt -0.6192 0.3876 0.4629
vt -0.6193 0.3884 0.4627
vt -0.6203 0.3875 0.4629
vt -0.6192 0.3868 0.4634
vt -0.6203 0.3867 0.4634
vt -0.6217 0.4164 0.4629
vt -0.6229 0.4163 0.4629
vt -0.6217 0.4155 0.4627
vt -0.6218 0.4171 0.4634
vt -0.6229 0.4170 0.4634
vt -0.7667 0.4037 0.4630
vt -0.7667 0.4028 0.4629
vt -0.7659 0.4038 0.4629
vt -0.7674 0.4035 0.4634
vt -0.7674 0.4028 0.4634
vt -0.7667 0.4044 0.4634
vt -0.7659 0.4045 0.4634
vt -0.7673 0.4042 0.4636
vt -0.7642 0.3749 0.4630
vt -0.7633 0.3749 0.4629
vt -0.7643 0.3757 0.4629
vt -0.7640 0.3742 0.4634
vt -0.7633 0.3742 0.4634
vt -0.7649 0.3749 0.4634
vt -0.7650 0.3757 0.4634
vt -0.7647 0.3743 0.4636
vt -0.6219 0.4641 0.4176
vt -0.6219 0.4650 0.4177
vt -0.6230 0.4641 0.4175
vt -0.6218 0.4634 0.4171
vt -0.6229 0.4634 0.4170
vt -0.6219 0.5359 0.4176
vt -0.6230 0.5359 0.4175
vt -0.6219 0.5350 0.4177
vt -0.6218 0.5366 0.4171
vt -0.6229 0.5366 0.4170
vt -0.7668 0.5359 0.4048
vt -0.7668 0.5350 0.4049
vt -0.7660 0.5359 0.4050
vt -0.7675 0.5358 0.4044
vt -0.7675 0.5350 0.4044
vt -0.7667 0.5366 0.4044
vt -0.7659 0.5366 0.4045
vt -0.7673 0.5364 0.4042
vt -0.7668 0.4641 0.4048
vt -0.7660 0.4641 0.4050
vt -0.7668 0.4650 0.4049
vt -0.7667 0.4634 0.4044
vt -0.7659 0.4634 0.4045
vt -0.7675 0.4642 0.4044
vt -0.7675 0.4650 0.4044
vt -0.7673 0.4636 0.4042
vt -0.1957 0.5560 1.1721
vt -0.1957 0.5277 1.1721
vt 1.6248 0.5277 1.1721
vt 1.6248 0.5560 1.1721
vt -0.6180 1.1597 0.5572
vt 1.1889 1.1597 0.5572
vt 1.1905 1.1614 0.5573
vt -0.6197 1.1614 0.5573
vt -0.6166 1.1583 0.5571
vt 1.1875 1.1583 0.5571
vt -0.6154 1.1571 0.5570
vt 1.1863 1.1571 0.5570
vt -0.6144 1.1561 0.5567
vt 1.1853 1.1561 0.5567
vt -0.6137 1.1554 0.5564
vt 1.1845 1.1554 0.5564
vt -0.6131 1.1548 0.5560
vt 1.1840 1.1548 0.5560
vt -0.6128 0.5556 1.1545
vt 1.1836 0.5556 1.1545
vt 1.1840 0.5560 1.1548
vt -0.6131 0.5560 1.1548
vt -0.5912 1.1329 0.5554
vt 1.1621 1.1329 0.5554
vt 1.1836 1.1545 0.5556
vt -0.6128 1.1545 0.5556
vt -0.5810 1.1227 0.5551
vt 1.1518 1.1227 0.5551
vt -0.5721 1.1138 0.5544
vt 1.1429 1.1138 0.5544
vt -0.5645 1.1062 0.5532
vt 1.1354 1.1062 0.5532
vt -0.5584 1.1001 0.5516
vt 1.1292 1.1001 0.5516
vt -0.5536 1.0953 0.5496
vt 1.1244 1.0953 0.5496
vt -0.5502 1.0919 0.5472
vt 1.1210 1.0919 0.5472
vt -0.5494 0.5461 1.0911
vt 1.1202 0.5461 1.0911
vt 1.1210 0.5472 1.0919
vt -0.5502 0.5472 1.0919
vt -0.5264 1.0681 0.5375
vt 1.0972 1.0681 0.5375
vt 1.1136 1.0844 0.5437
vt -0.5427 1.0844 0.5437
vt -0.5485 1.0902 0.5452
vt 1.1193 1.0902 0.5452
vt 1.1202 1.0911 0.5461
vt -0.5494 1.0911 0.5461
vt -0.5471 1.0888 0.5446
vt 1.1179 1.0888 0.5446
vt -0.5452 1.0869 0.5441
vt 1.1160 1.0869 0.5441
vt -0.5240 1.0657 0.5365
vt 1.0948 1.0657 0.5365
vt -0.5219 1.0636 0.5355
vt 1.0927 1.0636 0.5355
vt -0.5202 1.0619 0.5344
vt 1.0910 1.0619 0.5344
vt -0.5189 1.0606 0.5332
vt 1.0897 1.0606 0.5332
vt -0.5180 0.5321 1.0597
vt 1.0888 0.5321 1.0597
vt 1.0897 0.5332 1.0606
vt -0.5189 0.5332 1.0606
vt -0.5174 0.5308 1.0591
vt 1.0882 0.5308 1.0591
vt -0.5172 0.5295 1.0589
vt 1.0880 0.5295 1.0589
vt 0.5563 -0.1269 1.6302
vt 0.5563 -0.1254 1.6303
vt 0.5560 -0.1253 1.6304
vt 0.5560 -0.1268 1.6303
vt -0.6299 -0.1269 0.5566
vt -0.6300 -0.1255 0.5566
vt -0.6303 -0.1254 0.5563
vt -0.6302 -0.1269 0.5563
vt -0.6293 -0.1271 0.5569
vt -0.6293 -0.1258 0.5569
vt 0.5563 -0.1281 1.6297
vt 0.5560 -0.1281 1.6297
vt 0.5566 -0.1281 1.6295
vt 0.5566 -0.1269 1.6299
vt -0.6291 -0.1281 0.5569
vt -0.6295 -0.1281 0.5566
vt 0.5563 -0.1293 1.6288
vt 0.5560 -0.1293 1.6288
vt 0.5565 -0.1293 1.6288
vt -0.6286 -0.1290 0.5568
vt -0.6288 -0.1293 0.5565
vt 0.5563 1.1681 1.6302
vt 0.5560 1.1680 1.6303
vt 0.5560 1.1665 1.6304
vt 0.5563 1.1666 1.6303
vt 0.5563 1.1693 1.6297
vt 0.5560 1.1693 1.6297
vt 0.5563 1.1705 1.6288
vt 0.5560 1.1705 1.6288
vt -0.6299 1.1682 0.5566
vt -0.6302 1.1681 0.5563
vt -0.6303 1.1666 0.5563
vt -0.6300 1.1667 0.5566
vt 0.5566 1.1694 1.6295
vt 0.5566 1.1682 1.6299
vt 0.5565 1.1705 1.6288
vt -0.6293 1.1683 0.5569
vt -0.6293 1.1670 0.5569
vt -0.6291 1.1693 0.5569
vt -0.6295 1.1694 0.5566
vt -0.6286 1.1703 0.5568
vt -0.6288 1.1705 0.5565
vt 0.5273 1.1681 1.6302
vt 0.5273 1.1666 1.6303
vt 0.5277 1.1665 1.6304
vt 0.5277 1.1680 1.6303
vt 1.6299 1.1682 0.5271
vt 1.6300 1.1667 0.5271
vt 1.6303 1.1666 0.5273
vt 1.6302 1.1681 0.5273
vt 1.6293 1.1683 0.5268
vt 1.6293 1.1670 0.5268
vt 0.5273 1.1693 1.6297
vt 0.5277 1.1693 1.6297
vt 0.5271 1.1694 1.6295
vt 0.5271 1.1682 1.6299
vt 1.6291 1.1693 0.5268
vt 1.6295 1.1694 0.5271
vt 0.5274 1.1705 1.6288
vt 0.5277 1.1705 1.6288
vt 0.5272 1.1705 1.6288
vt 1.6286 1.1703 0.5269
vt 1.6288 1.1705 0.5272
vt 0.5273 -0.1269 1.6302
vt 0.5277 -0.1268 1.6303
vt 0.5277 -0.1253 1.6304
vt 0.5273 -0.1254 1.6303
vt 0.5273 -0.1281 1.6297
vt 0.5277 -0.1281 1.6297
vt 0.5274 -0.1293 1.6288
vt 0.5277 -0.1293 1.6288
vt 1.6299 -0.1269 0.5271
vt 1.6302 -0.1269 0.5273
vt 1.6303 -0.1254 0.5273
vt 1.6300 -0.1255 0.5271
vt 0.5271 -0.1281 1.6295
vt 0.5271 -0.1269 1.6299
vt 0.5272 -0.1293 1.6288
vt 1.6293 -0.1271 0.5268
vt 1.6293 -0.1258 0.5268
vt 1.6291 -0.1281 0.5268
vt 1.6295 -0.1281 0.5271
vt 1.6286 -0.1290 0.5269
vt 1.6288 -0.1293 0.5272
vt 1.6264 0.5563 1.1719
vt 1.6249 0.5563 1.1720
vt 1.6264 0.5560 1.1720
vt -0.6265 1.1716 0.5566
vt -0.6250 1.1717 0.5566
vt -0.6249 1.1720 0.5563
vt -0.6264 1.1719 0.5563
vt -0.6266 1.1710 0.5569
vt -0.6253 1.1710 0.5569
vt 1.6276 0.5563 1.1714
vt 1.6276 0.5560 1.1714
vt 1.6277 0.5566 1.1712
vt 1.6265 0.5566 1.1716
vt -0.6276 1.1708 0.5569
vt -0.6277 1.1712 0.5566
vt 1.6288 0.5563 1.1705
vt 1.6288 0.5560 1.1705
vt 1.6288 0.5565 1.1705
vt -0.1972 0.5563 1.1719
vt -0.1972 0.5560 1.1720
vt -0.1957 0.5563 1.1720
vt -0.1985 0.5563 1.1714
vt -0.1985 0.5560 1.1714
vt -0.1997 0.5563 1.1705
vt -0.1996 0.5560 1.1705
vt 1.1973 1.1716 0.5566
vt 1.1972 1.1719 0.5563
vt 1.1957 1.1720 0.5563
vt 1.1959 1.1717 0.5566
vt -0.1985 0.5566 1.1712
vt -0.1973 0.5566 1.1716
vt -0.1996 0.5565 1.1705
vt 1.1974 1.1710 0.5569
vt 1.1962 1.1710 0.5569
vt 1.1984 1.1708 0.5569
vt 1.1985 1.1712 0.5566
vt 1.1994 1.1703 0.5568
vt 1.1996 1.1705 0.5565
vt -0.1972 0.5273 1.1719
vt -0.1957 0.5273 1.1720
vt -0.1972 0.5277 1.1720
vt -0.1973 1.1716 0.5271
vt -0.1959 1.1717 0.5271
vt -0.1957 1.1720 0.5273
vt -0.1972 1.1719 0.5273
vt -0.1974 1.1710 0.5268
vt -0.1962 1.1710 0.5268
vt -0.1985 0.5273 1.1714
vt -0.1985 0.5277 1.1714
vt -0.1985 0.5271 1.1712
vt -0.1973 0.5271 1.1716
vt -0.1984 1.1708 0.5268
vt -0.1985 1.1712 0.5271
vt -0.1997 0.5274 1.1705
vt -0.1996 0.5277 1.1705
vt -0.1996 0.5272 1.1705
vt -0.1994 1.1703 0.5269
vt -0.1996 1.1705 0.5272
vt 1.6264 0.5273 1.1719
vt 1.6264 0.5277 1.1720
vt 1.6249 0.5273 1.1720
vt 1.6276 0.5273 1.1714
vt 1.6276 0.5277 1.1714
vt 1.6288 0.5274 1.1705
vt 1.6288 0.5277 1.1705
vt 1.6265 1.1716 0.5271
vt 1.6264 1.1719 0.5273
vt 1.6249 1.1720 0.5273
vt 1.6250 1.1717 0.5271
vt 1.6277 0.5271 1.1712
vt 1.6265 0.5271 1.1716
vt 1.6288 0.5272 1.1705
vt 1.6266 1.1710 0.5268
vt 1.6253 1.1710 0.5268
vt 1.6276 1.1708 0.5268
vt 1.6277 1.1712 0.5271
vt 0.4437 1.1681 -0.2010
vt 0.4437 1.1666 -0.2012
vt 0.4440 1.1665 -0.2013
vt 0.4440 1.1680 -0.2011
vt 1.2007 1.1682 0.5566
vt 1.2008 1.1667 0.5566
vt 1.2012 1.1666 0.5563
vt 1.2010 1.1681 0.5563
vt 1.2001 1.1683 0.5569
vt 1.2001 1.1670 0.5569
vt 0.4437 1.1693 -0.2005
vt 0.4440 1.1693 -0.2006
vt 0.4434 1.1694 -0.2004
vt 0.4434 1.1682 -0.2007
vt 1.2000 1.1693 0.5569
vt 1.2004 1.1694 0.5566
vt 0.4437 1.1705 -0.1997
vt 0.4440 1.1705 -0.1996
vt 0.4435 1.1705 -0.1996
vt 0.4727 1.1681 -0.2010
vt 0.4723 1.1680 -0.2011
vt 0.4723 1.1665 -0.2013
vt 0.4727 1.1666 -0.2012
vt 0.4727 1.1693 -0.2005
vt 0.4723 1.1693 -0.2006
vt 0.4726 1.1705 -0.1997
vt 0.4723 1.1705 -0.1996
vt -0.2007 1.1682 0.5271
vt -0.2010 1.1681 0.5273
vt -0.2012 1.1666 0.5273
vt -0.2008 1.1667 0.5271
vt 0.4729 1.1694 -0.2004
vt 0.4729 1.1682 -0.2007
vt 0.4728 1.1705 -0.1996
vt -0.2001 1.1683 0.5268
vt -0.2001 1.1670 0.5268
vt -0.2000 1.1693 0.5268
vt -0.2004 1.1694 0.5271
vt -0.6264 0.5563 -0.1307
vt -0.6264 0.5560 -0.1307
vt -0.6248 0.5560 -0.1309
vt -0.6249 0.5563 -0.1308
vt -0.6276 0.5563 -0.1302
vt -0.6276 0.5560 -0.1302
vt -0.6288 0.5563 -0.1293
vt -0.6288 0.5560 -0.1293
vt -0.6265 -0.1304 0.5566
vt -0.6264 -0.1307 0.5563
vt -0.6249 -0.1308 0.5563
vt -0.6250 -0.1305 0.5566
vt -0.6277 0.5566 -0.1300
vt -0.6265 0.5566 -0.1304
vt -0.6288 0.5565 -0.1293
vt -0.6266 -0.1298 0.5569
vt -0.6253 -0.1298 0.5569
vt -0.6276 -0.1296 0.5569
vt -0.6277 -0.1300 0.5566
vt -0.6264 0.5273 -0.1307
vt -0.6249 0.5273 -0.1308
vt -0.6248 0.5277 -0.1309
vt -0.6264 0.5277 -0.1307
vt 1.6265 -0.1304 0.5271
vt 1.6250 -0.1305 0.5271
vt 1.6249 -0.1308 0.5273
vt 1.6264 -0.1307 0.5273
vt 1.6266 -0.1298 0.5268
vt 1.6253 -0.1298 0.5268
vt -0.6276 0.5273 -0.1302
vt -0.6276 0.5277 -0.1302
vt -0.6277 0.5271 -0.1300
vt -0.6265 0.5271 -0.1304
vt 1.6276 -0.1296 0.5268
vt 1.6277 -0.1300 0.5271
vt -0.6288 0.5274 -0.1293
vt -0.6288 0.5277 -0.1293
vt -0.6288 0.5272 -0.1293
vt 1.1973 1.1682 0.5573
vt 1.1968 1.1694 0.5573
vt -0.6260 1.1694 0.5573
vt -0.6265 1.1682 0.5573
vt 1.1965 1.1702 0.5571
vt -0.6257 1.1702 0.5571
vt -0.0920 1.0629 0.5264
vt -0.0910 1.0618 0.5264
vt 1.5201 1.0618 0.5264
vt 1.5212 1.0629 0.5264
vt -0.0900 1.0609 0.5266
vt 1.5192 1.0609 0.5266
vt -0.0892 1.0601 0.5268
vt 1.5184 1.0601 0.5268
vt 1.1982 1.1690 0.5572
vt 1.1979 1.1700 0.5571
vt 1.1992 1.1687 0.5571
vt 1.1986 1.1677 0.5573
vt 1.1993 1.1674 0.5571
vt 1.1989 1.1698 0.5570
vt -0.6273 1.1690 0.5572
vt -0.6277 1.1677 0.5573
vt -0.6283 1.1687 0.5571
vt -0.6285 1.1674 0.5571
vt -0.6270 1.1700 0.5571
vt -0.6281 1.1698 0.5570
vt -0.6265 -0.1270 0.5573
vt -0.6273 -0.1278 0.5572
vt -0.6260 -0.1282 0.5573
vt -0.6270 -0.1288 0.5571
vt -0.6257 -0.1289 0.5571
vt -0.6283 -0.1275 0.5571
vt -0.6277 -0.1264 0.5573
vt -0.6285 -0.1261 0.5571
vt -0.6281 -0.1286 0.5570
vt 1.6265 1.1682 0.5264
vt 1.6273 1.1690 0.5265
vt 1.6260 1.1694 0.5264
vt 1.6270 1.1700 0.5266
vt 1.6257 1.1702 0.5265
vt 1.6283 1.1687 0.5266
vt 1.6277 1.1677 0.5264
vt 1.6285 1.1674 0.5265
vt 1.6281 1.1698 0.5266
vt -0.1973 1.1682 0.5264
vt -0.1982 1.1690 0.5265
vt -0.1986 1.1677 0.5264
vt -0.1992 1.1687 0.5266
vt -0.1993 1.1674 0.5265
vt -0.1979 1.1700 0.5266
vt -0.1968 1.1694 0.5264
vt -0.1965 1.1702 0.5265
vt -0.1989 1.1698 0.5266
vt 1.6265 -0.1270 0.5264
vt 1.6273 -0.1278 0.5265
vt 1.6277 -0.1264 0.5264
vt 1.6283 -0.1275 0.5266
vt 1.6285 -0.1261 0.5265
vt 1.6270 -0.1288 0.5266
vt 1.6260 -0.1282 0.5264
vt 1.6257 -0.1289 0.5265
vt 1.6281 -0.1286 0.5266
vt 1.2011 0.5277 -0.1268
vt 1.2011 0.5560 -0.1268
vt -0.5172 0.5277 1.0589
vt 1.0880 0.5277 1.0589
vt -0.6197 -0.1202 0.5573
vt 1.1905 -0.1202 0.5573
vt 1.1889 -0.1185 0.5572
vt -0.6180 -0.1185 0.5572
vt -0.6166 -0.1171 0.5571
vt 1.1875 -0.1171 0.5571
vt -0.6154 -0.1159 0.5570
vt 1.1863 -0.1159 0.5570
vt -0.6144 -0.1149 0.5567
vt 1.1853 -0.1149 0.5567
vt -0.6137 -0.1142 0.5564
vt 1.1845 -0.1142 0.5564
vt -0.6131 -0.1136 0.5560
vt 1.1840 -0.1136 0.5560
vt 1.6128 0.5556 -0.1133
vt 1.6131 0.5560 -0.1136
vt -0.1840 0.5560 -0.1136
vt -0.1836 0.5556 -0.1133
vt -0.5912 -0.0917 0.5554
vt -0.6128 -0.1133 0.5556
vt 1.1836 -0.1133 0.5556
vt 1.1621 -0.0917 0.5554
vt -0.5810 -0.0814 0.5551
vt 1.1518 -0.0814 0.5551
vt -0.5721 -0.0726 0.5544
vt 1.1429 -0.0726 0.5544
vt -0.5645 -0.0650 0.5532
vt 1.1354 -0.0650 0.5532
vt -0.5584 -0.0589 0.5516
vt 1.1292 -0.0589 0.5516
vt -0.5536 -0.0541 0.5496
vt 1.1244 -0.0541 0.5496
vt -0.5502 -0.0507 0.5472
vt 1.1210 -0.0507 0.5472
vt 1.5494 0.5461 -0.0499
vt 1.5502 0.5472 -0.0507
vt -0.1210 0.5472 -0.0507
vt -0.1202 0.5461 -0.0499
vt -0.5264 -0.0269 0.5375
vt -0.5427 -0.0432 0.5437
vt 1.1136 -0.0432 0.5437
vt 1.0972 -0.0269 0.5375
vt -0.5485 -0.0490 0.5452
vt -0.5494 -0.0499 0.5461
vt 1.1202 -0.0499 0.5461
vt 1.1193 -0.0490 0.5452
vt -0.5471 -0.0476 0.5446
vt 1.1179 -0.0476 0.5446
vt -0.5452 -0.0457 0.5441
vt 1.1160 -0.0457 0.5441
vt -0.5240 -0.0244 0.5365
vt 1.0948 -0.0244 0.5365
vt -0.5219 -0.0224 0.5355
vt 1.0927 -0.0224 0.5355
vt -0.5202 -0.0207 0.5344
vt 1.0910 -0.0207 0.5344
vt -0.5189 -0.0194 0.5332
vt 1.0897 -0.0194 0.5332
vt 1.5180 0.5321 -0.0184
vt 1.5189 0.5332 -0.0194
vt -0.0897 0.5332 -0.0194
vt -0.0888 0.5321 -0.0184
vt 1.5174 0.5308 -0.0179
vt -0.0882 0.5308 -0.0179
vt 1.5172 0.5295 -0.0177
vt -0.0880 0.5295 -0.0177
vt 1.2010 0.5273 -0.1269
vt -0.6250 0.5271 -0.1305
vt 1.2007 0.5271 -0.1269
vt -0.6253 0.5268 -0.1298
vt 1.2001 0.5268 -0.1271
vt 1.1982 -0.1278 0.5572
vt 1.1973 -0.1270 0.5573
vt 1.1992 -0.1275 0.5571
vt -0.6253 0.5569 -0.1298
vt 1.2001 0.5569 -0.1271
vt 1.1992 0.5571 -0.1275
vt -0.6257 0.5571 -0.1289
vt 1.5212 -0.0216 0.5264
vt 1.5201 -0.0206 0.5264
vt -0.0910 -0.0206 0.5264
vt -0.0920 -0.0216 0.5264
vt 1.5192 -0.0197 0.5266
vt -0.0900 -0.0197 0.5266
vt 1.5184 -0.0189 0.5268
vt -0.0892 -0.0189 0.5268
vt -0.5173 0.5273 1.0590
vt 1.0882 0.5273 1.0590
vt 1.5173 1.0590 0.5273
vt 1.5177 1.0594 0.5270
vt -0.0886 1.0594 0.5270
vt -0.0882 1.0590 0.5273
vt -0.0880 0.5277 -0.0177
vt 1.5172 0.5277 -0.0177
vt 1.2010 0.5563 -0.1269
vt 1.2007 0.5566 -0.1269
vt -0.6250 0.5566 -0.1305
vt -0.1973 -0.1270 0.5264
vt -0.1982 -0.1278 0.5265
vt -0.1992 -0.1275 0.5266
vt -0.6257 0.5265 -0.1289
vt 1.1992 0.5266 -0.1275
vt -0.0882 0.5273 -0.0178
vt 1.5173 0.5273 -0.0178
vt -0.0882 -0.0178 0.5273
vt -0.0886 -0.0182 0.5270
vt 1.5177 -0.0182 0.5270
vt 1.5173 -0.0178 0.5273
vt -0.1268 0.5560 -0.2011
vt -0.1268 0.5277 -0.2011
vt 1.1665 0.5277 -0.2013
vt 1.1665 0.5560 -0.2013
vt 1.1614 -0.1905 0.5573
vt -0.1202 -0.1905 0.5573
vt -0.1270 -0.1973 0.5573
vt 1.1682 -0.1973 0.5573
vt -0.0589 0.5277 -0.0880
vt 1.0177 0.5277 -0.0880
vt 1.0177 0.5295 -0.0880
vt -0.0589 0.5295 -0.0880
vt 1.1597 -0.1889 0.5572
vt -0.1185 -0.1889 0.5572
vt 1.1583 -0.1875 0.5571
vt -0.1171 -0.1875 0.5571
vt 1.1571 -0.1863 0.5570
vt -0.1159 -0.1863 0.5570
vt 1.1561 -0.1853 0.5567
vt -0.1149 -0.1853 0.5567
vt 1.1554 -0.1845 0.5564
vt -0.1142 -0.1845 0.5564
vt 1.1548 -0.1840 0.5560
vt -0.1136 -0.1840 0.5560
vt -0.1545 0.5556 -0.1836
vt 1.1133 0.5556 -0.1836
vt 1.1136 0.5560 -0.1840
vt -0.1548 0.5560 -0.1840
vt 1.1329 -0.1621 0.5554
vt -0.0917 -0.1621 0.5554
vt -0.1133 -0.1836 0.5556
vt 1.1545 -0.1836 0.5556
vt 1.1227 -0.1518 0.5551
vt -0.0814 -0.1518 0.5551
vt 1.1138 -0.1429 0.5544
vt -0.0726 -0.1429 0.5544
vt 1.1062 -0.1354 0.5532
vt -0.0650 -0.1354 0.5532
vt 1.1001 -0.1292 0.5516
vt -0.0589 -0.1292 0.5516
vt 1.0953 -0.1244 0.5496
vt -0.0541 -0.1244 0.5496
vt 1.0919 -0.1210 0.5472
vt -0.0507 -0.1210 0.5472
vt -0.0911 0.5461 -0.1202
vt 1.0499 0.5461 -0.1202
vt 1.0507 0.5472 -0.1210
vt -0.0919 0.5472 -0.1210
vt 1.0681 -0.0972 0.5375
vt -0.0269 -0.0972 0.5375
vt -0.0432 -0.1136 0.5437
vt 1.0844 -0.1136 0.5437
vt 1.0902 -0.1193 0.5452
vt -0.0490 -0.1193 0.5452
vt -0.0499 -0.1202 0.5461
vt 1.0911 -0.1202 0.5461
vt 1.0888 -0.1179 0.5446
vt -0.0476 -0.1179 0.5446
vt 1.0869 -0.1160 0.5441
vt -0.0457 -0.1160 0.5441
vt 1.0657 -0.0948 0.5365
vt -0.0244 -0.0948 0.5365
vt 1.0636 -0.0927 0.5355
vt -0.0224 -0.0927 0.5355
vt 1.0619 -0.0910 0.5344
vt -0.0207 -0.0910 0.5344
vt 1.0606 -0.0897 0.5332
vt -0.0194 -0.0897 0.5332
vt -0.0597 0.5321 -0.0888
vt 1.0184 0.5321 -0.0888
vt 1.0194 0.5332 -0.0897
vt -0.0606 0.5332 -0.0897
vt -0.0591 0.5308 -0.0882
vt 1.0179 0.5308 -0.0882
vt 1.1666 0.5563 -0.2012
vt -0.1269 0.5563 -0.2010
vt 1.1666 -0.2012 0.5563
vt 1.1667 -0.2008 0.5566
vt -0.1269 -0.2007 0.5566
vt -0.1269 -0.2010 0.5563
vt 1.1670 -0.2001 0.5569
vt -0.1271 -0.2001 0.5569
vt -0.1269 0.5273 -0.2010
vt 1.1666 0.5273 -0.2012
vt 1.1269 -0.2010 0.5273
vt 1.1269 -0.2007 0.5271
vt -0.1667 -0.2008 0.5271
vt -0.1666 -0.2012 0.5273
vt 1.1271 -0.2001 0.5268
vt -0.1670 -0.2001 0.5268
vt -0.1278 -0.1982 0.5572
vt 1.1677 -0.1986 0.5573
vt -0.1275 -0.1992 0.5571
vt 1.1674 -0.1993 0.5571
vt -0.1682 -0.1973 0.5264
vt -0.1677 -0.1986 0.5264
vt 1.1278 -0.1982 0.5265
vt 1.1270 -0.1973 0.5264
vt -0.1674 -0.1993 0.5265
vt 1.1275 -0.1992 0.5266
vt 1.0216 -0.0920 0.5264
vt 1.0206 -0.0910 0.5264
vt -0.0618 -0.0910 0.5264
vt -0.0629 -0.0920 0.5264
vt 1.0197 -0.0900 0.5266
vt -0.0609 -0.0900 0.5266
vt 1.0189 -0.0892 0.5268
vt -0.0601 -0.0892 0.5268
vt -0.0590 0.5273 -0.0882
vt 1.0178 0.5273 -0.0882
vt -0.0590 -0.0882 0.5273
vt -0.0594 -0.0886 0.5270
vt 1.0182 -0.0886 0.5270
vt 1.0178 -0.0882 0.5273
vt -0.1270 1.6265 0.5573
vt -0.1202 1.6197 0.5573
vt 1.1614 1.6197 0.5573
vt 1.1682 1.6265 0.5573
vt -0.0177 0.5295 1.5172
vt -0.0177 0.5277 1.5172
vt 1.0589 0.5277 1.5172
vt 1.0589 0.5295 1.5172
vt 1.1253 0.5560 1.6304
vt 1.1254 0.5563 1.6303
vt -0.1666 0.5563 1.6303
vt -0.1665 0.5560 1.6304
vt -0.1254 1.6303 0.5563
vt -0.1255 1.6300 0.5566
vt 1.1667 1.6300 0.5566
vt 1.1666 1.6303 0.5563
vt -0.1258 1.6293 0.5569
vt 1.1670 1.6293 0.5569
vt 1.1270 1.6265 0.5264
vt 1.1264 1.6277 0.5264
vt -0.1677 1.6277 0.5264
vt -0.1682 1.6265 0.5264
vt 1.1261 1.6285 0.5265
vt -0.1674 1.6285 0.5265
vt 1.1258 1.6293 0.5268
vt -0.1670 1.6293 0.5268
vt -0.0178 0.5273 1.5173
vt 1.0590 0.5273 1.5173
vt 1.0178 1.5173 0.5273
vt 1.0182 1.5177 0.5270
vt -0.0594 1.5177 0.5270
vt -0.0590 1.5173 0.5273
vt 1.0189 1.5184 0.5268
vt -0.0601 1.5184 0.5268
vt -0.1665 0.5277 1.6304
vt 1.1253 0.5277 1.6304
vt 1.1597 1.6180 0.5572
vt -0.1185 1.6180 0.5572
vt 1.1583 1.6166 0.5571
vt -0.1171 1.6166 0.5571
vt 1.1571 1.6154 0.5570
vt -0.1159 1.6154 0.5570
vt 1.1561 1.6144 0.5567
vt -0.1149 1.6144 0.5567
vt 1.1554 1.6137 0.5564
vt -0.1142 1.6137 0.5564
vt 1.1548 1.6131 0.5560
vt -0.1136 1.6131 0.5560
vt 1.1545 0.5556 1.6128
vt 1.1548 0.5560 1.6131
vt -0.1136 0.5560 1.6131
vt -0.1133 0.5556 1.6128
vt 1.1329 1.5912 0.5554
vt 1.1545 1.6128 0.5556
vt -0.1133 1.6128 0.5556
vt -0.0917 1.5912 0.5554
vt 1.1227 1.5810 0.5551
vt -0.0814 1.5810 0.5551
vt 1.1138 1.5721 0.5544
vt -0.0726 1.5721 0.5544
vt 1.1062 1.5645 0.5532
vt -0.0650 1.5645 0.5532
vt 1.1001 1.5584 0.5516
vt -0.0589 1.5584 0.5516
vt 1.0953 1.5536 0.5496
vt -0.0541 1.5536 0.5496
vt 1.0919 1.5502 0.5472
vt -0.0507 1.5502 0.5472
vt 1.0911 0.5461 1.5494
vt 1.0919 0.5472 1.5502
vt -0.0507 0.5472 1.5502
vt -0.0499 0.5461 1.5494
vt 1.0681 1.5264 0.5375
vt 1.0844 1.5427 0.5437
vt -0.0432 1.5427 0.5437
vt -0.0269 1.5264 0.5375
vt 1.0902 1.5485 0.5452
vt 1.0911 1.5494 0.5461
vt -0.0499 1.5494 0.5461
vt -0.0490 1.5485 0.5452
vt 1.0888 1.5471 0.5446
vt -0.0476 1.5471 0.5446
vt 1.0869 1.5452 0.5441
vt -0.0457 1.5452 0.5441
vt 1.0657 1.5240 0.5365
vt -0.0244 1.5240 0.5365
vt 1.0636 1.5219 0.5355
vt -0.0224 1.5219 0.5355
vt 1.0619 1.5202 0.5344
vt -0.0207 1.5202 0.5344
vt 1.0606 1.5189 0.5332
vt -0.0194 1.5189 0.5332
vt 1.0597 0.5321 1.5180
vt 1.0606 0.5332 1.5189
vt -0.0194 0.5332 1.5189
vt -0.0184 0.5321 1.5180
vt 1.0591 0.5308 1.5174
vt -0.0179 0.5308 1.5174
vt -0.1666 0.5273 1.6303
vt 1.1254 0.5273 1.6303
vt -0.1666 1.6303 0.5273
vt -0.1667 1.6300 0.5271
vt 1.1255 1.6300 0.5271
vt 1.1254 1.6303 0.5273
vt 1.1677 1.6277 0.5573
vt -0.1264 1.6277 0.5573
vt 1.1674 1.6285 0.5571
vt -0.1261 1.6285 0.5571
vt -0.0629 1.5212 0.5264
vt -0.0618 1.5201 0.5264
vt 1.0206 1.5201 0.5264
vt 1.0216 1.5212 0.5264
vt -0.0609 1.5192 0.5266
vt 1.0197 1.5192 0.5266
vt 0.5986 0.4291 -0.2120
vt 0.5986 0.5323 -0.2211
vt 0.4021 0.5323 -0.2211
vt 0.4021 0.4291 -0.2120
vt 0.5738 -0.1374 0.4334
vt 0.4255 -0.1374 0.4334
vt 0.4014 -0.1613 0.4313
vt 0.5979 -0.2096 0.4271
vt 0.4014 -0.2096 0.4271
vt 0.5979 -0.1613 0.4313
vt 0.4268 0.4629 -0.1377
vt 0.4268 0.4358 -0.1353
vt 0.5725 0.4358 -0.1353
vt 0.5725 0.4629 -0.1377
vt 0.4262 -0.1401 0.4649
vt 0.4021 -0.1641 0.4628
vt 0.4021 -0.1995 0.4597
vt 0.5986 -0.1995 0.4597
vt 0.5986 -0.1641 0.4628
vt 0.5745 -0.1401 0.4649
vt 0.4014 0.5208 -0.2071
vt 0.4014 0.4618 -0.2019
vt 0.5979 0.4618 -0.2019
vt 0.5979 0.5208 -0.2071
vt 0.4014 -0.1920 0.5243
vt 0.4014 -0.2051 0.5232
vt 0.5979 -0.2051 0.5232
vt 0.5979 -0.1920 0.5243
vt 0.4014 0.5350 -0.1907
vt 0.4014 0.5268 -0.1900
vt 0.5979 0.5268 -0.1900
vt 0.5979 0.5350 -0.1907
vt 0.5986 -0.2190 0.5347
vt 0.5986 -0.1931 0.5370
vt 0.4021 -0.1931 0.5370
vt 0.4021 -0.2190 0.5347
vt 0.5707 -0.2098 0.0144
vt 0.5666 -0.1628 0.0144
vt 0.5395 -0.1652 0.0144
vt 0.5429 -0.2038 0.0144
vt 0.4750 -0.2097 0.0144
vt 0.4734 -0.1922 0.0144
vt 0.4652 -0.1929 0.0144
vt 0.4675 -0.2188 0.0144
vt 0.4571 -0.2038 0.9849
vt 0.4605 -0.1652 0.9849
vt 0.4334 -0.1628 0.9849
vt 0.4293 -0.2098 0.9849
vt 0.5348 -0.1929 0.9849
vt 0.5266 -0.1922 0.9849
vt 0.5250 -0.2097 0.9849
vt 0.5325 -0.2188 0.9849
vt 0.5663 -0.1590 0.4008
vt 0.5644 -0.1369 0.4230
vt 0.5372 -0.1393 0.4230
vt 0.5392 -0.1614 0.4008
vt 0.4608 -0.1614 0.5985
vt 0.4628 -0.1393 0.5763
vt 0.4356 -0.1369 0.5763
vt 0.4337 -0.1590 0.5985
vt 0.9834 0.5323 -0.2211
vt 0.6030 0.5323 -0.2211
vt 0.6030 0.4291 -0.2120
vt 0.9834 0.4291 -0.2120
vt 0.0166 -0.2096 0.4271
vt 0.3970 -0.2096 0.4271
vt 0.3970 -0.1626 0.4312
vt 0.0166 -0.1626 0.4312
vt 0.0166 0.4336 -0.1606
vt 0.3970 0.4336 -0.1606
vt 0.3970 0.4607 -0.1630
vt 0.0166 0.4607 -0.1630
vt 0.9834 -0.1654 0.4627
vt 0.6030 -0.1654 0.4627
vt 0.6030 -0.1995 0.4597
vt 0.9834 -0.1995 0.4597
vt 0.0166 0.4618 -0.2019
vt 0.3970 0.4618 -0.2019
vt 0.3970 0.5208 -0.2071
vt 0.0166 0.5208 -0.2071
vt 0.0166 -0.2051 0.5232
vt 0.3970 -0.2051 0.5232
vt 0.3970 -0.1920 0.5243
vt 0.0166 -0.1920 0.5243
vt 0.0166 0.5268 -0.1900
vt 0.3970 0.5268 -0.1900
vt 0.3970 0.5350 -0.1907
vt 0.0166 0.5350 -0.1907
vt 0.9834 -0.1931 0.5370
vt 0.6030 -0.1931 0.5370
vt 0.6030 -0.2190 0.5347
vt 0.9834 -0.2190 0.5347
vt 0.0173 0.4291 -0.2120
vt 0.3977 0.4291 -0.2120
vt 0.3977 0.5323 -0.2211
vt 0.0173 0.5323 -0.2211
vt 0.0173 -0.2190 0.5347
vt 0.3977 -0.2190 0.5347
vt 0.3977 -0.1931 0.5370
vt 0.0173 -0.1931 0.5370
vt 0.9827 0.5350 -0.1907
vt 0.6023 0.5350 -0.1907
vt 0.6023 0.5268 -0.1900
vt 0.9827 0.5268 -0.1900
vt 0.9827 -0.1920 0.5243
vt 0.6023 -0.1920 0.5243
vt 0.6023 -0.2051 0.5232
vt 0.9827 -0.2051 0.5232
vt 0.9827 0.5208 -0.2071
vt 0.6023 0.5208 -0.2071
vt 0.6023 0.4618 -0.2019
vt 0.9827 0.4618 -0.2019
vt 0.0173 -0.1995 0.4597
vt 0.3977 -0.1995 0.4597
vt 0.3977 -0.1654 0.4627
vt 0.0173 -0.1654 0.4627
vt 0.9827 0.4607 -0.1630
vt 0.6023 0.4607 -0.1630
vt 0.6023 0.4336 -0.1606
vt 0.9827 0.4336 -0.1606
vt 0.9827 -0.1626 0.4312
vt 0.6023 -0.1626 0.4312
vt 0.6023 -0.2096 0.4271
vt 0.9827 -0.2096 0.4271
vt 0.5997 0.5332 -0.2210
vt 0.5986 0.5332 -0.2210
vt 0.5997 0.5323 -0.2211
vt 0.5997 0.5339 -0.2205
vt 0.5986 0.5339 -0.2205
vt 0.6008 0.5332 -0.2210
vt 0.6008 0.5323 -0.2211
vt 0.6008 0.5339 -0.2205
vt 0.4010 0.5332 -0.2210
vt 0.4010 0.5323 -0.2211
vt 0.4021 0.5332 -0.2210
vt 0.3999 0.5332 -0.2210
vt 0.3999 0.5323 -0.2211
vt 0.4010 0.5339 -0.2205
vt 0.4021 0.5339 -0.2205
vt 0.3999 0.5339 -0.2205
vt 0.4010 0.4282 -0.2118
vt 0.4021 0.4282 -0.2118
vt 0.4010 0.4291 -0.2120
vt 0.4010 0.4276 -0.2112
vt 0.4021 0.4276 -0.2112
vt 0.3999 0.4282 -0.2118
vt 0.3999 0.4291 -0.2120
vt 0.3999 0.4276 -0.2112
vt 0.5997 0.4282 -0.2118
vt 0.5997 0.4291 -0.2120
vt 0.5986 0.4282 -0.2118
vt 0.6008 0.4282 -0.2118
vt 0.6008 0.4291 -0.2120
vt 0.5997 0.4276 -0.2112
vt 0.5986 0.4276 -0.2112
vt 0.6008 0.4276 -0.2112
vt 0.4003 -0.2105 0.4271
vt 0.4014 -0.2105 0.4271
vt 0.4003 -0.2096 0.4271
vt 0.4003 -0.2112 0.4276
vt 0.4014 -0.2112 0.4276
vt 0.3992 -0.2105 0.4271
vt 0.3992 -0.2096 0.4271
vt 0.3992 -0.2112 0.4276
vt 0.5990 -0.2105 0.4271
vt 0.5990 -0.2096 0.4271
vt 0.5979 -0.2105 0.4271
vt 0.6001 -0.2105 0.4271
vt 0.6001 -0.2096 0.4271
vt 0.5990 -0.2112 0.4276
vt 0.5979 -0.2112 0.4276
vt 0.6001 -0.2112 0.4276
vt 0.5990 -0.1610 0.4315
vt 0.5981 -0.1604 0.4315
vt 0.5989 -0.1619 0.4312
vt 0.5992 -0.1603 0.4320
vt 0.5983 -0.1596 0.4321
vt 0.6001 -0.1614 0.4314
vt 0.6001 -0.1622 0.4312
vt 0.6002 -0.1607 0.4320
vt 0.5742 -0.1365 0.4337
vt 0.5733 -0.1366 0.4336
vt 0.5748 -0.1372 0.4335
vt 0.5737 -0.1359 0.4341
vt 0.5729 -0.1359 0.4342
vt 0.5750 -0.1364 0.4341
vt 0.5756 -0.1370 0.4341
vt 0.5744 0.4344 -0.1360
vt 0.5737 0.4341 -0.1359
vt 0.5742 0.4337 -0.1365
vt 0.5750 0.4341 -0.1364
vt 0.4251 -0.1365 0.4337
vt 0.4245 -0.1372 0.4335
vt 0.4260 -0.1366 0.4336
vt 0.4243 -0.1364 0.4341
vt 0.4237 -0.1370 0.4341
vt 0.4256 -0.1359 0.4341
vt 0.4264 -0.1359 0.4342
vt 0.4249 0.4344 -0.1360
vt 0.4243 0.4341 -0.1364
vt 0.4251 0.4337 -0.1365
vt 0.4256 0.4341 -0.1359
vt 0.4003 -0.1610 0.4315
vt 0.4004 -0.1619 0.4312
vt 0.4013 -0.1604 0.4315
vt 0.3992 -0.1614 0.4314
vt 0.3992 -0.1622 0.4312
vt 0.4001 -0.1603 0.4320
vt 0.4010 -0.1596 0.4321
vt 0.3991 -0.1607 0.4320
vt 0.4257 0.4349 -0.1355
vt 0.4267 0.4349 -0.1354
vt 0.4257 0.4358 -0.1355
vt 0.4264 0.4342 -0.1359
vt 0.4247 0.4350 -0.1357
vt 0.4247 0.4357 -0.1358
vt 0.5736 0.4349 -0.1355
vt 0.5736 0.4358 -0.1355
vt 0.5726 0.4349 -0.1354
vt 0.5746 0.4350 -0.1357
vt 0.5746 0.4357 -0.1358
vt 0.5729 0.4342 -0.1359
vt 0.5736 0.4637 -0.1380
vt 0.5726 0.4638 -0.1380
vt 0.5736 0.4629 -0.1379
vt 0.5737 0.4644 -0.1385
vt 0.5729 0.4644 -0.1385
vt 0.5746 0.4636 -0.1382
vt 0.5746 0.4629 -0.1382
vt 0.5744 0.4642 -0.1386
vt 0.4257 0.4637 -0.1380
vt 0.4257 0.4629 -0.1379
vt 0.4267 0.4638 -0.1380
vt 0.4247 0.4636 -0.1382
vt 0.4247 0.4629 -0.1382
vt 0.4256 0.4644 -0.1385
vt 0.4264 0.4644 -0.1385
vt 0.4249 0.4642 -0.1386
vt 0.5749 -0.1392 0.4648
vt 0.5740 -0.1393 0.4648
vt 0.5755 -0.1399 0.4648
vt 0.5744 -0.1385 0.4644
vt 0.5736 -0.1385 0.4644
vt 0.5757 -0.1391 0.4644
vt 0.5763 -0.1396 0.4643
vt 0.5751 -0.1386 0.4642
vt 0.4258 -0.1392 0.4648
vt 0.4252 -0.1399 0.4648
vt 0.4267 -0.1393 0.4648
vt 0.4250 -0.1391 0.4644
vt 0.4244 -0.1396 0.4643
vt 0.4263 -0.1385 0.4644
vt 0.4271 -0.1385 0.4644
vt 0.4256 -0.1386 0.4642
vt 0.4010 -0.1637 0.4627
vt 0.4011 -0.1646 0.4628
vt 0.4019 -0.1631 0.4628
vt 0.3999 -0.1641 0.4627
vt 0.3999 -0.1650 0.4628
vt 0.4008 -0.1629 0.4623
vt 0.4017 -0.1623 0.4623
vt 0.3998 -0.1633 0.4622
vt 0.4010 -0.2004 0.4598
vt 0.4021 -0.2004 0.4598
vt 0.4010 -0.1995 0.4597
vt 0.4010 -0.2011 0.4602
vt 0.4021 -0.2011 0.4602
vt 0.3999 -0.2004 0.4598
vt 0.3999 -0.1995 0.4597
vt 0.3999 -0.2011 0.4602
vt 0.5997 -0.2004 0.4598
vt 0.5997 -0.1995 0.4597
vt 0.5986 -0.2004 0.4598
vt 0.6008 -0.2004 0.4598
vt 0.6008 -0.1995 0.4597
vt 0.5997 -0.2011 0.4602
vt 0.5986 -0.2011 0.4602
vt 0.6008 -0.2011 0.4602
vt 0.5997 -0.1637 0.4627
vt 0.5987 -0.1631 0.4628
vt 0.5996 -0.1646 0.4628
vt 0.5999 -0.1629 0.4623
vt 0.5990 -0.1623 0.4623
vt 0.6008 -0.1641 0.4627
vt 0.6008 -0.1650 0.4628
vt 0.6009 -0.1633 0.4622
vt 0.4003 0.4609 -0.2017
vt 0.4014 0.4609 -0.2017
vt 0.4003 0.4618 -0.2019
vt 0.4003 0.4602 -0.2011
vt 0.4014 0.4602 -0.2011
vt 0.3992 0.4609 -0.2017
vt 0.3992 0.4618 -0.2019
vt 0.3992 0.4602 -0.2011
vt 0.5990 0.4609 -0.2017
vt 0.5990 0.4618 -0.2019
vt 0.5979 0.4609 -0.2017
vt 0.6001 0.4609 -0.2017
vt 0.6001 0.4618 -0.2019
vt 0.5990 0.4602 -0.2011
vt 0.5979 0.4602 -0.2011
vt 0.6001 0.4602 -0.2011
vt 0.5990 0.5217 -0.2070
vt 0.5979 0.5217 -0.2070
vt 0.5990 0.5208 -0.2071
vt 0.5990 0.5224 -0.2066
vt 0.5979 0.5224 -0.2066
vt 0.6001 0.5217 -0.2070
vt 0.6001 0.5208 -0.2071
vt 0.6001 0.5224 -0.2066
vt 0.4003 0.5217 -0.2070
vt 0.4003 0.5208 -0.2071
vt 0.4014 0.5217 -0.2070
vt 0.3992 0.5217 -0.2070
vt 0.3992 0.5208 -0.2071
vt 0.4003 0.5224 -0.2066
vt 0.4014 0.5224 -0.2066
vt 0.3992 0.5224 -0.2066
vt 0.4003 -0.2059 0.5230
vt 0.4014 -0.2059 0.5230
vt 0.4003 -0.2051 0.5232
vt 0.4003 -0.2066 0.5224
vt 0.4014 -0.2066 0.5224
vt 0.3992 -0.2059 0.5230
vt 0.3992 -0.2051 0.5232
vt 0.3992 -0.2066 0.5224
vt 0.5990 -0.2059 0.5230
vt 0.5990 -0.2051 0.5232
vt 0.5979 -0.2059 0.5230
vt 0.6001 -0.2059 0.5230
vt 0.6001 -0.2051 0.5232
vt 0.5990 -0.2066 0.5224
vt 0.5979 -0.2066 0.5224
vt 0.6001 -0.2066 0.5224
vt 0.5990 -0.1912 0.5246
vt 0.5979 -0.1912 0.5246
vt 0.5990 -0.1920 0.5243
vt 0.5990 -0.1905 0.5251
vt 0.5979 -0.1905 0.5251
vt 0.6001 -0.1912 0.5246
vt 0.6001 -0.1920 0.5243
vt 0.6001 -0.1905 0.5251
vt 0.4003 -0.1912 0.5246
vt 0.4003 -0.1920 0.5243
vt 0.4014 -0.1912 0.5246
vt 0.3992 -0.1912 0.5246
vt 0.3992 -0.1920 0.5243
vt 0.4003 -0.1905 0.5251
vt 0.4014 -0.1905 0.5251
vt 0.3992 -0.1905 0.5251
vt 0.4003 0.5259 -0.1901
vt 0.4014 0.5259 -0.1901
vt 0.4003 0.5268 -0.1900
vt 0.4003 0.5251 -0.1905
vt 0.4014 0.5251 -0.1905
vt 0.3992 0.5259 -0.1901
vt 0.3992 0.5268 -0.1900
vt 0.3992 0.5251 -0.1905
vt 0.5990 0.5259 -0.1901
vt 0.5990 0.5268 -0.1900
vt 0.5979 0.5259 -0.1901
vt 0.6001 0.5259 -0.1901
vt 0.6001 0.5268 -0.1900
vt 0.5990 0.5251 -0.1905
vt 0.5979 0.5251 -0.1905
vt 0.6001 0.5251 -0.1905
vt 0.5990 0.5358 -0.1909
vt 0.5979 0.5358 -0.1909
vt 0.5990 0.5350 -0.1907
vt 0.5990 0.5365 -0.1915
vt 0.5979 0.5365 -0.1915
vt 0.6001 0.5358 -0.1910
vt 0.6001 0.5350 -0.1907
vt 0.6001 0.5365 -0.1915
vt 0.4003 0.5358 -0.1909
vt 0.4003 0.5350 -0.1907
vt 0.4014 0.5358 -0.1909
vt 0.3992 0.5358 -0.1910
vt 0.3992 0.5350 -0.1907
vt 0.4003 0.5365 -0.1915
vt 0.4014 0.5365 -0.1915
vt 0.3992 0.5365 -0.1915
vt 0.5997 -0.1923 0.5369
vt 0.5986 -0.1923 0.5369
vt 0.5997 -0.1931 0.5370
vt 0.5997 -0.1915 0.5365
vt 0.5986 -0.1915 0.5365
vt 0.6008 -0.1923 0.5369
vt 0.6008 -0.1931 0.5370
vt 0.6008 -0.1915 0.5365
vt 0.4010 -0.1923 0.5369
vt 0.4010 -0.1931 0.5370
vt 0.4021 -0.1923 0.5369
vt 0.3999 -0.1923 0.5369
vt 0.3999 -0.1931 0.5370
vt 0.4010 -0.1915 0.5365
vt 0.4021 -0.1915 0.5365
vt 0.3999 -0.1915 0.5365
vt 0.4010 -0.2199 0.5345
vt 0.4021 -0.2199 0.5345
vt 0.4010 -0.2190 0.5347
vt 0.4010 -0.2205 0.5339
vt 0.4021 -0.2205 0.5339
vt 0.3999 -0.2199 0.5345
vt 0.3999 -0.2190 0.5347
vt 0.3999 -0.2205 0.5339
vt 0.5997 -0.2199 0.5345
vt 0.5997 -0.2190 0.5347
vt 0.5986 -0.2199 0.5345
vt 0.6008 -0.2199 0.5345
vt 0.6008 -0.2190 0.5347
vt 0.5997 -0.2205 0.5339
vt 0.5986 -0.2205 0.5339
vt 0.6008 -0.2205 0.5339
vt 0.4760 -0.2085 0.0147
vt 0.4753 -0.2083 0.0146
vt 0.4763 -0.2091 0.0146
vt 0.4763 -0.2072 0.0150
vt 0.4763 -0.2064 0.0150
vt 0.4771 -0.2079 0.0150
vt 0.4780 -0.2079 0.0150
vt 0.4770 -0.2073 0.0152
vt 0.4742 -0.1913 0.0146
vt 0.4734 -0.1914 0.0145
vt 0.4743 -0.1921 0.0145
vt 0.4740 -0.1906 0.0150
vt 0.4733 -0.1906 0.0150
vt 0.4749 -0.1913 0.0150
vt 0.4750 -0.1921 0.0150
vt 0.4747 -0.1907 0.0152
vt 0.4643 -0.1922 0.0146
vt 0.4644 -0.1930 0.0145
vt 0.4652 -0.1921 0.0145
vt 0.4636 -0.1923 0.0150
vt 0.4637 -0.1931 0.0150
vt 0.4644 -0.1914 0.0150
vt 0.4651 -0.1914 0.0150
vt 0.4638 -0.1917 0.0152
vt 0.4667 -0.2198 0.0146
vt 0.4676 -0.2197 0.0145
vt 0.4667 -0.2189 0.0145
vt 0.4669 -0.2205 0.0150
vt 0.4676 -0.2204 0.0150
vt 0.4660 -0.2197 0.0150
vt 0.4659 -0.2190 0.0150
vt 0.4663 -0.2203 0.0152
vt 0.5717 -0.2106 0.0146
vt 0.5716 -0.2097 0.0145
vt 0.5708 -0.2107 0.0145
vt 0.5724 -0.2104 0.0150
vt 0.5723 -0.2097 0.0150
vt 0.5716 -0.2113 0.0150
vt 0.5709 -0.2114 0.0150
vt 0.5722 -0.2110 0.0152
vt 0.5674 -0.1619 0.0146
vt 0.5665 -0.1620 0.0145
vt 0.5675 -0.1627 0.0145
vt 0.5672 -0.1612 0.0150
vt 0.5665 -0.1612 0.0150
vt 0.5681 -0.1619 0.0150
vt 0.5682 -0.1627 0.0150
vt 0.5679 -0.1613 0.0152
vt 0.5386 -0.1644 0.0146
vt 0.5386 -0.1653 0.0145
vt 0.5394 -0.1643 0.0145
vt 0.5379 -0.1646 0.0150
vt 0.5379 -0.1653 0.0150
vt 0.5386 -0.1637 0.0150
vt 0.5394 -0.1636 0.0150
vt 0.5380 -0.1640 0.0152
vt 0.5417 -0.2028 0.0147
vt 0.5415 -0.2034 0.0146
vt 0.5423 -0.2024 0.0146
vt 0.5404 -0.2024 0.0150
vt 0.5396 -0.2025 0.0150
vt 0.5411 -0.2016 0.0150
vt 0.5410 -0.2008 0.0150
vt 0.5405 -0.2017 0.0152
vt 0.5240 -0.2085 0.9846
vt 0.5237 -0.2091 0.9847
vt 0.5247 -0.2083 0.9847
vt 0.5229 -0.2079 0.9843
vt 0.5220 -0.2079 0.9843
vt 0.5237 -0.2072 0.9843
vt 0.5237 -0.2064 0.9843
vt 0.5230 -0.2073 0.9841
vt 0.4583 -0.2028 0.9846
vt 0.4577 -0.2024 0.9847
vt 0.4585 -0.2034 0.9847
vt 0.4589 -0.2016 0.9843
vt 0.4590 -0.2008 0.9843
vt 0.4596 -0.2024 0.9843
vt 0.4604 -0.2025 0.9843
vt 0.4595 -0.2017 0.9841
vt 0.4614 -0.1644 0.9847
vt 0.4606 -0.1643 0.9848
vt 0.4614 -0.1653 0.9848
vt 0.4614 -0.1637 0.9843
vt 0.4606 -0.1636 0.9843
vt 0.4621 -0.1646 0.9843
vt 0.4621 -0.1653 0.9843
vt 0.4620 -0.1640 0.9841
vt 0.4326 -0.1619 0.9847
vt 0.4325 -0.1627 0.9848
vt 0.4335 -0.1620 0.9848
vt 0.4319 -0.1619 0.9843
vt 0.4318 -0.1627 0.9843
vt 0.4328 -0.1612 0.9843
vt 0.4335 -0.1612 0.9843
vt 0.4321 -0.1613 0.9841
vt 0.4283 -0.2106 0.9847
vt 0.4292 -0.2107 0.9848
vt 0.4284 -0.2097 0.9848
vt 0.4284 -0.2113 0.9843
vt 0.4291 -0.2114 0.9843
vt 0.4276 -0.2104 0.9843
vt 0.4277 -0.2097 0.9843
vt 0.4278 -0.2110 0.9841
vt 0.5333 -0.2198 0.9847
vt 0.5333 -0.2189 0.9848
vt 0.5324 -0.2197 0.9848
vt 0.5340 -0.2197 0.9843
vt 0.5341 -0.2190 0.9843
vt 0.5331 -0.2205 0.9843
vt 0.5324 -0.2204 0.9843
vt 0.5337 -0.2203 0.9841
vt 0.5357 -0.1922 0.9847
vt 0.5348 -0.1921 0.9848
vt 0.5356 -0.1930 0.9848
vt 0.5356 -0.1914 0.9843
vt 0.5349 -0.1914 0.9843
vt 0.5364 -0.1923 0.9843
vt 0.5363 -0.1931 0.9843
vt 0.5362 -0.1917 0.9841
vt 0.5258 -0.1913 0.9847
vt 0.5257 -0.1921 0.9848
vt 0.5266 -0.1914 0.9848
vt 0.5251 -0.1913 0.9843
vt 0.5250 -0.1921 0.9843
vt 0.5260 -0.1906 0.9843
vt 0.5267 -0.1906 0.9843
vt 0.5253 -0.1907 0.9841
vt 0.4239 0.4348 -0.1362
vt 0.4238 0.4357 -0.1363
vt 0.4230 0.4356 -0.1369
vt 0.4232 0.4348 -0.1369
vt 0.4237 0.4341 -0.1370
vt 0.4239 0.4637 -0.1388
vt 0.4232 0.4636 -0.1394
vt 0.4230 0.4628 -0.1393
vt 0.4238 0.4628 -0.1387
vt 0.5768 -0.1394 0.4636
vt 0.5761 -0.1388 0.4637
vt 0.4243 0.4644 -0.1391
vt 0.4000 0.4616 -0.1623
vt 0.4000 0.4608 -0.1620
vt 0.4008 0.4608 -0.1614
vt 0.4008 0.4617 -0.1617
vt 0.3990 0.4616 -0.1628
vt 0.3990 0.4607 -0.1625
vt 0.6000 -0.1623 0.4616
vt 0.5992 -0.1617 0.4617
vt 0.3991 0.4622 -0.1633
vt 0.4001 0.4623 -0.1629
vt 0.4000 0.4328 -0.1598
vt 0.4008 0.4328 -0.1591
vt 0.4008 0.4337 -0.1590
vt 0.4000 0.4337 -0.1597
vt 0.4001 0.4320 -0.1603
vt 0.4010 0.4321 -0.1596
vt 0.3990 0.4327 -0.1603
vt 0.3990 0.4336 -0.1601
vt 0.3991 0.4320 -0.1607
vt 0.5754 0.4637 -0.1388
vt 0.5755 0.4628 -0.1387
vt 0.5763 0.4628 -0.1393
vt 0.5761 0.4636 -0.1394
vt 0.4246 -0.1388 0.4637
vt 0.4239 -0.1394 0.4636
vt 0.5750 0.4644 -0.1391
vt 0.5754 0.4348 -0.1362
vt 0.5761 0.4348 -0.1369
vt 0.5763 0.4356 -0.1369
vt 0.5755 0.4357 -0.1363
vt 0.5756 0.4341 -0.1370
vt 0.5993 0.4328 -0.1598
vt 0.5994 0.4337 -0.1597
vt 0.5985 0.4337 -0.1590
vt 0.5985 0.4328 -0.1591
vt 0.6003 0.4327 -0.1603
vt 0.6003 0.4336 -0.1601
vt 0.5992 0.4320 -0.1603
vt 0.5983 0.4321 -0.1596
vt 0.6002 0.4320 -0.1607
vt 0.5993 0.4616 -0.1623
vt 0.5985 0.4617 -0.1617
vt 0.5985 0.4608 -0.1614
vt 0.5994 0.4608 -0.1620
vt 0.4015 -0.1617 0.4617
vt 0.4007 -0.1623 0.4616
vt 0.6003 0.4616 -0.1628
vt 0.6003 0.4607 -0.1625
vt 0.6002 0.4622 -0.1633
vt 0.5992 0.4623 -0.1629
vt 0.6019 0.5332 -0.2210
vt 0.6019 0.5323 -0.2211
vt 0.6030 0.5332 -0.2210
vt 0.6019 0.5339 -0.2205
vt 0.6030 0.5339 -0.2205
vt 0.6019 0.4282 -0.2118
vt 0.6030 0.4282 -0.2118
vt 0.6019 0.4291 -0.2120
vt 0.6019 0.4276 -0.2112
vt 0.6030 0.4276 -0.2112
vt 0.9842 0.4283 -0.2117
vt 0.9843 0.4291 -0.2119
vt 0.9834 0.4282 -0.2118
vt 0.9850 0.4284 -0.2113
vt 0.9850 0.4291 -0.2114
vt 0.9841 0.4276 -0.2112
vt 0.9834 0.4276 -0.2112
vt 0.9848 0.4278 -0.2110
vt 0.9842 0.5332 -0.2209
vt 0.9834 0.5332 -0.2210
vt 0.9843 0.5323 -0.2209
vt 0.9841 0.5339 -0.2205
vt 0.9834 0.5339 -0.2205
vt 0.9850 0.5331 -0.2205
vt 0.9850 0.5324 -0.2204
vt 0.9848 0.5337 -0.2203
vt 0.3981 -0.2105 0.4271
vt 0.3981 -0.2096 0.4271
vt 0.3970 -0.2105 0.4271
vt 0.3981 -0.2112 0.4276
vt 0.3970 -0.2112 0.4276
vt 0.3981 -0.1617 0.4314
vt 0.3970 -0.1618 0.4314
vt 0.3981 -0.1625 0.4312
vt 0.3981 -0.1610 0.4320
vt 0.3970 -0.1611 0.4320
vt 0.0158 -0.1618 0.4315
vt 0.0157 -0.1626 0.4313
vt 0.0166 -0.1618 0.4314
vt 0.0150 -0.1619 0.4319
vt 0.0150 -0.1627 0.4318
vt 0.0159 -0.1611 0.4319
vt 0.0166 -0.1611 0.4320
vt 0.0152 -0.1613 0.4321
vt 0.0158 -0.2105 0.4272
vt 0.0166 -0.2105 0.4271
vt 0.0157 -0.2096 0.4272
vt 0.0159 -0.2112 0.4276
vt 0.0166 -0.2112 0.4276
vt 0.0150 -0.2104 0.4276
vt 0.0150 -0.2097 0.4277
vt 0.0152 -0.2110 0.4278
vt 0.3980 0.4327 -0.1606
vt 0.3980 0.4336 -0.1605
vt 0.3970 0.4327 -0.1607
vt 0.3981 0.4320 -0.1610
vt 0.3970 0.4320 -0.1611
vt 0.3980 0.4615 -0.1631
vt 0.3970 0.4615 -0.1632
vt 0.3980 0.4607 -0.1628
vt 0.3981 0.4622 -0.1637
vt 0.3970 0.4622 -0.1638
vt 0.0158 0.4615 -0.1633
vt 0.0157 0.4607 -0.1631
vt 0.0166 0.4615 -0.1632
vt 0.0150 0.4614 -0.1637
vt 0.0150 0.4606 -0.1636
vt 0.0159 0.4622 -0.1638
vt 0.0166 0.4622 -0.1638
vt 0.0152 0.4620 -0.1640
vt 0.0158 0.4327 -0.1608
vt 0.0166 0.4327 -0.1607
vt 0.0157 0.4336 -0.1607
vt 0.0159 0.4319 -0.1611
vt 0.0166 0.4320 -0.1611
vt 0.0150 0.4328 -0.1612
vt 0.0150 0.4335 -0.1612
vt 0.0152 0.4321 -0.1613
vt 0.6019 -0.1644 0.4627
vt 0.6019 -0.1653 0.4627
vt 0.6030 -0.1645 0.4626
vt 0.6019 -0.1637 0.4622
vt 0.6030 -0.1638 0.4622
vt 0.6019 -0.2004 0.4598
vt 0.6030 -0.2004 0.4598
vt 0.6019 -0.1995 0.4597
vt 0.6019 -0.2011 0.4602
vt 0.6030 -0.2011 0.4602
vt 0.9843 -0.2008 0.4594
vt 0.9843 -0.1999 0.4595
vt 0.9834 -0.2004 0.4598
vt 0.9850 -0.2016 0.4589
vt 0.9850 -0.2008 0.4590
vt 0.9841 -0.2014 0.4600
vt 0.9834 -0.2011 0.4602
vt 0.5406 -0.2008 0.0157
vt 0.5400 -0.2014 0.0159
vt 0.9842 -0.1645 0.4625
vt 0.9834 -0.1645 0.4626
vt 0.9843 -0.1654 0.4626
vt 0.9841 -0.1638 0.4622
vt 0.9834 -0.1638 0.4622
vt 0.9850 -0.1646 0.4621
vt 0.9850 -0.1653 0.4621
vt 0.9848 -0.1640 0.4620
vt 0.3981 0.4609 -0.2017
vt 0.3981 0.4618 -0.2019
vt 0.3970 0.4609 -0.2017
vt 0.3981 0.4602 -0.2011
vt 0.3970 0.4602 -0.2011
vt 0.3981 0.5217 -0.2070
vt 0.3970 0.5217 -0.2070
vt 0.3981 0.5208 -0.2071
vt 0.3981 0.5224 -0.2066
vt 0.3970 0.5224 -0.2066
vt 0.0157 0.5221 -0.2074
vt 0.0157 0.5212 -0.2074
vt 0.0166 0.5217 -0.2070
vt 0.0150 0.5229 -0.2079
vt 0.0150 0.5220 -0.2079
vt 0.0159 0.5226 -0.2068
vt 0.0166 0.5224 -0.2066
vt 0.4779 -0.2074 0.0157
vt 0.4774 -0.2068 0.0159
vt 0.0157 0.4604 -0.2020
vt 0.0166 0.4609 -0.2017
vt 0.0157 0.4613 -0.2021
vt 0.0159 0.4600 -0.2014
vt 0.0166 0.4602 -0.2011
vt 0.0150 0.4596 -0.2024
vt 0.0150 0.4604 -0.2025
vt 0.5396 -0.2020 0.0157
vt 0.3981 -0.2059 0.5230
vt 0.3981 -0.2051 0.5232
vt 0.3970 -0.2059 0.5230
vt 0.3981 -0.2066 0.5224
vt 0.3970 -0.2066 0.5224
vt 0.3981 -0.1912 0.5246
vt 0.3970 -0.1912 0.5246
vt 0.3981 -0.1920 0.5243
vt 0.3981 -0.1905 0.5251
vt 0.3970 -0.1905 0.5251
vt 0.0158 -0.1912 0.5247
vt 0.0157 -0.1920 0.5245
vt 0.0166 -0.1912 0.5246
vt 0.0150 -0.1913 0.5251
vt 0.0150 -0.1921 0.5250
vt 0.0159 -0.1905 0.5251
vt 0.0166 -0.1905 0.5251
vt 0.0152 -0.1907 0.5253
vt 0.0157 -0.2064 0.5233
vt 0.0166 -0.2059 0.5230
vt 0.0157 -0.2055 0.5234
vt 0.0159 -0.2068 0.5226
vt 0.0166 -0.2066 0.5224
vt 0.0150 -0.2072 0.5237
vt 0.0150 -0.2064 0.5237
vt 0.4767 -0.2064 0.0157
vt 0.3981 0.5259 -0.1901
vt 0.3981 0.5268 -0.1900
vt 0.3970 0.5259 -0.1901
vt 0.3981 0.5251 -0.1905
vt 0.3970 0.5251 -0.1905
vt 0.3981 0.5358 -0.1909
vt 0.3970 0.5358 -0.1909
vt 0.3981 0.5350 -0.1907
vt 0.3981 0.5365 -0.1915
vt 0.3970 0.5365 -0.1915
vt 0.0158 0.5358 -0.1910
vt 0.0157 0.5349 -0.1909
vt 0.0166 0.5358 -0.1909
vt 0.0150 0.5356 -0.1914
vt 0.0150 0.5349 -0.1914
vt 0.0159 0.5365 -0.1915
vt 0.0166 0.5365 -0.1915
vt 0.0152 0.5362 -0.1917
vt 0.0158 0.5259 -0.1902
vt 0.0166 0.5259 -0.1901
vt 0.0157 0.5267 -0.1901
vt 0.0159 0.5251 -0.1905
vt 0.0166 0.5251 -0.1905
vt 0.0150 0.5260 -0.1906
vt 0.0150 0.5267 -0.1906
vt 0.0152 0.5253 -0.1907
vt 0.6019 -0.1923 0.5369
vt 0.6019 -0.1931 0.5370
vt 0.6030 -0.1923 0.5369
vt 0.6019 -0.1915 0.5365
vt 0.6030 -0.1915 0.5365
vt 0.6019 -0.2199 0.5345
vt 0.6030 -0.2199 0.5345
vt 0.6019 -0.2190 0.5347
vt 0.6019 -0.2205 0.5339
vt 0.6030 -0.2205 0.5339
vt 0.9842 -0.2199 0.5344
vt 0.9843 -0.2190 0.5346
vt 0.9834 -0.2199 0.5345
vt 0.9850 -0.2197 0.5340
vt 0.9850 -0.2190 0.5341
vt 0.9841 -0.2205 0.5339
vt 0.9834 -0.2205 0.5339
vt 0.9848 -0.2203 0.5337
vt 0.9842 -0.1923 0.5368
vt 0.9834 -0.1923 0.5369
vt 0.9843 -0.1931 0.5368
vt 0.9841 -0.1915 0.5365
vt 0.9834 -0.1915 0.5365
vt 0.9850 -0.1923 0.5364
vt 0.9850 -0.1931 0.5363
vt 0.9848 -0.1917 0.5362
vt 0.3988 0.4282 -0.2118
vt 0.3988 0.4291 -0.2120
vt 0.3977 0.4282 -0.2118
vt 0.3988 0.4276 -0.2112
vt 0.3977 0.4276 -0.2112
vt 0.3988 0.5332 -0.2210
vt 0.3977 0.5332 -0.2210
vt 0.3988 0.5323 -0.2211
vt 0.3988 0.5339 -0.2205
vt 0.3977 0.5339 -0.2205
vt 0.0164 0.5332 -0.2209
vt 0.0164 0.5323 -0.2209
vt 0.0173 0.5332 -0.2210
vt 0.0157 0.5331 -0.2205
vt 0.0157 0.5324 -0.2204
vt 0.0166 0.5339 -0.2205
vt 0.0173 0.5339 -0.2205
vt 0.0159 0.5337 -0.2203
vt 0.0164 0.4283 -0.2117
vt 0.0173 0.4282 -0.2118
vt 0.0164 0.4291 -0.2119
vt 0.0166 0.4276 -0.2112
vt 0.0173 0.4276 -0.2112
vt 0.0157 0.4284 -0.2113
vt 0.0157 0.4291 -0.2114
vt 0.0159 0.4278 -0.2110
vt 0.3988 -0.2199 0.5345
vt 0.3988 -0.2190 0.5347
vt 0.3977 -0.2199 0.5345
vt 0.3988 -0.2205 0.5339
vt 0.3977 -0.2205 0.5339
vt 0.3988 -0.1923 0.5369
vt 0.3977 -0.1923 0.5369
vt 0.3988 -0.1931 0.5370
vt 0.3988 -0.1915 0.5365
vt 0.3977 -0.1915 0.5365
vt 0.0164 -0.1923 0.5368
vt 0.0164 -0.1931 0.5368
vt 0.0173 -0.1923 0.5369
vt 0.0157 -0.1923 0.5364
vt 0.0157 -0.1931 0.5363
vt 0.0166 -0.1915 0.5365
vt 0.0173 -0.1915 0.5365
vt 0.0159 -0.1917 0.5362
vt 0.0164 -0.2199 0.5344
vt 0.0173 -0.2199 0.5345
vt 0.0164 -0.2190 0.5346
vt 0.0166 -0.2205 0.5339
vt 0.0173 -0.2205 0.5339
vt 0.0157 -0.2197 0.5340
vt 0.0157 -0.2190 0.5341
vt 0.0159 -0.2203 0.5337
vt 0.6012 0.5358 -0.1909
vt 0.6012 0.5350 -0.1907
vt 0.6023 0.5358 -0.1909
vt 0.6012 0.5365 -0.1915
vt 0.6023 0.5365 -0.1915
vt 0.6012 0.5259 -0.1901
vt 0.6023 0.5259 -0.1901
vt 0.6012 0.5268 -0.1900
vt 0.6012 0.5251 -0.1905
vt 0.6023 0.5251 -0.1905
vt 0.9836 0.5259 -0.1902
vt 0.9836 0.5267 -0.1901
vt 0.9827 0.5259 -0.1901
vt 0.9843 0.5260 -0.1906
vt 0.9843 0.5267 -0.1906
vt 0.9834 0.5251 -0.1905
vt 0.9827 0.5251 -0.1905
vt 0.9841 0.5253 -0.1907
vt 0.9836 0.5358 -0.1910
vt 0.9827 0.5358 -0.1909
vt 0.9836 0.5349 -0.1909
vt 0.9834 0.5365 -0.1915
vt 0.9827 0.5365 -0.1915
vt 0.9843 0.5356 -0.1914
vt 0.9843 0.5349 -0.1914
vt 0.9841 0.5362 -0.1917
vt 0.6012 -0.1912 0.5246
vt 0.6012 -0.1920 0.5243
vt 0.6023 -0.1912 0.5246
vt 0.6012 -0.1905 0.5251
vt 0.6023 -0.1905 0.5251
vt 0.6012 -0.2059 0.5230
vt 0.6023 -0.2059 0.5230
vt 0.6012 -0.2051 0.5232
vt 0.6012 -0.2066 0.5224
vt 0.6023 -0.2066 0.5224
vt 0.9836 -0.2064 0.5233
vt 0.9836 -0.2055 0.5234
vt 0.9827 -0.2059 0.5230
vt 0.9843 -0.2072 0.5237
vt 0.9843 -0.2064 0.5237
vt 0.9835 -0.2068 0.5226
vt 0.9827 -0.2066 0.5224
vt 0.5233 -0.2064 0.9836
vt 0.5226 -0.2068 0.9835
vt 0.9836 -0.1912 0.5247
vt 0.9827 -0.1912 0.5246
vt 0.9836 -0.1920 0.5245
vt 0.9834 -0.1905 0.5251
vt 0.9827 -0.1905 0.5251
vt 0.9843 -0.1913 0.5251
vt 0.9843 -0.1921 0.5250
vt 0.9841 -0.1907 0.5253
vt 0.6012 0.5217 -0.2070
vt 0.6012 0.5208 -0.2071
vt 0.6023 0.5217 -0.2070
vt 0.6012 0.5224 -0.2066
vt 0.6023 0.5224 -0.2066
vt 0.6012 0.4609 -0.2017
vt 0.6023 0.4609 -0.2017
vt 0.6012 0.4618 -0.2019
vt 0.6012 0.4602 -0.2011
vt 0.6023 0.4602 -0.2011
vt 0.9836 0.4604 -0.2020
vt 0.9836 0.4613 -0.2021
vt 0.9827 0.4609 -0.2017
vt 0.9843 0.4596 -0.2024
vt 0.9843 0.4604 -0.2025
vt 0.9835 0.4600 -0.2014
vt 0.9827 0.4602 -0.2011
vt 0.4604 -0.2020 0.9836
vt 0.4600 -0.2014 0.9835
vt 0.9836 0.5221 -0.2074
vt 0.9827 0.5217 -0.2070
vt 0.9836 0.5212 -0.2074
vt 0.9835 0.5226 -0.2068
vt 0.9827 0.5224 -0.2066
vt 0.9843 0.5229 -0.2079
vt 0.9843 0.5220 -0.2079
vt 0.5221 -0.2074 0.9836
vt 0.3988 -0.2004 0.4598
vt 0.3988 -0.1995 0.4597
vt 0.3977 -0.2004 0.4598
vt 0.3988 -0.2011 0.4602
vt 0.3977 -0.2011 0.4602
vt 0.3988 -0.1644 0.4627
vt 0.3977 -0.1645 0.4626
vt 0.3988 -0.1653 0.4627
vt 0.3988 -0.1637 0.4622
vt 0.3977 -0.1638 0.4622
vt 0.0164 -0.1645 0.4625
vt 0.0164 -0.1654 0.4626
vt 0.0173 -0.1645 0.4626
vt 0.0157 -0.1646 0.4621
vt 0.0157 -0.1653 0.4621
vt 0.0166 -0.1638 0.4622
vt 0.0173 -0.1638 0.4622
vt 0.0159 -0.1640 0.4620
vt 0.0164 -0.2008 0.4594
vt 0.0173 -0.2004 0.4598
vt 0.0164 -0.1999 0.4595
vt 0.0165 -0.2014 0.4600
vt 0.0173 -0.2011 0.4602
vt 0.0157 -0.2016 0.4589
vt 0.0157 -0.2008 0.4590
vt 0.4594 -0.2008 0.9836
vt 0.6013 0.4615 -0.1631
vt 0.6013 0.4607 -0.1628
vt 0.6023 0.4615 -0.1632
vt 0.6012 0.4622 -0.1637
vt 0.6023 0.4622 -0.1638
vt 0.6013 0.4327 -0.1606
vt 0.6023 0.4327 -0.1607
vt 0.6013 0.4336 -0.1605
vt 0.6012 0.4320 -0.1610
vt 0.6023 0.4320 -0.1611
vt 0.9836 0.4327 -0.1608
vt 0.9836 0.4336 -0.1607
vt 0.9827 0.4327 -0.1607
vt 0.9843 0.4328 -0.1612
vt 0.9843 0.4335 -0.1612
vt 0.9834 0.4319 -0.1611
vt 0.9827 0.4319 -0.1611
vt 0.9841 0.4321 -0.1613
vt 0.9836 0.4615 -0.1633
vt 0.9827 0.4615 -0.1632
vt 0.9836 0.4607 -0.1631
vt 0.9834 0.4622 -0.1638
vt 0.9827 0.4622 -0.1638
vt 0.9843 0.4614 -0.1637
vt 0.9843 0.4606 -0.1636
vt 0.9841 0.4620 -0.1640
vt 0.6012 -0.1617 0.4314
vt 0.6012 -0.1625 0.4312
vt 0.6023 -0.1618 0.4314
vt 0.6012 -0.1610 0.4320
vt 0.6023 -0.1611 0.4320
vt 0.6012 -0.2105 0.4271
vt 0.6023 -0.2105 0.4271
vt 0.6012 -0.2096 0.4271
vt 0.6012 -0.2112 0.4276
vt 0.6023 -0.2112 0.4276
vt 0.9836 -0.2105 0.4272
vt 0.9836 -0.2096 0.4272
vt 0.9827 -0.2105 0.4271
vt 0.9843 -0.2104 0.4276
vt 0.9843 -0.2097 0.4277
vt 0.9834 -0.2112 0.4276
vt 0.9827 -0.2112 0.4276
vt 0.9841 -0.2110 0.4278
vt 0.9836 -0.1618 0.4315
vt 0.9827 -0.1618 0.4314
vt 0.9836 -0.1626 0.4313
vt 0.9834 -0.1611 0.4319
vt 0.9827 -0.1611 0.4319
vt 0.9843 -0.1619 0.4319
vt 0.9843 -0.1627 0.4318
vt 0.9841 -0.1613 0.4321
vt 0.5364 -0.1394 0.4232
vt 0.5383 -0.1617 0.4008
vt 0.4617 -0.1617 0.5985
vt 0.4636 -0.1394 0.5761
# 6292 texture coords

g easel
usemtl st_wood
s 1
f 25/25 26/26 27/27 28/28 
f 29/29 30/30 31/31 32/32 
f 33/33 34/34 35/35 36/36 
f 37/37 38/38 39/39 40/40 
f 41/41 42/42 43/43 44/44 
f 45/45 46/46 47/47 48/48 
f 49/49 50/50 51/51 52/52 
f 53/53 54/54 55/55 56/56 
f 57/57 58/58 59/59 60/60 
f 61/61 62/62 63/63 64/64 
f 65/65 66/66 67/67 68/68 
f 69/69 70/70 71/71 72/72 
f 73/73 74/74 75/75 76/76 
f 77/77 78/78 79/79 80/80 
f 81/81 82/82 83/83 84/84 
f 85/85 86/86 87/87 88/88 
f 89/89 90/90 91/91 92/92 
f 93/93 94/94 95/95 96/96 
f 97/97 98/98 99/99 100/100 
f 101/101 102/102 103/103 104/104 
f 105/105 106/106 107/107 108/108 
f 109/109 110/110 111/111 112/112 
f 113/113 114/114 115/115 116/116 
f 115/115 117/117 118/118 119/119 
f 118/118 120/120 119/119 
f 119/119 121/121 122/122 123/123 
f 122/122 124/124 123/123 
f 115/115 119/119 123/123 125/125 
f 123/123 126/126 127/127 128/128 
f 127/127 129/129 128/128 
f 128/128 130/130 131/131 125/125 
f 131/131 132/132 125/125 
f 123/123 128/128 125/125 
f 125/125 133/133 134/134 116/116 
f 134/134 135/135 116/116 
f 115/115 125/125 116/116 
f 113/113 116/116 136/136 
f 137/137 138/138 139/139 140/140 
f 139/139 141/141 142/142 143/143 
f 142/142 144/144 143/143 
f 143/143 145/145 146/146 147/147 
f 146/146 148/148 147/147 
f 139/139 143/143 147/147 140/140 
f 147/147 149/149 150/150 151/151 
f 150/150 152/152 151/151 
f 151/151 153/153 154/154 155/155 
f 154/154 156/156 155/155 
f 147/147 151/151 155/155 140/140 
f 155/155 157/157 158/158 140/140 
f 158/158 159/159 140/140 
f 137/137 140/140 160/160 
f 161/161 162/162 163/163 164/164 
f 165/165 166/166 167/167 168/168 
f 169/27 170/26 171/25 172/28 
f 173/31 174/30 175/29 176/32 
f 177/35 178/34 179/33 180/36 
f 181/39 182/38 183/37 184/40 
f 185/43 186/42 187/41 188/44 
f 189/47 190/46 191/45 192/48 
f 193/51 194/50 195/49 196/52 
f 197/55 198/54 199/53 200/56 
f 201/59 202/58 203/57 204/60 
f 205/63 206/62 207/61 208/64 
f 209/67 210/66 211/65 212/68 
f 213/71 214/70 215/69 216/72 
f 217/75 218/74 219/73 220/76 
f 221/79 222/78 223/77 224/80 
f 225/83 226/82 227/81 228/84 
f 229/87 230/86 231/85 232/88 
f 233/91 234/90 235/89 236/92 
f 237/95 238/94 239/93 240/96 
f 241/99 242/98 243/97 244/100 
f 245/103 246/102 247/101 248/104 
f 249/107 250/106 251/105 252/108 
f 253/111 254/110 255/109 256/112 
f 257/119 258/120 259/118 260/122 
f 259/118 261/117 262/115 263/113 
f 262/115 264/114 263/113 
f 263/113 265/136 266/116 267/134 
f 266/116 268/135 267/134 
f 259/118 263/113 267/134 260/122 
f 267/134 269/133 270/125 271/131 
f 270/125 272/132 271/131 
f 271/131 273/130 274/128 275/127 
f 274/128 276/129 275/127 
f 267/134 271/131 275/127 260/122 
f 275/127 277/126 278/123 260/122 
f 278/123 279/124 260/122 
f 257/119 260/122 280/121 
f 281/143 282/144 283/142 284/146 
f 283/142 285/141 286/169 287/137 
f 286/169 288/138 287/137 
f 287/137 289/160 290/140 291/158 
f 290/140 292/159 291/158 
f 283/142 287/137 291/158 293/150 
f 291/158 294/157 295/155 296/154 
f 295/155 297/156 296/154 
f 296/154 298/153 299/151 293/150 
f 299/151 300/152 293/150 
f 291/158 296/154 293/150 
f 293/150 301/149 302/147 284/146 
f 302/147 303/148 284/146 
f 283/142 293/150 284/146 
f 281/143 284/146 304/145 
f 305/163 306/162 307/161 308/164 
f 309/167 310/166 311/165 312/168 
f 313/170 314/171 315/172 316/173 
f 317/174 318/175 319/176 320/177 
f 321/178 322/179 323/180 324/181 
f 325/182 326/183 327/184 328/185 
f 329/186 330/187 331/188 332/189 
f 331/188 333/190 334/191 332/189 
f 334/191 335/192 332/189 
f 329/186 332/189 336/193 
f 337/194 338/195 339/196 340/197 
f 339/196 341/198 340/197 
f 340/197 342/199 343/200 337/194 
f 337/194 343/200 344/201 
f 345/202 346/203 347/204 348/205 
f 349/206 350/207 351/208 352/209 
f 353/210 354/211 355/212 356/213 
f 357/214 358/215 359/216 360/217 
f 361/218 362/219 363/220 364/221 
f 365/222 366/223 367/224 368/225 
f 367/224 369/226 368/225 
f 365/222 368/225 370/227 
f 371/228 372/229 373/230 374/231 
f 375/232 376/233 377/234 378/235 
f 377/234 379/236 378/235 
f 375/232 378/235 380/237 
f 381/238 382/239 383/240 384/241 
f 385/242 386/243 387/244 388/245 
f 389/246 390/247 391/248 392/249 
f 393/250 394/251 395/252 396/253 
f 397/254 398/255 399/256 400/257 
f 401/258 402/259 403/260 404/261 
f 400/257 404/261 403/260 397/254 
f 405/262 406/263 407/264 408/265 
f 409/266 410/267 411/268 412/269 
f 408/265 409/266 412/269 405/262 
f 413/270 414/271 415/272 416/273 
f 417/274 418/275 419/276 420/277 
f 421/278 422/279 423/280 424/281 
f 425/282 426/283 427/284 428/285 
f 429/286 430/287 431/288 432/289 
f 433/290 434/291 435/292 436/293 
f 437/294 438/295 439/296 440/297 
f 437/294 440/297 441/298 442/299 
f 443/300 444/301 445/302 446/303 
f 445/302 447/304 446/303 
f 443/300 446/303 448/305 
f 449/306 450/307 451/308 452/309 
f 453/310 454/311 455/312 456/313 
f 457/314 458/315 459/316 460/317 
f 461/318 462/319 463/320 464/321 
f 465/322 466/323 467/324 468/325 
f 469/326 470/327 471/328 472/329 
f 473/330 474/331 475/332 476/333 
f 475/332 477/334 478/335 476/333 
f 478/335 479/336 476/333 
f 473/330 476/333 480/337 
f 481/338 482/339 483/340 484/341 
f 483/340 485/342 484/341 
f 484/341 486/343 487/344 481/338 
f 481/338 487/344 488/345 
f 489/346 490/347 491/348 492/349 
f 493/350 494/351 495/352 496/353 
f 497/354 498/355 499/356 500/357 
f 501/358 502/359 503/360 504/361 
f 505/362 506/363 507/364 508/365 
f 509/366 510/367 511/368 512/369 
f 511/368 513/370 514/371 515/372 
f 514/371 516/373 515/372 
f 515/372 517/374 518/375 519/376 
f 518/375 520/377 519/376 
f 511/368 515/372 519/376 521/378 
f 519/376 522/379 523/380 524/381 
f 523/380 525/382 524/381 
f 524/381 526/383 527/384 521/378 
f 527/384 528/385 521/378 
f 519/376 524/381 521/378 
f 521/378 529/386 530/387 512/369 
f 530/387 531/388 512/369 
f 511/368 521/378 512/369 
f 509/366 512/369 532/389 
f 533/390 534/391 535/392 536/393 
f 537/394 538/395 539/396 540/397 
f 539/396 541/398 542/399 543/400 
f 542/399 544/401 543/400 
f 543/400 545/402 546/403 540/397 
f 546/403 547/404 540/397 
f 539/396 543/400 540/397 
f 540/397 548/405 549/406 537/394 
f 537/394 549/406 550/407 
f 551/408 552/409 553/410 554/411 
f 555/412 556/413 557/414 558/415 
f 559/416 560/417 561/418 562/419 
f 563/420 564/421 565/422 566/423 
f 565/422 567/424 568/425 569/426 
f 568/425 570/427 569/426 
f 569/426 571/428 572/429 566/423 
f 572/429 573/430 566/423 
f 565/422 569/426 566/423 
f 566/423 574/431 575/432 563/420 
f 563/420 575/432 576/433 
f 577/434 578/435 579/436 580/437 
f 581/438 582/439 583/440 584/441 
f 580/437 581/438 584/441 577/434 
f 585/442 586/443 587/444 588/445 
f 589/446 590/447 591/448 592/449 
f 588/445 589/446 592/449 585/442 
f 593/450 594/451 595/452 596/453 
f 597/454 598/455 599/456 600/457 
s 2
f 601/458 602/459 603/460 604/461 
f 605/462 606/463 607/464 608/465 
f 609/466 610/467 611/468 612/469 
s 1
f 613/470 614/471 615/472 616/473 
s 2
f 617/474 618/475 619/476 620/477 
f 621/478 622/479 623/480 624/481 
f 625/482 626/483 627/484 628/485 
s 1
f 629/486 630/487 631/488 632/489 
f 633/490 634/491 635/492 636/493 
f 637/494 638/495 639/496 640/497 
s 2
f 641/498 642/499 643/500 644/501 
f 645/502 646/503 647/504 648/505 
f 649/506 650/507 651/508 652/509 
s 1
f 653/510 654/511 655/512 656/513 
s 2
f 657/514 658/515 659/516 660/517 
f 661/518 662/519 663/520 664/521 
f 665/522 666/523 667/524 668/525 
s 1
f 669/526 670/527 671/528 672/529 
f 673/362 674/363 675/364 676/365 
f 677/366 678/367 679/368 680/369 
f 679/368 681/370 682/371 683/372 
f 682/371 684/373 683/372 
f 683/372 685/374 686/375 687/376 
f 686/375 688/377 687/376 
f 679/368 683/372 687/376 689/378 
f 687/376 690/379 691/380 692/381 
f 691/380 693/382 692/381 
f 692/381 694/383 695/384 689/378 
f 695/384 696/385 689/378 
f 687/376 692/381 689/378 
f 689/378 697/386 698/387 680/369 
f 698/387 699/388 680/369 
f 679/368 689/378 680/369 
f 677/366 680/369 700/389 
f 701/390 702/391 703/392 704/393 
f 705/394 706/395 707/396 708/397 
f 707/396 709/398 710/399 711/400 
f 710/399 712/401 711/400 
f 711/400 713/402 714/403 708/397 
f 714/403 715/404 708/397 
f 707/396 711/400 708/397 
f 708/397 716/405 717/406 705/394 
f 705/394 717/406 718/407 
f 719/408 720/409 721/410 722/411 
f 723/412 724/413 725/414 726/415 
f 727/416 728/417 729/418 730/419 
f 731/420 732/421 733/422 734/423 
f 733/422 735/424 736/425 737/426 
f 736/425 738/427 737/426 
f 737/426 739/428 740/429 734/423 
f 740/429 741/430 734/423 
f 733/422 737/426 734/423 
f 734/423 742/431 743/432 731/420 
f 731/420 743/432 744/433 
f 745/434 746/435 747/436 748/437 
f 749/438 750/439 751/440 752/441 
f 748/437 749/438 752/441 745/434 
f 753/442 754/443 755/444 756/445 
f 757/446 758/447 759/448 760/449 
f 756/445 757/446 760/449 753/442 
f 761/450 762/451 763/452 764/453 
f 765/454 766/455 767/456 768/457 
s 2
f 769/458 770/459 771/460 772/461 
f 773/462 774/463 775/464 776/465 
f 777/466 778/467 779/468 780/469 
s 1
f 781/470 782/471 783/472 784/473 
s 2
f 785/474 786/475 787/476 788/477 
f 789/478 790/479 791/480 792/481 
f 793/482 794/483 795/484 796/485 
s 1
f 797/486 798/487 799/488 800/489 
f 801/490 802/491 803/492 804/493 
f 805/494 806/495 807/496 808/497 
s 2
f 809/498 810/499 811/500 812/501 
f 813/502 814/503 815/504 816/505 
f 817/506 818/507 819/508 820/509 
s 1
f 821/510 822/511 823/512 824/513 
s 2
f 825/514 826/515 827/516 828/517 
f 829/518 830/519 831/520 832/521 
f 833/522 834/523 835/524 836/525 
s 1
f 837/526 838/527 839/528 840/529 
f 841/530 842/531 26/26 843/532 
f 844/533 845/534 842/531 841/530 
f 846/535 841/530 843/532 847/536 
f 848/537 844/533 841/530 846/535 
f 849/538 850/539 27/27 851/540 
f 852/541 853/542 850/539 849/538 
f 854/543 849/538 851/540 855/544 
f 856/545 852/541 849/538 854/543 
f 857/546 858/547 28/28 859/548 
f 860/549 861/550 858/547 857/546 
f 862/551 857/546 859/548 863/552 
f 864/553 860/549 857/546 862/551 
f 865/554 866/555 25/25 867/556 
f 868/557 869/558 866/555 865/554 
f 870/559 865/554 867/556 871/560 
f 872/561 868/557 865/554 870/559 
f 873/562 874/563 30/30 875/564 
f 870/559 871/560 874/563 873/562 
f 876/565 873/562 875/564 877/566 
f 872/561 870/559 873/562 876/565 
f 878/567 879/568 31/31 880/569 
f 881/570 882/571 879/568 878/567 
f 860/549 878/567 880/569 861/550 
f 864/553 881/570 878/567 860/549 
f 883/572 884/573 32/32 885/574 
f 886/575 887/576 884/573 883/572 
f 888/577 883/572 885/574 889/578 
f 890/579 886/575 883/572 888/577 
f 891/580 892/581 29/29 893/582 
f 894/583 895/584 892/581 891/580 
f 896/585 891/580 893/582 897/586 
f 898/587 894/583 891/580 896/585 
f 899/588 900/589 34/34 901/590 
f 896/585 897/586 900/589 899/588 
f 902/591 899/588 901/590 903/592 
f 898/587 896/585 899/588 902/591 
f 904/593 905/594 35/35 906/595 
f 907/596 908/597 905/594 904/593 
f 886/575 904/593 906/595 887/576 
f 890/579 907/596 904/593 886/575 
f 909/598 910/599 36/36 911/600 
f 912/601 913/602 910/599 909/598 
f 914/603 909/598 911/600 915/604 
f 916/605 912/601 909/598 914/603 
f 917/606 918/607 33/33 919/608 
f 920/609 921/610 918/607 917/606 
f 922/611 917/606 919/608 923/612 
f 924/613 920/609 917/606 922/611 
f 925/614 926/615 38/38 927/616 
f 922/611 923/612 926/615 925/614 
f 928/617 925/614 927/616 929/618 
f 924/613 922/611 925/614 928/617 
f 930/619 931/620 39/39 932/621 
f 933/622 934/623 931/620 930/619 
f 912/601 930/619 932/621 913/602 
f 916/605 933/622 930/619 912/601 
f 935/624 936/625 40/40 937/626 
f 938/627 939/628 936/625 935/624 
f 940/629 935/624 937/626 941/630 
f 942/631 938/627 935/624 940/629 
f 943/632 944/633 37/37 945/634 
f 946/635 947/636 944/633 943/632 
f 948/637 943/632 945/634 949/638 
f 950/639 946/635 943/632 948/637 
f 951/640 952/641 42/42 953/642 
f 948/637 949/638 952/641 951/640 
f 954/643 951/640 953/642 955/644 
f 950/639 948/637 951/640 954/643 
f 956/645 957/646 43/43 958/647 
f 959/648 960/649 957/646 956/645 
f 938/627 956/645 958/647 939/628 
f 942/631 959/648 956/645 938/627 
f 961/650 962/651 44/44 963/652 
f 964/653 965/654 962/651 961/650 
f 966/655 961/650 963/652 967/656 
f 968/657 964/653 961/650 966/655 
f 969/658 970/659 41/41 971/660 
f 972/661 973/662 970/659 969/658 
f 974/663 969/658 971/660 975/664 
f 976/665 972/661 969/658 974/663 
f 977/666 978/667 46/46 979/668 
f 974/669 975/670 978/667 977/666 
f 980/671 977/666 979/668 981/672 
f 976/673 974/669 977/666 980/671 
f 982/674 983/675 47/47 984/676 
f 985/677 986/678 983/675 982/674 
f 964/679 982/674 984/676 965/680 
f 968/681 985/677 982/674 964/679 
f 987/682 988/683 48/48 989/684 
f 990/685 991/686 988/683 987/682 
f 992/687 987/682 989/684 993/688 
f 994/689 990/685 987/682 992/687 
f 995/690 996/691 45/45 997/692 
f 998/693 999/694 996/691 995/690 
f 1000/695 995/690 997/692 1001/696 
f 1002/697 998/693 995/690 1000/695 
f 1003/698 1004/699 50/50 1005/700 
f 1000/695 1001/696 1004/699 1003/698 
f 1006/701 1003/698 1005/700 1007/702 
f 1002/697 1000/695 1003/698 1006/701 
f 1008/703 1009/704 51/51 1010/705 
f 1011/706 1012/707 1009/704 1008/703 
f 990/685 1008/703 1010/705 991/686 
f 994/689 1011/706 1008/703 990/685 
f 1013/708 1014/709 52/52 1015/710 
f 1016/711 1017/712 1014/709 1013/708 
f 1018/713 1013/708 1015/710 1019/714 
f 1020/715 1016/711 1013/708 1018/713 
f 1021/716 1022/717 49/49 1023/718 
f 1024/719 1025/720 1022/717 1021/716 
f 1026/721 1021/716 1023/718 1027/722 
f 1028/723 1024/719 1021/716 1026/721 
f 1029/724 1030/725 54/54 1031/726 
f 1026/721 1027/722 1030/725 1029/724 
f 1032/727 1029/724 1031/726 1033/728 
f 1028/723 1026/721 1029/724 1032/727 
f 1034/729 1035/730 55/55 1036/731 
f 1037/732 1038/733 1035/730 1034/729 
f 1016/711 1034/729 1036/731 1017/712 
f 1020/715 1037/732 1034/729 1016/711 
f 1039/734 1040/735 56/56 1041/736 
f 1042/737 1043/738 1040/735 1039/734 
f 1044/739 1039/734 1041/736 1045/740 
f 1046/741 1042/737 1039/734 1044/739 
f 1047/742 1048/743 53/53 1049/744 
f 1050/745 1051/746 1048/743 1047/742 
f 1052/747 1047/742 1049/744 1053/748 
f 1054/749 1050/745 1047/742 1052/747 
f 1055/750 1056/751 58/58 1057/752 
f 1052/747 1053/748 1056/751 1055/750 
f 1058/753 1055/750 1057/752 1059/754 
f 1054/749 1052/747 1055/750 1058/753 
f 1060/755 1061/756 59/59 1062/757 
f 1063/758 1064/759 1061/756 1060/755 
f 1042/737 1060/755 1062/757 1043/738 
f 1046/741 1063/758 1060/755 1042/737 
f 1065/760 1066/761 60/60 1067/762 
f 1068/763 1069/764 1066/761 1065/760 
f 1070/765 1065/760 1067/762 1071/766 
f 1072/767 1068/763 1065/760 1070/765 
f 1073/768 1074/769 57/57 1075/770 
f 1076/771 1077/772 1074/769 1073/768 
f 1078/773 1073/768 1075/770 1079/774 
f 1080/775 1076/771 1073/768 1078/773 
f 1081/776 1082/777 62/62 1083/778 
f 1078/773 1079/774 1082/777 1081/776 
f 1084/779 1081/776 1083/778 1085/780 
f 1080/775 1078/773 1081/776 1084/779 
f 1086/781 1087/782 63/63 1088/783 
f 1089/784 1090/785 1087/782 1086/781 
f 1068/763 1086/781 1088/783 1069/764 
f 1072/767 1089/784 1086/781 1068/763 
f 1091/786 1092/787 64/64 1093/788 
f 1094/789 1095/790 1092/787 1091/786 
f 1096/791 1091/786 1093/788 1097/792 
f 1098/793 1094/789 1091/786 1096/791 
f 1099/794 1100/795 61/61 1101/796 
f 1102/797 1103/798 1100/795 1099/794 
f 1104/799 1099/794 1101/796 1105/800 
f 1106/801 1102/797 1099/794 1104/799 
f 1107/802 1108/803 66/66 1109/804 
f 1104/799 1105/800 1108/803 1107/802 
f 1110/805 1107/802 1109/804 1111/806 
f 1106/801 1104/799 1107/802 1110/805 
f 1112/807 1113/808 67/67 1114/809 
f 1115/810 1116/811 1113/808 1112/807 
f 1094/789 1112/807 1114/809 1095/790 
f 1098/793 1115/810 1112/807 1094/789 
f 1117/812 1118/813 68/68 1119/814 
f 1120/815 1121/816 1118/813 1117/812 
f 1122/817 1117/812 1119/814 1123/818 
f 1124/819 1120/815 1117/812 1122/817 
f 1125/820 1126/821 65/65 1127/822 
f 1128/823 1129/824 1126/821 1125/820 
f 1130/825 1125/820 1127/822 1131/826 
f 1132/827 1128/823 1125/820 1130/825 
f 1133/828 1134/829 70/70 1135/830 
f 1130/825 1131/826 1134/829 1133/828 
f 1136/831 1133/828 1135/830 1137/832 
f 1132/827 1130/825 1133/828 1136/831 
f 1138/833 1139/834 71/71 1140/835 
f 1141/836 1142/837 1139/834 1138/833 
f 1120/815 1138/833 1140/835 1121/816 
f 1124/819 1141/836 1138/833 1120/815 
f 1143/838 1144/839 72/72 1145/840 
f 1146/841 1147/842 1144/839 1143/838 
f 1148/843 1143/838 1145/840 1149/844 
f 1150/845 1146/841 1143/838 1148/843 
f 1151/846 1152/847 69/69 1153/848 
f 1154/849 1155/850 1152/847 1151/846 
f 1156/851 1151/846 1153/848 1157/852 
f 1158/853 1154/849 1151/846 1156/851 
f 1159/854 1160/855 74/74 1161/856 
f 1156/851 1157/852 1160/855 1159/854 
f 1162/857 1159/854 1161/856 1163/858 
f 1158/853 1156/851 1159/854 1162/857 
f 1164/859 1165/860 75/75 1166/861 
f 1167/862 1168/863 1165/860 1164/859 
f 1146/841 1164/859 1166/861 1147/842 
f 1150/845 1167/862 1164/859 1146/841 
f 1169/864 1170/865 76/76 1171/866 
f 1172/867 1173/868 1170/865 1169/864 
f 1174/869 1169/864 1171/866 1175/870 
f 1176/871 1172/867 1169/864 1174/869 
f 1177/872 1178/873 73/73 1179/874 
f 1180/875 1181/876 1178/873 1177/872 
f 1182/877 1177/872 1179/874 1183/878 
f 1184/879 1180/875 1177/872 1182/877 
f 1185/880 1186/881 78/78 1187/882 
f 1182/877 1183/878 1186/881 1185/880 
f 1188/883 1185/880 1187/882 1189/884 
f 1184/879 1182/877 1185/880 1188/883 
f 1190/885 1191/886 79/79 1192/887 
f 1193/888 1194/889 1191/886 1190/885 
f 1172/867 1190/885 1192/887 1173/868 
f 1176/871 1193/888 1190/885 1172/867 
f 1195/890 1196/891 80/80 1197/892 
f 1198/893 1199/894 1196/891 1195/890 
f 1200/895 1195/890 1197/892 1201/896 
f 1202/897 1198/893 1195/890 1200/895 
f 1203/898 1204/899 77/77 1205/900 
f 1206/901 1207/902 1204/899 1203/898 
f 1208/903 1203/898 1205/900 1209/904 
f 1210/905 1206/901 1203/898 1208/903 
f 1211/906 1212/907 82/82 1213/908 
f 1208/903 1209/904 1212/907 1211/906 
f 1214/909 1211/906 1213/908 1215/910 
f 1210/905 1208/903 1211/906 1214/909 
f 1216/911 1217/912 83/83 1218/913 
f 1219/914 1220/915 1217/912 1216/911 
f 1198/893 1216/911 1218/913 1199/894 
f 1202/897 1219/914 1216/911 1198/893 
f 1221/916 1222/917 84/84 1223/918 
f 1224/919 1225/920 1222/917 1221/916 
f 1226/921 1221/916 1223/918 1227/922 
f 1228/923 1224/919 1221/916 1226/921 
f 1229/924 1230/925 81/81 1231/926 
f 1232/927 1233/928 1230/925 1229/924 
f 1234/929 1229/924 1231/926 1235/930 
f 1236/931 1232/927 1229/924 1234/929 
f 1237/932 1238/933 86/86 1239/934 
f 1234/935 1235/936 1238/933 1237/932 
f 1240/937 1237/932 1239/934 1241/938 
f 1236/939 1234/935 1237/932 1240/937 
f 1242/940 1243/941 87/87 1244/942 
f 1245/943 1246/944 1243/941 1242/940 
f 1224/945 1242/940 1244/942 1225/946 
f 1228/947 1245/943 1242/940 1224/945 
f 1247/948 1248/949 88/88 1249/950 
f 1250/951 1251/952 1248/949 1247/948 
f 1252/953 1247/948 1249/950 1253/954 
f 1254/955 1250/951 1247/948 1252/953 
f 1255/956 1256/957 85/85 1257/958 
f 1258/959 1259/960 1256/957 1255/956 
f 1260/961 1255/956 1257/958 1261/962 
f 1262/963 1258/959 1255/956 1260/961 
f 1263/964 1264/965 90/90 1265/966 
f 1260/961 1261/962 1264/965 1263/964 
f 1266/967 1263/964 1265/966 1267/968 
f 1262/963 1260/961 1263/964 1266/967 
f 1268/969 1269/970 91/91 1270/971 
f 1271/972 1272/973 1269/970 1268/969 
f 1250/951 1268/969 1270/971 1251/952 
f 1254/955 1271/972 1268/969 1250/951 
f 1273/974 1274/975 92/92 1275/976 
f 1276/977 1277/978 1274/975 1273/974 
f 1278/979 1273/974 1275/976 1279/980 
f 1280/981 1276/977 1273/974 1278/979 
f 1281/982 1282/983 89/89 1283/984 
f 1284/985 1285/986 1282/983 1281/982 
f 1286/987 1281/982 1283/984 1287/988 
f 1288/989 1284/985 1281/982 1286/987 
f 1289/990 1290/991 94/94 1291/992 
f 1286/987 1287/988 1290/991 1289/990 
f 1292/993 1289/990 1291/992 1293/994 
f 1288/989 1286/987 1289/990 1292/993 
f 1294/995 1295/996 95/95 1296/997 
f 1297/998 1298/999 1295/996 1294/995 
f 1276/977 1294/995 1296/997 1277/978 
f 1280/981 1297/998 1294/995 1276/977 
f 1299/1000 1300/1001 96/96 1301/1002 
f 1302/1003 1303/1004 1300/1001 1299/1000 
f 1304/1005 1299/1000 1301/1002 1305/1006 
f 1306/1007 1302/1003 1299/1000 1304/1005 
f 1307/1008 1308/1009 93/93 1309/1010 
f 1310/1011 1311/1012 1308/1009 1307/1008 
f 1312/1013 1307/1008 1309/1010 1313/1014 
f 1314/1015 1310/1011 1307/1008 1312/1013 
f 1315/1016 1316/1017 98/98 1317/1018 
f 1312/1013 1313/1014 1316/1017 1315/1016 
f 1318/1019 1315/1016 1317/1018 1319/1020 
f 1314/1015 1312/1013 1315/1016 1318/1019 
f 1320/1021 1321/1022 99/99 1322/1023 
f 1323/1024 1324/1025 1321/1022 1320/1021 
f 1302/1003 1320/1021 1322/1023 1303/1004 
f 1306/1007 1323/1024 1320/1021 1302/1003 
f 1325/1026 1326/1027 100/100 1327/1028 
f 1328/1029 1329/1030 1326/1027 1325/1026 
f 1330/1031 1325/1026 1327/1028 1331/1032 
f 1332/1033 1328/1029 1325/1026 1330/1031 
f 1333/1034 1334/1035 97/97 1335/1036 
f 1336/1037 1337/1038 1334/1035 1333/1034 
f 1338/1039 1333/1034 1335/1036 1339/1040 
f 1340/1041 1336/1037 1333/1034 1338/1039 
f 1341/1042 1342/1043 102/102 1343/1044 
f 1338/1039 1339/1040 1342/1043 1341/1042 
f 1344/1045 1341/1042 1343/1044 1345/1046 
f 1340/1041 1338/1039 1341/1042 1344/1045 
f 1346/1047 1347/1048 103/103 1348/1049 
f 1349/1050 1350/1051 1347/1048 1346/1047 
f 1328/1029 1346/1047 1348/1049 1329/1030 
f 1332/1033 1349/1050 1346/1047 1328/1029 
f 1351/1052 1352/1053 104/104 1353/1054 
f 1354/1055 1355/1056 1352/1053 1351/1052 
f 1356/1057 1351/1052 1353/1054 1357/1058 
f 1358/1059 1354/1055 1351/1052 1356/1057 
f 1359/1060 1360/1061 101/101 1361/1062 
f 1362/1063 1363/1064 1360/1061 1359/1060 
f 1364/1065 1359/1060 1361/1062 1365/1066 
f 1366/1067 1362/1063 1359/1060 1364/1065 
f 1367/1068 1368/1069 106/106 1369/1070 
f 1364/1065 1365/1066 1368/1069 1367/1068 
f 1370/1071 1367/1068 1369/1070 1371/1072 
f 1366/1067 1364/1065 1367/1068 1370/1071 
f 1372/1073 1373/1074 107/107 1374/1075 
f 1375/1076 1376/1077 1373/1074 1372/1073 
f 1354/1055 1372/1073 1374/1075 1355/1056 
f 1358/1059 1375/1076 1372/1073 1354/1055 
f 1377/1078 1378/1079 108/108 1379/1080 
f 1380/1081 1381/1082 1378/1079 1377/1078 
f 1382/1083 1377/1078 1379/1080 1383/1084 
f 1384/1085 1380/1081 1377/1078 1382/1083 
f 1385/1086 1386/1087 105/105 1387/1088 
f 1388/1089 1389/1090 1386/1087 1385/1086 
f 1390/1091 1385/1086 1387/1088 1391/1092 
f 1392/1093 1388/1089 1385/1086 1390/1091 
f 1393/1094 1394/1095 110/110 1395/1096 
f 1396/1097 1397/1098 1394/1095 1393/1094 
f 1398/1099 1393/1094 1395/1096 1399/1100 
f 1400/1101 1396/1097 1393/1094 1398/1099 
f 1401/1102 1402/1103 111/111 1403/1104 
f 1404/1105 1405/1106 1402/1103 1401/1102 
f 1406/1107 1401/1102 1403/1104 1407/1108 
f 1408/1109 1404/1105 1401/1102 1406/1107 
f 1409/1110 1410/1111 112/112 1411/1112 
f 1412/1113 1413/1114 1410/1111 1409/1110 
f 1414/1115 1409/1110 1411/1112 1415/1116 
f 1416/1117 1412/1113 1409/1110 1414/1115 
f 1417/1118 1418/1119 109/109 1419/1120 
f 1420/1121 1421/1122 1418/1119 1417/1118 
f 1422/1123 1417/1118 1419/1120 1423/1124 
f 1424/1125 1420/1121 1417/1118 1422/1123 
f 1425/1126 1426/1127 117/117 1427/1128 
f 1370/1129 1371/1130 1426/1127 1425/1126 
f 1362/1131 1425/1126 1427/1128 1363/1132 
f 1366/1133 1370/1129 1425/1126 1362/1131 
f 1428/1134 1429/1135 118/118 1430/1136 
f 1431/1137 1432/1138 1429/1135 1428/1134 
f 1388/1139 1428/1134 1430/1136 1389/1140 
f 1392/1141 1431/1137 1428/1134 1388/1139 
f 1433/1142 1434/1143 120/120 1435/1144 
f 1398/1145 1399/1146 1434/1143 1433/1142 
f 1436/1147 1433/1142 1435/1144 1437/1148 
f 1400/1149 1398/1145 1433/1142 1436/1147 
f 1438/1150 1439/1151 119/119 1440/1152 
f 1441/1153 1442/1154 1439/1151 1438/1150 
f 1420/1155 1438/1150 1440/1152 1421/1156 
f 1424/1157 1441/1153 1438/1150 1420/1155 
f 1443/1158 1444/1159 121/121 1445/1160 
f 846/1161 847/1162 1444/1159 1443/1158 
f 1446/1163 1443/1158 1445/1160 1447/1164 
f 848/1165 846/1161 1443/1158 1446/1163 
f 1448/1166 1449/1167 122/122 1450/1168 
f 876/1169 877/1170 1449/1167 1448/1166 
f 868/1171 1448/1166 1450/1168 869/1172 
f 872/1173 876/1169 1448/1166 868/1171 
f 1451/1174 1452/1175 124/124 1453/1176 
f 902/1177 903/1178 1452/1175 1451/1174 
f 894/1179 1451/1174 1453/1176 895/1180 
f 898/1181 902/1177 1451/1174 894/1179 
f 1454/1182 1455/1183 123/123 1456/1184 
f 928/1185 929/1186 1455/1183 1454/1182 
f 920/1187 1454/1182 1456/1184 921/1188 
f 924/1189 928/1185 1454/1182 920/1187 
f 1457/1190 1458/1191 126/126 1459/1192 
f 954/1193 955/1194 1458/1191 1457/1190 
f 946/1195 1457/1190 1459/1192 947/1196 
f 950/1197 954/1193 1457/1190 946/1195 
f 1460/1198 1461/1199 127/127 1462/1200 
f 980/1201 981/1202 1461/1199 1460/1198 
f 972/1203 1460/1198 1462/1200 973/1204 
f 976/1205 980/1201 1460/1198 972/1203 
f 1463/1206 1464/1207 129/129 1465/1208 
f 1006/1209 1007/1210 1464/1207 1463/1206 
f 998/1211 1463/1206 1465/1208 999/1212 
f 1002/1213 1006/1209 1463/1206 998/1211 
f 1466/1214 1467/1215 128/128 1468/1216 
f 1032/1217 1033/1218 1467/1215 1466/1214 
f 1024/1219 1466/1214 1468/1216 1025/1220 
f 1028/1221 1032/1217 1466/1214 1024/1219 
f 1469/1222 1470/1223 130/130 1471/1224 
f 1058/1225 1059/1226 1470/1223 1469/1222 
f 1050/1227 1469/1222 1471/1224 1051/1228 
f 1054/1229 1058/1225 1469/1222 1050/1227 
f 1472/1230 1473/1231 131/131 1474/1232 
f 1084/1233 1085/1234 1473/1231 1472/1230 
f 1076/1235 1472/1230 1474/1232 1077/1236 
f 1080/1237 1084/1233 1472/1230 1076/1235 
f 1475/1238 1476/1239 132/132 1477/1240 
f 1110/1241 1111/1242 1476/1239 1475/1238 
f 1102/1243 1475/1238 1477/1240 1103/1244 
f 1106/1245 1110/1241 1475/1238 1102/1243 
f 1478/1246 1479/1247 125/125 1480/1248 
f 1136/1249 1137/1250 1479/1247 1478/1246 
f 1128/1251 1478/1246 1480/1248 1129/1252 
f 1132/1253 1136/1249 1478/1246 1128/1251 
f 1481/1254 1482/1255 133/133 1483/1256 
f 1162/1257 1163/1258 1482/1255 1481/1254 
f 1154/1259 1481/1254 1483/1256 1155/1260 
f 1158/1261 1162/1257 1481/1254 1154/1259 
f 1484/1262 1485/1263 134/134 1486/1264 
f 1188/1265 1189/1266 1485/1263 1484/1262 
f 1180/1267 1484/1262 1486/1264 1181/1268 
f 1184/1269 1188/1265 1484/1262 1180/1267 
f 1487/1270 1488/1271 135/135 1489/1272 
f 1214/1273 1215/1274 1488/1271 1487/1270 
f 1206/1275 1487/1270 1489/1272 1207/1276 
f 1210/1277 1214/1273 1487/1270 1206/1275 
f 1490/1278 1491/1279 116/116 1492/1280 
f 1240/1281 1241/1282 1491/1279 1490/1278 
f 1232/1283 1490/1278 1492/1280 1233/1284 
f 1236/1285 1240/1281 1490/1278 1232/1283 
f 1493/1286 1494/1287 136/136 1495/1288 
f 1266/1289 1267/1290 1494/1287 1493/1286 
f 1258/1291 1493/1286 1495/1288 1259/1292 
f 1262/1293 1266/1289 1493/1286 1258/1291 
f 1496/1294 1497/1295 113/113 1498/1296 
f 1292/1297 1293/1298 1497/1295 1496/1294 
f 1284/1299 1496/1294 1498/1296 1285/1300 
f 1288/1301 1292/1297 1496/1294 1284/1299 
f 1499/1302 1500/1303 114/114 1501/1304 
f 1318/1305 1319/1306 1500/1303 1499/1302 
f 1310/1307 1499/1302 1501/1304 1311/1308 
f 1314/1309 1318/1305 1499/1302 1310/1307 
f 1502/1310 1503/1311 115/115 1504/1312 
f 1344/1313 1345/1314 1503/1311 1502/1310 
f 1336/1315 1502/1310 1504/1312 1337/1316 
f 1340/1317 1344/1313 1502/1310 1336/1315 
f 1505/1318 1506/1319 141/141 1507/1320 
f 1356/1321 1357/1322 1506/1319 1505/1318 
f 1375/1323 1505/1318 1507/1320 1376/1324 
f 1358/1325 1356/1321 1505/1318 1375/1323 
f 1508/1326 1509/1327 142/142 1510/1328 
f 1330/1329 1331/1330 1509/1327 1508/1326 
f 1349/1331 1508/1326 1510/1328 1350/1332 
f 1332/1333 1330/1329 1508/1326 1349/1331 
f 1511/1334 1512/1335 144/144 1513/1336 
f 1304/1337 1305/1338 1512/1335 1511/1334 
f 1323/1339 1511/1334 1513/1336 1324/1340 
f 1306/1341 1304/1337 1511/1334 1323/1339 
f 1514/1342 1515/1343 143/143 1516/1344 
f 1278/1345 1279/1346 1515/1343 1514/1342 
f 1297/1347 1514/1342 1516/1344 1298/1348 
f 1280/1349 1278/1345 1514/1342 1297/1347 
f 1517/1350 1518/1351 145/145 1519/1352 
f 1252/1353 1253/1354 1518/1351 1517/1350 
f 1271/1355 1517/1350 1519/1352 1272/1356 
f 1254/1357 1252/1353 1517/1350 1271/1355 
f 1520/1358 1521/1359 146/146 1522/1360 
f 1226/1361 1227/1362 1521/1359 1520/1358 
f 1245/1363 1520/1358 1522/1360 1246/1364 
f 1228/1365 1226/1361 1520/1358 1245/1363 
f 1523/1366 1524/1367 148/148 1525/1368 
f 1200/1369 1201/1370 1524/1367 1523/1366 
f 1219/1371 1523/1366 1525/1368 1220/1372 
f 1202/1373 1200/1369 1523/1366 1219/1371 
f 1526/1374 1527/1375 147/147 1528/1376 
f 1174/1377 1175/1378 1527/1375 1526/1374 
f 1193/1379 1526/1374 1528/1376 1194/1380 
f 1176/1381 1174/1377 1526/1374 1193/1379 
f 1529/1382 1530/1383 149/149 1531/1384 
f 1148/1385 1149/1386 1530/1383 1529/1382 
f 1167/1387 1529/1382 1531/1384 1168/1388 
f 1150/1389 1148/1385 1529/1382 1167/1387 
f 1532/1390 1533/1391 150/150 1534/1392 
f 1122/1393 1123/1394 1533/1391 1532/1390 
f 1141/1395 1532/1390 1534/1392 1142/1396 
f 1124/1397 1122/1393 1532/1390 1141/1395 
f 1535/1398 1536/1399 152/152 1537/1400 
f 1096/1401 1097/1402 1536/1399 1535/1398 
f 1115/1403 1535/1398 1537/1400 1116/1404 
f 1098/1405 1096/1401 1535/1398 1115/1403 
f 1538/1406 1539/1407 151/151 1540/1408 
f 1070/1409 1071/1410 1539/1407 1538/1406 
f 1089/1411 1538/1406 1540/1408 1090/1412 
f 1072/1413 1070/1409 1538/1406 1089/1411 
f 1541/1414 1542/1415 153/153 1543/1416 
f 1044/1417 1045/1418 1542/1415 1541/1414 
f 1063/1419 1541/1414 1543/1416 1064/1420 
f 1046/1421 1044/1417 1541/1414 1063/1419 
f 1544/1422 1545/1423 154/154 1546/1424 
f 1018/1425 1019/1426 1545/1423 1544/1422 
f 1037/1427 1544/1422 1546/1424 1038/1428 
f 1020/1429 1018/1425 1544/1422 1037/1427 
f 1547/1430 1548/1431 156/156 1549/1432 
f 992/1433 993/1434 1548/1431 1547/1430 
f 1011/1435 1547/1430 1549/1432 1012/1436 
f 994/1437 992/1433 1547/1430 1011/1435 
f 1550/1438 1551/1439 155/155 1552/1440 
f 966/1441 967/1442 1551/1439 1550/1438 
f 985/1443 1550/1438 1552/1440 986/1444 
f 968/1445 966/1441 1550/1438 985/1443 
f 1553/1446 1554/1447 157/157 1555/1448 
f 940/1449 941/1450 1554/1447 1553/1446 
f 959/1451 1553/1446 1555/1448 960/1452 
f 942/1453 940/1449 1553/1446 959/1451 
f 1556/1454 1557/1455 158/158 1558/1456 
f 914/1457 915/1458 1557/1455 1556/1454 
f 933/1459 1556/1454 1558/1456 934/1460 
f 916/1461 914/1457 1556/1454 933/1459 
f 1559/1462 1560/1463 159/159 1561/1464 
f 888/1465 889/1466 1560/1463 1559/1462 
f 907/1467 1559/1462 1561/1464 908/1468 
f 890/1469 888/1465 1559/1462 907/1467 
f 1562/1470 1563/1471 140/140 1564/1472 
f 862/1473 863/1474 1563/1471 1562/1470 
f 881/1475 1562/1470 1564/1472 882/1476 
f 864/1477 862/1473 1562/1470 881/1475 
f 1565/1478 1566/1479 160/160 1567/1480 
f 1568/1481 1569/1482 1566/1479 1565/1478 
f 852/1483 1565/1478 1567/1480 853/1484 
f 856/1485 1568/1481 1565/1478 852/1483 
f 1570/1486 1571/1487 137/137 1572/1488 
f 1414/1489 1415/1490 1571/1487 1570/1486 
f 1573/1491 1570/1486 1572/1488 1574/1492 
f 1416/1493 1414/1489 1570/1486 1573/1491 
f 1575/1494 1576/1495 138/138 1577/1496 
f 1578/1497 1579/1498 1576/1495 1575/1494 
f 1404/1499 1575/1494 1577/1496 1405/1500 
f 1408/1501 1578/1497 1575/1494 1404/1499 
f 1580/1502 1581/1503 139/139 1582/1504 
f 1382/1505 1383/1506 1581/1503 1580/1502 
f 1583/1507 1580/1502 1582/1504 1584/1508 
f 1384/1509 1382/1505 1580/1502 1583/1507 
f 1585/1510 1586/1511 162/162 1587/1512 
f 854/543 855/544 1586/1511 1585/1510 
f 1568/1513 1585/1510 1587/1512 1569/1514 
f 856/545 854/543 1585/1510 1568/1513 
f 1588/1515 1589/1516 163/163 1590/1517 
f 1446/1518 1447/1519 1589/1516 1588/1515 
f 844/533 1588/1515 1590/1517 845/534 
f 848/537 1446/1518 1588/1515 844/533 
f 1591/1520 1592/1521 164/164 1593/1522 
f 1422/1523 1423/1524 1592/1521 1591/1520 
f 1441/1525 1591/1520 1593/1522 1442/1526 
f 1424/1527 1422/1523 1591/1520 1441/1525 
f 1594/1528 1595/1529 161/161 1596/1530 
f 1573/1531 1574/1532 1595/1529 1594/1528 
f 1412/1533 1594/1528 1596/1530 1413/1534 
f 1416/1535 1573/1531 1594/1528 1412/1533 
f 1597/1536 1598/1537 166/166 1599/1538 
f 1390/1539 1391/1540 1598/1537 1597/1536 
f 1431/1541 1597/1536 1599/1538 1432/1542 
f 1392/1543 1390/1539 1597/1536 1431/1541 
f 1600/1544 1601/1545 167/167 1602/1546 
f 1583/1547 1584/1548 1601/1545 1600/1544 
f 1380/1549 1600/1544 1602/1546 1381/1550 
f 1384/1551 1583/1547 1600/1544 1380/1549 
f 1603/1552 1604/1553 168/168 1605/1554 
f 1406/1107 1407/1108 1604/1553 1603/1552 
f 1578/1555 1603/1552 1605/1554 1579/1556 
f 1408/1109 1406/1107 1603/1552 1578/1555 
f 1606/1557 1607/1558 165/165 1608/1559 
f 1436/1560 1437/1561 1607/1558 1606/1557 
f 1396/1097 1606/1557 1608/1559 1397/1098 
f 1400/1101 1436/1560 1606/1557 1396/1097 
f 1609/530 1610/532 170/26 1611/531 
f 1612/535 1613/536 1610/532 1609/530 
f 1614/533 1609/530 1611/531 1615/534 
f 1616/537 1612/535 1609/530 1614/533 
f 1617/554 1618/556 171/25 1619/555 
f 1620/559 1621/560 1618/556 1617/554 
f 1622/557 1617/554 1619/555 1623/558 
f 1624/561 1620/559 1617/554 1622/557 
f 1625/546 1626/548 172/28 1627/547 
f 1628/551 1629/552 1626/548 1625/546 
f 1630/549 1625/546 1627/547 1631/550 
f 1632/553 1628/551 1625/546 1630/549 
f 1633/538 1634/540 169/27 1635/539 
f 1636/543 1637/544 1634/540 1633/538 
f 1638/541 1633/538 1635/539 1639/542 
f 1640/545 1636/543 1633/538 1638/541 
f 1641/562 1642/564 174/30 1643/563 
f 1644/565 1645/566 1642/564 1641/562 
f 1620/559 1641/562 1643/563 1621/560 
f 1624/561 1644/565 1641/562 1620/559 
f 1646/580 1647/582 175/29 1648/581 
f 1649/585 1650/586 1647/582 1646/580 
f 1651/583 1646/580 1648/581 1652/584 
f 1653/587 1649/585 1646/580 1651/583 
f 1654/572 1655/574 176/32 1656/573 
f 1657/577 1658/578 1655/574 1654/572 
f 1659/575 1654/572 1656/573 1660/576 
f 1661/579 1657/577 1654/572 1659/575 
f 1662/567 1663/569 173/31 1664/568 
f 1630/549 1631/550 1663/569 1662/567 
f 1665/570 1662/567 1664/568 1666/571 
f 1632/553 1630/549 1662/567 1665/570 
f 1667/588 1668/590 178/34 1669/589 
f 1670/591 1671/592 1668/590 1667/588 
f 1649/585 1667/588 1669/589 1650/586 
f 1653/587 1670/591 1667/588 1649/585 
f 1672/606 1673/608 179/33 1674/607 
f 1675/611 1676/612 1673/608 1672/606 
f 1677/609 1672/606 1674/607 1678/610 
f 1679/613 1675/611 1672/606 1677/609 
f 1680/598 1681/600 180/36 1682/599 
f 1683/603 1684/604 1681/600 1680/598 
f 1685/601 1680/598 1682/599 1686/602 
f 1687/605 1683/603 1680/598 1685/601 
f 1688/593 1689/595 177/35 1690/594 
f 1659/575 1660/576 1689/595 1688/593 
f 1691/596 1688/593 1690/594 1692/597 
f 1661/579 1659/575 1688/593 1691/596 
f 1693/614 1694/616 182/38 1695/615 
f 1696/617 1697/618 1694/616 1693/614 
f 1675/611 1693/614 1695/615 1676/612 
f 1679/613 1696/617 1693/614 1675/611 
f 1698/632 1699/634 183/37 1700/633 
f 1701/637 1702/638 1699/634 1698/632 
f 1703/635 1698/632 1700/633 1704/636 
f 1705/639 1701/637 1698/632 1703/635 
f 1706/624 1707/626 184/40 1708/625 
f 1709/629 1710/630 1707/626 1706/624 
f 1711/627 1706/624 1708/625 1712/628 
f 1713/631 1709/629 1706/624 1711/627 
f 1714/619 1715/621 181/39 1716/620 
f 1685/601 1686/602 1715/621 1714/619 
f 1717/622 1714/619 1716/620 1718/623 
f 1687/605 1685/601 1714/619 1717/622 
f 1719/640 1720/642 186/42 1721/641 
f 1722/643 1723/644 1720/642 1719/640 
f 1701/637 1719/640 1721/641 1702/638 
f 1705/639 1722/643 1719/640 1701/637 
f 1724/658 1725/660 187/41 1726/659 
f 1727/663 1728/664 1725/660 1724/658 
f 1729/661 1724/658 1726/659 1730/662 
f 1731/665 1727/663 1724/658 1729/661 
f 1732/650 1733/652 188/44 1734/651 
f 1735/655 1736/656 1733/652 1732/650 
f 1737/653 1732/650 1734/651 1738/654 
f 1739/657 1735/655 1732/650 1737/653 
f 1740/645 1741/647 185/43 1742/646 
f 1711/627 1712/628 1741/647 1740/645 
f 1743/648 1740/645 1742/646 1744/649 
f 1713/631 1711/627 1740/645 1743/648 
f 1745/666 1746/668 190/46 1747/667 
f 1748/671 1749/672 1746/668 1745/666 
f 1727/669 1745/666 1747/667 1728/670 
f 1731/673 1748/671 1745/666 1727/669 
f 1750/690 1751/692 191/45 1752/691 
f 1753/695 1754/696 1751/692 1750/690 
f 1755/693 1750/690 1752/691 1756/694 
f 1757/697 1753/695 1750/690 1755/693 
f 1758/682 1759/684 192/48 1760/683 
f 1761/687 1762/688 1759/684 1758/682 
f 1763/685 1758/682 1760/683 1764/686 
f 1765/689 1761/687 1758/682 1763/685 
f 1766/674 1767/676 189/47 1768/675 
f 1737/679 1738/680 1767/676 1766/674 
f 1769/677 1766/674 1768/675 1770/678 
f 1739/681 1737/679 1766/674 1769/677 
f 1771/698 1772/700 194/50 1773/699 
f 1774/701 1775/702 1772/700 1771/698 
f 1753/695 1771/698 1773/699 1754/696 
f 1757/697 1774/701 1771/698 1753/695 
f 1776/716 1777/718 195/49 1778/717 
f 1779/721 1780/722 1777/718 1776/716 
f 1781/719 1776/716 1778/717 1782/720 
f 1783/723 1779/721 1776/716 1781/719 
f 1784/708 1785/710 196/52 1786/709 
f 1787/713 1788/714 1785/710 1784/708 
f 1789/711 1784/708 1786/709 1790/712 
f 1791/715 1787/713 1784/708 1789/711 
f 1792/703 1793/705 193/51 1794/704 
f 1763/685 1764/686 1793/705 1792/703 
f 1795/706 1792/703 1794/704 1796/707 
f 1765/689 1763/685 1792/703 1795/706 
f 1797/724 1798/726 198/54 1799/725 
f 1800/727 1801/728 1798/726 1797/724 
f 1779/721 1797/724 1799/725 1780/722 
f 1783/723 1800/727 1797/724 1779/721 
f 1802/742 1803/744 199/53 1804/743 
f 1805/747 1806/748 1803/744 1802/742 
f 1807/745 1802/742 1804/743 1808/746 
f 1809/749 1805/747 1802/742 1807/745 
f 1810/734 1811/736 200/56 1812/735 
f 1813/739 1814/740 1811/736 1810/734 
f 1815/737 1810/734 1812/735 1816/738 
f 1817/741 1813/739 1810/734 1815/737 
f 1818/729 1819/731 197/55 1820/730 
f 1789/711 1790/712 1819/731 1818/729 
f 1821/732 1818/729 1820/730 1822/733 
f 1791/715 1789/711 1818/729 1821/732 
f 1823/750 1824/752 202/58 1825/751 
f 1826/753 1827/754 1824/752 1823/750 
f 1805/747 1823/750 1825/751 1806/748 
f 1809/749 1826/753 1823/750 1805/747 
f 1828/768 1829/770 203/57 1830/769 
f 1831/773 1832/774 1829/770 1828/768 
f 1833/771 1828/768 1830/769 1834/772 
f 1835/775 1831/773 1828/768 1833/771 
f 1836/760 1837/762 204/60 1838/761 
f 1839/765 1840/766 1837/762 1836/760 
f 1841/763 1836/760 1838/761 1842/764 
f 1843/767 1839/765 1836/760 1841/763 
f 1844/755 1845/757 201/59 1846/756 
f 1815/737 1816/738 1845/757 1844/755 
f 1847/758 1844/755 1846/756 1848/759 
f 1817/741 1815/737 1844/755 1847/758 
f 1849/776 1850/778 206/62 1851/777 
f 1852/779 1853/780 1850/778 1849/776 
f 1831/773 1849/776 1851/777 1832/774 
f 1835/775 1852/779 1849/776 1831/773 
f 1854/794 1855/796 207/61 1856/795 
f 1857/799 1858/800 1855/796 1854/794 
f 1859/797 1854/794 1856/795 1860/798 
f 1861/801 1857/799 1854/794 1859/797 
f 1862/786 1863/788 208/64 1864/787 
f 1865/791 1866/792 1863/788 1862/786 
f 1867/789 1862/786 1864/787 1868/790 
f 1869/793 1865/791 1862/786 1867/789 
f 1870/781 1871/783 205/63 1872/782 
f 1841/763 1842/764 1871/783 1870/781 
f 1873/784 1870/781 1872/782 1874/785 
f 1843/767 1841/763 1870/781 1873/784 
f 1875/802 1876/804 210/66 1877/803 
f 1878/805 1879/806 1876/804 1875/802 
f 1857/799 1875/802 1877/803 1858/800 
f 1861/801 1878/805 1875/802 1857/799 
f 1880/820 1881/822 211/65 1882/821 
f 1883/825 1884/826 1881/822 1880/820 
f 1885/823 1880/820 1882/821 1886/824 
f 1887/827 1883/825 1880/820 1885/823 
f 1888/812 1889/814 212/68 1890/813 
f 1891/817 1892/818 1889/814 1888/812 
f 1893/815 1888/812 1890/813 1894/816 
f 1895/819 1891/817 1888/812 1893/815 
f 1896/807 1897/809 209/67 1898/808 
f 1867/789 1868/790 1897/809 1896/807 
f 1899/810 1896/807 1898/808 1900/811 
f 1869/793 1867/789 1896/807 1899/810 
f 1901/828 1902/830 214/70 1903/829 
f 1904/831 1905/832 1902/830 1901/828 
f 1883/825 1901/828 1903/829 1884/826 
f 1887/827 1904/831 1901/828 1883/825 
f 1906/846 1907/848 215/69 1908/847 
f 1909/851 1910/852 1907/848 1906/846 
f 1911/849 1906/846 1908/847 1912/850 
f 1913/853 1909/851 1906/846 1911/849 
f 1914/838 1915/840 216/72 1916/839 
f 1917/843 1918/844 1915/840 1914/838 
f 1919/841 1914/838 1916/839 1920/842 
f 1921/845 1917/843 1914/838 1919/841 
f 1922/833 1923/835 213/71 1924/834 
f 1893/815 1894/816 1923/835 1922/833 
f 1925/836 1922/833 1924/834 1926/837 
f 1895/819 1893/815 1922/833 1925/836 
f 1927/854 1928/856 218/74 1929/855 
f 1930/857 1931/858 1928/856 1927/854 
f 1909/851 1927/854 1929/855 1910/852 
f 1913/853 1930/857 1927/854 1909/851 
f 1932/872 1933/874 219/73 1934/873 
f 1935/877 1936/878 1933/874 1932/872 
f 1937/875 1932/872 1934/873 1938/876 
f 1939/879 1935/877 1932/872 1937/875 
f 1940/864 1941/866 220/76 1942/865 
f 1943/869 1944/870 1941/866 1940/864 
f 1945/867 1940/864 1942/865 1946/868 
f 1947/871 1943/869 1940/864 1945/867 
f 1948/859 1949/861 217/75 1950/860 
f 1919/841 1920/842 1949/861 1948/859 
f 1951/862 1948/859 1950/860 1952/863 
f 1921/845 1919/841 1948/859 1951/862 
f 1953/880 1954/882 222/78 1955/881 
f 1956/883 1957/884 1954/882 1953/880 
f 1935/877 1953/880 1955/881 1936/878 
f 1939/879 1956/883 1953/880 1935/877 
f 1958/898 1959/900 223/77 1960/899 
f 1961/903 1962/904 1959/900 1958/898 
f 1963/901 1958/898 1960/899 1964/902 
f 1965/905 1961/903 1958/898 1963/901 
f 1966/890 1967/892 224/80 1968/891 
f 1969/895 1970/896 1967/892 1966/890 
f 1971/893 1966/890 1968/891 1972/894 
f 1973/897 1969/895 1966/890 1971/893 
f 1974/885 1975/887 221/79 1976/886 
f 1945/867 1946/868 1975/887 1974/885 
f 1977/888 1974/885 1976/886 1978/889 
f 1947/871 1945/867 1974/885 1977/888 
f 1979/906 1980/908 226/82 1981/907 
f 1982/909 1983/910 1980/908 1979/906 
f 1961/903 1979/906 1981/907 1962/904 
f 1965/905 1982/909 1979/906 1961/903 
f 1984/924 1985/926 227/81 1986/925 
f 1987/929 1988/930 1985/926 1984/924 
f 1989/927 1984/924 1986/925 1990/928 
f 1991/931 1987/929 1984/924 1989/927 
f 1992/916 1993/918 228/84 1994/917 
f 1995/921 1996/922 1993/918 1992/916 
f 1997/919 1992/916 1994/917 1998/920 
f 1999/923 1995/921 1992/916 1997/919 
f 2000/911 2001/913 225/83 2002/912 
f 1971/893 1972/894 2001/913 2000/911 
f 2003/914 2000/911 2002/912 2004/915 
f 1973/897 1971/893 2000/911 2003/914 
f 2005/932 2006/934 230/86 2007/933 
f 2008/937 2009/938 2006/934 2005/932 
f 1987/935 2005/932 2007/933 1988/936 
f 1991/939 2008/937 2005/932 1987/935 
f 2010/956 2011/958 231/85 2012/957 
f 2013/961 2014/962 2011/958 2010/956 
f 2015/959 2010/956 2012/957 2016/960 
f 2017/963 2013/961 2010/956 2015/959 
f 2018/948 2019/950 232/88 2020/949 
f 2021/953 2022/954 2019/950 2018/948 
f 2023/951 2018/948 2020/949 2024/952 
f 2025/955 2021/953 2018/948 2023/951 
f 2026/940 2027/942 229/87 2028/941 
f 1997/945 1998/946 2027/942 2026/940 
f 2029/943 2026/940 2028/941 2030/944 
f 1999/947 1997/945 2026/940 2029/943 
f 2031/964 2032/966 234/90 2033/965 
f 2034/967 2035/968 2032/966 2031/964 
f 2013/961 2031/964 2033/965 2014/962 
f 2017/963 2034/967 2031/964 2013/961 
f 2036/982 2037/984 235/89 2038/983 
f 2039/987 2040/988 2037/984 2036/982 
f 2041/985 2036/982 2038/983 2042/986 
f 2043/989 2039/987 2036/982 2041/985 
f 2044/974 2045/976 236/92 2046/975 
f 2047/979 2048/980 2045/976 2044/974 
f 2049/977 2044/974 2046/975 2050/978 
f 2051/981 2047/979 2044/974 2049/977 
f 2052/969 2053/971 233/91 2054/970 
f 2023/951 2024/952 2053/971 2052/969 
f 2055/972 2052/969 2054/970 2056/973 
f 2025/955 2023/951 2052/969 2055/972 
f 2057/990 2058/992 238/94 2059/991 
f 2060/993 2061/994 2058/992 2057/990 
f 2039/987 2057/990 2059/991 2040/988 
f 2043/989 2060/993 2057/990 2039/987 
f 2062/1008 2063/1010 239/93 2064/1009 
f 2065/1013 2066/1014 2063/1010 2062/1008 
f 2067/1011 2062/1008 2064/1009 2068/1012 
f 2069/1015 2065/1013 2062/1008 2067/1011 
f 2070/1000 2071/1002 240/96 2072/1001 
f 2073/1005 2074/1006 2071/1002 2070/1000 
f 2075/1003 2070/1000 2072/1001 2076/1004 
f 2077/1007 2073/1005 2070/1000 2075/1003 
f 2078/995 2079/997 237/95 2080/996 
f 2049/977 2050/978 2079/997 2078/995 
f 2081/998 2078/995 2080/996 2082/999 
f 2051/981 2049/977 2078/995 2081/998 
f 2083/1016 2084/1018 242/98 2085/1017 
f 2086/1019 2087/1020 2084/1018 2083/1016 
f 2065/1013 2083/1016 2085/1017 2066/1014 
f 2069/1015 2086/1019 2083/1016 2065/1013 
f 2088/1034 2089/1036 243/97 2090/1035 
f 2091/1039 2092/1040 2089/1036 2088/1034 
f 2093/1037 2088/1034 2090/1035 2094/1038 
f 2095/1041 2091/1039 2088/1034 2093/1037 
f 2096/1026 2097/1028 244/100 2098/1027 
f 2099/1031 2100/1032 2097/1028 2096/1026 
f 2101/1029 2096/1026 2098/1027 2102/1030 
f 2103/1033 2099/1031 2096/1026 2101/1029 
f 2104/1021 2105/1023 241/99 2106/1022 
f 2075/1003 2076/1004 2105/1023 2104/1021 
f 2107/1024 2104/1021 2106/1022 2108/1025 
f 2077/1007 2075/1003 2104/1021 2107/1024 
f 2109/1042 2110/1044 246/102 2111/1043 
f 2112/1045 2113/1046 2110/1044 2109/1042 
f 2091/1039 2109/1042 2111/1043 2092/1040 
f 2095/1041 2112/1045 2109/1042 2091/1039 
f 2114/1060 2115/1062 247/101 2116/1061 
f 2117/1065 2118/1066 2115/1062 2114/1060 
f 2119/1063 2114/1060 2116/1061 2120/1064 
f 2121/1067 2117/1065 2114/1060 2119/1063 
f 2122/1052 2123/1054 248/104 2124/1053 
f 2125/1057 2126/1058 2123/1054 2122/1052 
f 2127/1055 2122/1052 2124/1053 2128/1056 
f 2129/1059 2125/1057 2122/1052 2127/1055 
f 2130/1047 2131/1049 245/103 2132/1048 
f 2101/1029 2102/1030 2131/1049 2130/1047 
f 2133/1050 2130/1047 2132/1048 2134/1051 
f 2103/1033 2101/1029 2130/1047 2133/1050 
f 2135/1068 2136/1070 250/106 2137/1069 
f 2138/1071 2139/1072 2136/1070 2135/1068 
f 2117/1065 2135/1068 2137/1069 2118/1066 
f 2121/1067 2138/1071 2135/1068 2117/1065 
f 2140/1086 2141/1088 251/105 2142/1087 
f 2143/1091 2144/1092 2141/1088 2140/1086 
f 2145/1089 2140/1086 2142/1087 2146/1090 
f 2147/1093 2143/1091 2140/1086 2145/1089 
f 2148/1078 2149/1080 252/108 2150/1079 
f 2151/1083 2152/1084 2149/1080 2148/1078 
f 2153/1081 2148/1078 2150/1079 2154/1082 
f 2155/1085 2151/1083 2148/1078 2153/1081 
f 2156/1073 2157/1075 249/107 2158/1074 
f 2127/1055 2128/1056 2157/1075 2156/1073 
f 2159/1076 2156/1073 2158/1074 2160/1077 
f 2129/1059 2127/1055 2156/1073 2159/1076 
f 2161/1094 2162/1096 254/110 2163/1095 
f 2164/1099 2165/1100 2162/1096 2161/1094 
f 2166/1097 2161/1094 2163/1095 2167/1098 
f 2168/1101 2164/1099 2161/1094 2166/1097 
f 2169/1118 2170/1120 255/109 2171/1119 
f 2172/1123 2173/1124 2170/1120 2169/1118 
f 2174/1121 2169/1118 2171/1119 2175/1122 
f 2176/1125 2172/1123 2169/1118 2174/1121 
f 2177/1110 2178/1112 256/112 2179/1111 
f 2180/1115 2181/1116 2178/1112 2177/1110 
f 2182/1113 2177/1110 2179/1111 2183/1114 
f 2184/1117 2180/1115 2177/1110 2182/1113 
f 2185/1102 2186/1104 253/111 2187/1103 
f 2188/1107 2189/1108 2186/1104 2185/1102 
f 2190/1105 2185/1102 2187/1103 2191/1106 
f 2192/1109 2188/1107 2185/1102 2190/1105 
f 2193/1126 2194/1128 261/117 2195/1127 
f 2119/1131 2120/1132 2194/1128 2193/1126 
f 2138/1129 2193/1126 2195/1127 2139/1130 
f 2121/1133 2119/1131 2193/1126 2138/1129 
f 2196/1310 2197/1312 262/115 2198/1311 
f 2093/1315 2094/1316 2197/1312 2196/1310 
f 2112/1313 2196/1310 2198/1311 2113/1314 
f 2095/1317 2093/1315 2196/1310 2112/1313 
f 2199/1302 2200/1304 264/114 2201/1303 
f 2067/1307 2068/1308 2200/1304 2199/1302 
f 2086/1305 2199/1302 2201/1303 2087/1306 
f 2069/1309 2067/1307 2199/1302 2086/1305 
f 2202/1294 2203/1296 263/113 2204/1295 
f 2041/1299 2042/1300 2203/1296 2202/1294 
f 2060/1297 2202/1294 2204/1295 2061/1298 
f 2043/1301 2041/1299 2202/1294 2060/1297 
f 2205/1286 2206/1288 265/136 2207/1287 
f 2015/1291 2016/1292 2206/1288 2205/1286 
f 2034/1289 2205/1286 2207/1287 2035/1290 
f 2017/1293 2015/1291 2205/1286 2034/1289 
f 2208/1278 2209/1280 266/116 2210/1279 
f 1989/1283 1990/1284 2209/1280 2208/1278 
f 2008/1281 2208/1278 2210/1279 2009/1282 
f 1991/1285 1989/1283 2208/1278 2008/1281 
f 2211/1270 2212/1272 268/135 2213/1271 
f 1963/1275 1964/1276 2212/1272 2211/1270 
f 1982/1273 2211/1270 2213/1271 1983/1274 
f 1965/1277 1963/1275 2211/1270 1982/1273 
f 2214/1262 2215/1264 267/134 2216/1263 
f 1937/1267 1938/1268 2215/1264 2214/1262 
f 1956/1265 2214/1262 2216/1263 1957/1266 
f 1939/1269 1937/1267 2214/1262 1956/1265 
f 2217/1254 2218/1256 269/133 2219/1255 
f 1911/1259 1912/1260 2218/1256 2217/1254 
f 1930/1257 2217/1254 2219/1255 1931/1258 
f 1913/1261 1911/1259 2217/1254 1930/1257 
f 2220/1246 2221/1248 270/125 2222/1247 
f 1885/1251 1886/1252 2221/1248 2220/1246 
f 1904/1249 2220/1246 2222/1247 1905/1250 
f 1887/1253 1885/1251 2220/1246 1904/1249 
f 2223/1238 2224/1240 272/132 2225/1239 
f 1859/1243 1860/1244 2224/1240 2223/1238 
f 1878/1241 2223/1238 2225/1239 1879/1242 
f 1861/1245 1859/1243 2223/1238 1878/1241 
f 2226/1230 2227/1232 271/131 2228/1231 
f 1833/1235 1834/1236 2227/1232 2226/1230 
f 1852/1233 2226/1230 2228/1231 1853/1234 
f 1835/1237 1833/1235 2226/1230 1852/1233 
f 2229/1222 2230/1224 273/130 2231/1223 
f 1807/1227 1808/1228 2230/1224 2229/1222 
f 1826/1225 2229/1222 2231/1223 1827/1226 
f 1809/1229 1807/1227 2229/1222 1826/1225 
f 2232/1214 2233/1216 274/128 2234/1215 
f 1781/1219 1782/1220 2233/1216 2232/1214 
f 1800/1217 2232/1214 2234/1215 1801/1218 
f 1783/1221 1781/1219 2232/1214 1800/1217 
f 2235/1206 2236/1208 276/129 2237/1207 
f 1755/1211 1756/1212 2236/1208 2235/1206 
f 1774/1209 2235/1206 2237/1207 1775/1210 
f 1757/1213 1755/1211 2235/1206 1774/1209 
f 2238/1198 2239/1200 275/127 2240/1199 
f 1729/1203 1730/1204 2239/1200 2238/1198 
f 1748/1201 2238/1198 2240/1199 1749/1202 
f 1731/1205 1729/1203 2238/1198 1748/1201 
f 2241/1190 2242/1192 277/126 2243/1191 
f 1703/1195 1704/1196 2242/1192 2241/1190 
f 1722/1193 2241/1190 2243/1191 1723/1194 
f 1705/1197 1703/1195 2241/1190 1722/1193 
f 2244/1182 2245/1184 278/123 2246/1183 
f 1677/1187 1678/1188 2245/1184 2244/1182 
f 1696/1185 2244/1182 2246/1183 1697/1186 
f 1679/1189 1677/1187 2244/1182 1696/1185 
f 2247/1174 2248/1176 279/124 2249/1175 
f 1651/1179 1652/1180 2248/1176 2247/1174 
f 1670/1177 2247/1174 2249/1175 1671/1178 
f 1653/1181 1651/1179 2247/1174 1670/1177 
f 2250/1166 2251/1168 260/122 2252/1167 
f 1622/1171 1623/1172 2251/1168 2250/1166 
f 1644/1169 2250/1166 2252/1167 1645/1170 
f 1624/1173 1622/1171 2250/1166 1644/1169 
f 2253/1158 2254/1160 280/121 2255/1159 
f 2256/1163 2257/1164 2254/1160 2253/1158 
f 1612/1161 2253/1158 2255/1159 1613/1162 
f 1616/1165 2256/1163 2253/1158 1612/1161 
f 2258/1150 2259/1152 257/119 2260/1151 
f 2174/1155 2175/1156 2259/1152 2258/1150 
f 2261/1153 2258/1150 2260/1151 2262/1154 
f 2176/1157 2174/1155 2258/1150 2261/1153 
f 2263/1142 2264/1144 258/120 2265/1143 
f 2266/1147 2267/1148 2264/1144 2263/1142 
f 2164/1145 2263/1142 2265/1143 2165/1146 
f 2168/1149 2266/1147 2263/1142 2164/1145 
f 2268/1134 2269/1136 259/118 2270/1135 
f 2145/1139 2146/1140 2269/1136 2268/1134 
f 2271/1137 2268/1134 2270/1135 2272/1138 
f 2147/1141 2145/1139 2268/1134 2271/1137 
f 2273/1318 2274/1320 285/141 2275/1319 
f 2159/1323 2160/1324 2274/1320 2273/1318 
f 2125/1321 2273/1318 2275/1319 2126/1322 
f 2129/1325 2159/1323 2273/1318 2125/1321 
f 2276/1502 2277/1562 286/169 2278/1503 
f 2279/1507 2280/1508 2277/1562 2276/1502 
f 2151/1505 2276/1502 2278/1503 2152/1506 
f 2155/1509 2279/1507 2276/1502 2151/1505 
f 2281/1494 2282/1496 288/138 2283/1495 
f 2190/1499 2191/1500 2282/1496 2281/1494 
f 2284/1497 2281/1494 2283/1495 2285/1498 
f 2192/1501 2190/1499 2281/1494 2284/1497 
f 2286/1486 2287/1488 287/137 2288/1487 
f 2289/1491 2290/1492 2287/1488 2286/1486 
f 2180/1489 2286/1486 2288/1487 2181/1490 
f 2184/1493 2289/1491 2286/1486 2180/1489 
f 2291/1478 2292/1480 289/160 2293/1479 
f 1638/1483 1639/1484 2292/1480 2291/1478 
f 2294/1481 2291/1478 2293/1479 2295/1482 
f 1640/1485 1638/1483 2291/1478 2294/1481 
f 2296/1470 2297/1472 290/140 2298/1471 
f 1665/1475 1666/1476 2297/1472 2296/1470 
f 1628/1473 2296/1470 2298/1471 1629/1474 
f 1632/1477 1665/1475 2296/1470 1628/1473 
f 2299/1462 2300/1464 292/159 2301/1463 
f 1691/1467 1692/1468 2300/1464 2299/1462 
f 1657/1465 2299/1462 2301/1463 1658/1466 
f 1661/1469 1691/1467 2299/1462 1657/1465 
f 2302/1454 2303/1456 291/158 2304/1455 
f 1717/1459 1718/1460 2303/1456 2302/1454 
f 1683/1457 2302/1454 2304/1455 1684/1458 
f 1687/1461 1717/1459 2302/1454 1683/1457 
f 2305/1446 2306/1448 294/157 2307/1447 
f 1743/1451 1744/1452 2306/1448 2305/1446 
f 1709/1449 2305/1446 2307/1447 1710/1450 
f 1713/1453 1743/1451 2305/1446 1709/1449 
f 2308/1438 2309/1440 295/155 2310/1439 
f 1769/1443 1770/1444 2309/1440 2308/1438 
f 1735/1441 2308/1438 2310/1439 1736/1442 
f 1739/1445 1769/1443 2308/1438 1735/1441 
f 2311/1430 2312/1432 297/156 2313/1431 
f 1795/1435 1796/1436 2312/1432 2311/1430 
f 1761/1433 2311/1430 2313/1431 1762/1434 
f 1765/1437 1795/1435 2311/1430 1761/1433 
f 2314/1422 2315/1424 296/154 2316/1423 
f 1821/1427 1822/1428 2315/1424 2314/1422 
f 1787/1425 2314/1422 2316/1423 1788/1426 
f 1791/1429 1821/1427 2314/1422 1787/1425 
f 2317/1414 2318/1416 298/153 2319/1415 
f 1847/1419 1848/1420 2318/1416 2317/1414 
f 1813/1417 2317/1414 2319/1415 1814/1418 
f 1817/1421 1847/1419 2317/1414 1813/1417 
f 2320/1406 2321/1408 299/151 2322/1407 
f 1873/1411 1874/1412 2321/1408 2320/1406 
f 1839/1409 2320/1406 2322/1407 1840/1410 
f 1843/1413 1873/1411 2320/1406 1839/1409 
f 2323/1398 2324/1400 300/152 2325/1399 
f 1899/1403 1900/1404 2324/1400 2323/1398 
f 1865/1401 2323/1398 2325/1399 1866/1402 
f 1869/1405 1899/1403 2323/1398 1865/1401 
f 2326/1390 2327/1392 293/150 2328/1391 
f 1925/1395 1926/1396 2327/1392 2326/1390 
f 1891/1393 2326/1390 2328/1391 1892/1394 
f 1895/1397 1925/1395 2326/1390 1891/1393 
f 2329/1382 2330/1384 301/149 2331/1383 
f 1951/1387 1952/1388 2330/1384 2329/1382 
f 1917/1385 2329/1382 2331/1383 1918/1386 
f 1921/1389 1951/1387 2329/1382 1917/1385 
f 2332/1374 2333/1376 302/147 2334/1375 
f 1977/1379 1978/1380 2333/1376 2332/1374 
f 1943/1377 2332/1374 2334/1375 1944/1378 
f 1947/1381 1977/1379 2332/1374 1943/1377 
f 2335/1366 2336/1368 303/148 2337/1367 
f 2003/1371 2004/1372 2336/1368 2335/1366 
f 1969/1369 2335/1366 2337/1367 1970/1370 
f 1973/1373 2003/1371 2335/1366 1969/1369 
f 2338/1358 2339/1360 284/146 2340/1359 
f 2029/1363 2030/1364 2339/1360 2338/1358 
f 1995/1361 2338/1358 2340/1359 1996/1362 
f 1999/1365 2029/1363 2338/1358 1995/1361 
f 2341/1350 2342/1352 304/145 2343/1351 
f 2055/1355 2056/1356 2342/1352 2341/1350 
f 2021/1353 2341/1350 2343/1351 2022/1354 
f 2025/1357 2055/1355 2341/1350 2021/1353 
f 2344/1342 2345/1344 281/143 2346/1343 
f 2081/1347 2082/1348 2345/1344 2344/1342 
f 2047/1345 2344/1342 2346/1343 2048/1346 
f 2051/1349 2081/1347 2344/1342 2047/1345 
f 2347/1334 2348/1336 282/144 2349/1335 
f 2107/1339 2108/1340 2348/1336 2347/1334 
f 2073/1337 2347/1334 2349/1335 2074/1338 
f 2077/1341 2107/1339 2347/1334 2073/1337 
f 2350/1326 2351/1328 283/142 2352/1327 
f 2133/1331 2134/1332 2351/1328 2350/1326 
f 2099/1329 2350/1326 2352/1327 2100/1330 
f 2103/1333 2133/1331 2350/1326 2099/1329 
f 2353/1510 2354/1512 306/162 2355/1511 
f 2294/1513 2295/1514 2354/1512 2353/1510 
f 1636/543 2353/1510 2355/1511 1637/544 
f 1640/545 2294/1513 2353/1510 1636/543 
f 2356/1528 2357/1530 307/161 2358/1529 
f 2182/1533 2183/1534 2357/1530 2356/1528 
f 2289/1531 2356/1528 2358/1529 2290/1532 
f 2184/1535 2182/1533 2356/1528 2289/1531 
f 2359/1520 2360/1522 308/164 2361/1521 
f 2261/1525 2262/1526 2360/1522 2359/1520 
f 2172/1523 2359/1520 2361/1521 2173/1524 
f 2176/1527 2261/1525 2359/1520 2172/1523 
f 2362/1515 2363/1517 305/163 2364/1516 
f 1614/533 1615/534 2363/1517 2362/1515 
f 2256/1518 2362/1515 2364/1516 2257/1519 
f 1616/537 1614/533 2362/1515 2256/1518 
f 2365/1536 2366/1538 310/166 2367/1537 
f 2271/1541 2272/1542 2366/1538 2365/1536 
f 2143/1539 2365/1536 2367/1537 2144/1540 
f 2147/1543 2271/1541 2365/1536 2143/1539 
f 2368/1557 2369/1559 311/165 2370/1558 
f 2166/1097 2167/1098 2369/1559 2368/1557 
f 2266/1560 2368/1557 2370/1558 2267/1561 
f 2168/1101 2166/1097 2368/1557 2266/1560 
f 2371/1552 2372/1554 312/168 2373/1553 
f 2284/1555 2285/1556 2372/1554 2371/1552 
f 2188/1107 2371/1552 2373/1553 2189/1108 
f 2192/1109 2284/1555 2371/1552 2188/1107 
f 2374/1544 2375/1546 309/167 2376/1545 
f 2153/1549 2154/1550 2375/1546 2374/1544 
f 2279/1547 2374/1544 2376/1545 2280/1548 
f 2155/1551 2153/1549 2374/1544 2279/1547 
f 2377/1563 2378/1564 314/171 2379/1565 
f 2380/1566 2381/1567 2378/1564 2377/1563 
f 2382/1568 2377/1563 2379/1565 2383/1569 
f 2384/1570 2380/1566 2377/1563 2382/1568 
f 2385/1571 2386/1572 315/172 2387/1573 
f 2388/1574 2389/1575 2386/1572 2385/1571 
f 2390/1576 2385/1571 2387/1573 2391/1577 
f 2392/1578 2388/1574 2385/1571 2390/1576 
f 2393/1579 2394/1580 316/173 2395/1581 
f 2396/1582 2397/1583 2394/1580 2393/1579 
f 2398/1584 2393/1579 2395/1581 2399/1585 
f 2400/1586 2396/1582 2393/1579 2398/1584 
f 2401/1587 2402/1588 313/170 2403/1589 
f 2404/1590 2405/1591 2402/1588 2401/1587 
f 2406/1592 2401/1587 2403/1589 2407/1593 
f 2408/1594 2404/1590 2401/1587 2406/1592 
f 2409/1595 2410/1596 318/175 2411/1597 
f 2412/1598 2413/1599 2410/1596 2409/1595 
f 2414/1600 2409/1595 2411/1597 2415/1601 
f 2416/1602 2412/1598 2409/1595 2414/1600 
f 2417/1603 2418/1604 319/176 2419/1605 
f 2420/1606 2421/1607 2418/1604 2417/1603 
f 2422/1608 2417/1603 2419/1605 2423/1609 
f 2424/1610 2420/1606 2417/1603 2422/1608 
f 2425/1611 2426/1612 320/177 2427/1613 
f 2428/1614 2429/1615 2426/1612 2425/1611 
f 2430/1616 2425/1611 2427/1613 2431/1617 
f 2432/1618 2428/1614 2425/1611 2430/1616 
f 2433/1619 2434/1620 317/174 2435/1621 
f 2436/1622 2437/1623 2434/1620 2433/1619 
f 2438/1624 2433/1619 2435/1621 2439/1625 
f 2440/1626 2436/1622 2433/1619 2438/1624 
f 2441/1627 2442/1628 322/179 2443/1629 
f 2444/1630 2445/1631 2442/1628 2441/1627 
f 2446/1632 2441/1627 2443/1629 2447/1633 
f 2448/1634 2444/1630 2441/1627 2446/1632 
f 2449/1635 2450/1636 323/180 2451/1637 
f 2452/1638 2453/1639 2450/1636 2449/1635 
f 2454/1640 2449/1635 2451/1637 2455/1641 
f 2456/1642 2452/1638 2449/1635 2454/1640 
f 2457/1643 2458/1644 324/181 2459/1645 
f 2460/1646 2461/1647 2458/1644 2457/1643 
f 2462/1648 2457/1643 2459/1645 2463/1649 
f 2464/1650 2460/1646 2457/1643 2462/1648 
f 2465/1651 2466/1652 321/178 2467/1653 
f 2468/1654 2469/1655 2466/1652 2465/1651 
f 2470/1656 2465/1651 2467/1653 2471/1657 
f 2472/1658 2468/1654 2465/1651 2470/1656 
f 2473/1659 2474/1660 326/183 2475/1661 
f 2476/1662 2477/1663 2474/1660 2473/1659 
f 2478/1664 2473/1659 2475/1661 2479/1665 
f 2480/1666 2476/1662 2473/1659 2478/1664 
f 2481/1667 2482/1668 327/184 2483/1669 
f 2484/1670 2485/1671 2482/1668 2481/1667 
f 2486/1672 2481/1667 2483/1669 2487/1673 
f 2488/1674 2484/1670 2481/1667 2486/1672 
f 2489/1675 2490/1676 328/185 2491/1677 
f 2492/1678 2493/1679 2490/1676 2489/1675 
f 2494/1680 2489/1675 2491/1677 2495/1681 
f 2496/1682 2492/1678 2489/1675 2494/1680 
f 2497/1683 2498/1684 325/182 2499/1685 
f 2500/1686 2501/1687 2498/1684 2497/1683 
f 2502/1688 2497/1683 2499/1685 2503/1689 
f 2504/1690 2500/1686 2497/1683 2502/1688 
f 2505/1691 2506/1692 333/190 2507/1693 
f 2508/1694 2509/1695 2506/1692 2505/1691 
f 2380/1696 2505/1691 2507/1693 2381/1697 
f 2384/1698 2508/1694 2505/1691 2380/1696 
f 2510/1699 2511/1700 334/191 2512/1701 
f 2486/1702 2487/1703 2511/1700 2510/1699 
f 2513/1704 2510/1699 2512/1701 2514/1705 
f 2488/1706 2486/1702 2510/1699 2513/1704 
f 2515/1707 2516/1708 335/192 2517/1709 
f 2518/1710 2519/1711 2516/1708 2515/1707 
f 2476/1712 2515/1707 2517/1709 2477/1713 
f 2480/1714 2518/1710 2515/1707 2476/1712 
f 2520/1715 2521/1716 332/189 2522/1717 
f 2454/1718 2455/1719 2521/1716 2520/1715 
f 2523/1720 2520/1715 2522/1717 2524/1721 
f 2456/1722 2454/1718 2520/1715 2523/1720 
f 2525/1723 2526/1724 336/193 2527/1725 
f 2528/1726 2529/1727 2526/1724 2525/1723 
f 2444/1728 2525/1723 2527/1725 2445/1729 
f 2448/1730 2528/1726 2525/1723 2444/1728 
f 2530/1731 2531/1732 329/186 2532/1733 
f 2422/1734 2423/1735 2531/1732 2530/1731 
f 2533/1736 2530/1731 2532/1733 2534/1737 
f 2424/1738 2422/1734 2530/1731 2533/1736 
f 2535/1739 2536/1740 330/187 2537/1741 
f 2538/1742 2539/1743 2536/1740 2535/1739 
f 2412/1744 2535/1739 2537/1741 2413/1745 
f 2416/1746 2538/1742 2535/1739 2412/1744 
f 2540/1747 2541/1748 331/188 2542/1749 
f 2390/1750 2391/1751 2541/1748 2540/1747 
f 2543/1752 2540/1747 2542/1749 2544/1753 
f 2392/1754 2390/1750 2540/1747 2543/1752 
f 2545/1755 2546/1756 341/198 2547/1757 
f 2548/1758 2549/1759 2546/1756 2545/1755 
f 2492/1760 2545/1755 2547/1757 2493/1761 
f 2496/1762 2548/1758 2545/1755 2492/1760 
f 2550/1763 2551/1764 340/197 2552/1765 
f 2406/1766 2407/1767 2551/1764 2550/1763 
f 2553/1768 2550/1763 2552/1765 2554/1769 
f 2408/1770 2406/1766 2550/1763 2553/1768 
f 2555/1771 2556/1772 342/199 2557/1773 
f 2558/1774 2559/1775 2556/1772 2555/1771 
f 2396/1776 2555/1771 2557/1773 2397/1777 
f 2400/1778 2558/1774 2555/1771 2396/1776 
f 2560/1779 2561/1780 343/200 2562/1781 
f 2438/1782 2439/1783 2561/1780 2560/1779 
f 2563/1784 2560/1779 2562/1781 2564/1785 
f 2440/1786 2438/1782 2560/1779 2563/1784 
f 2565/1787 2566/1788 344/201 2567/1789 
f 2568/1790 2569/1791 2566/1788 2565/1787 
f 2428/1792 2565/1787 2567/1789 2429/1793 
f 2432/1794 2568/1790 2565/1787 2428/1792 
f 2570/1795 2571/1796 337/194 2572/1797 
f 2470/1798 2471/1799 2571/1796 2570/1795 
f 2573/1800 2570/1795 2572/1797 2574/1801 
f 2472/1802 2470/1798 2570/1795 2573/1800 
f 2575/1803 2576/1804 338/195 2577/1805 
f 2578/1806 2579/1807 2576/1804 2575/1803 
f 2460/1808 2575/1803 2577/1805 2461/1809 
f 2464/1810 2578/1806 2575/1803 2460/1808 
f 2580/1811 2581/1812 339/196 2582/1813 
f 2502/1814 2503/1815 2581/1812 2580/1811 
f 2583/1816 2580/1811 2582/1813 2584/1817 
f 2504/1818 2502/1814 2580/1811 2583/1816 
f 2585/1819 2586/1820 346/203 2587/1821 
f 2543/1822 2544/1823 2586/1820 2585/1819 
f 2388/1824 2585/1819 2587/1821 2389/1825 
f 2392/1826 2543/1822 2585/1819 2388/1824 
f 2588/1827 2589/1828 347/204 2590/1829 
f 2414/1600 2415/1601 2589/1828 2588/1827 
f 2538/1830 2588/1827 2590/1829 2539/1831 
f 2416/1602 2414/1600 2588/1827 2538/1830 
f 2591/1832 2592/1833 348/205 2593/1834 
f 2563/1835 2564/1836 2592/1833 2591/1832 
f 2436/1622 2591/1832 2593/1834 2437/1623 
f 2440/1626 2563/1835 2591/1832 2436/1622 
f 2594/1837 2595/1838 345/202 2596/1839 
f 2398/1840 2399/1841 2595/1838 2594/1837 
f 2558/1842 2594/1837 2596/1839 2559/1843 
f 2400/1844 2398/1840 2594/1837 2558/1842 
f 2597/1845 2598/1846 350/207 2599/1847 
f 2553/1848 2554/1849 2598/1846 2597/1845 
f 2404/1850 2597/1845 2599/1847 2405/1851 
f 2408/1852 2553/1848 2597/1845 2404/1850 
f 2600/1853 2601/1854 351/208 2602/1855 
f 2494/1680 2495/1681 2601/1854 2600/1853 
f 2548/1856 2600/1853 2602/1855 2549/1857 
f 2496/1682 2494/1680 2600/1853 2548/1856 
f 2603/1858 2604/1859 352/209 2605/1860 
f 2513/1861 2514/1862 2604/1859 2603/1858 
f 2484/1670 2603/1858 2605/1860 2485/1671 
f 2488/1674 2513/1861 2603/1858 2484/1670 
f 2606/1863 2607/1864 349/206 2608/1865 
f 2382/1866 2383/1867 2607/1864 2606/1863 
f 2508/1868 2606/1863 2608/1865 2509/1869 
f 2384/1870 2382/1866 2606/1863 2508/1868 
f 2609/1871 2610/1872 354/211 2611/1873 
f 2533/1874 2534/1875 2610/1872 2609/1871 
f 2420/1876 2609/1871 2611/1873 2421/1877 
f 2424/1878 2533/1874 2609/1871 2420/1876 
f 2612/1879 2613/1880 355/212 2614/1881 
f 2446/1632 2447/1633 2613/1880 2612/1879 
f 2528/1882 2612/1879 2614/1881 2529/1883 
f 2448/1634 2446/1632 2612/1879 2528/1882 
f 2615/1884 2616/1885 356/213 2617/1886 
f 2573/1887 2574/1888 2616/1885 2615/1884 
f 2468/1654 2615/1884 2617/1886 2469/1655 
f 2472/1658 2573/1887 2615/1884 2468/1654 
f 2618/1889 2619/1890 353/210 2620/1891 
f 2430/1892 2431/1893 2619/1890 2618/1889 
f 2568/1894 2618/1889 2620/1891 2569/1895 
f 2432/1896 2430/1892 2618/1889 2568/1894 
f 2621/1897 2622/1898 358/215 2623/1899 
f 2523/1900 2524/1901 2622/1898 2621/1897 
f 2452/1638 2621/1897 2623/1899 2453/1639 
f 2456/1642 2523/1900 2621/1897 2452/1638 
f 2624/1902 2625/1903 359/216 2626/1904 
f 2478/1905 2479/1906 2625/1903 2624/1902 
f 2518/1907 2624/1902 2626/1904 2519/1908 
f 2480/1909 2478/1905 2624/1902 2518/1907 
f 2627/1910 2628/1911 360/217 2629/1912 
f 2583/1913 2584/1914 2628/1911 2627/1910 
f 2500/1915 2627/1910 2629/1912 2501/1916 
f 2504/1917 2583/1913 2627/1910 2500/1915 
f 2630/1918 2631/1919 357/214 2632/1920 
f 2462/1648 2463/1649 2631/1919 2630/1918 
f 2578/1921 2630/1918 2632/1920 2579/1922 
f 2464/1650 2462/1648 2630/1918 2578/1921 
f 2633/1923 2634/1924 362/219 2635/1925 
f 2636/1926 2637/1927 2634/1924 2633/1923 
f 2638/1928 2633/1923 2635/1925 2639/1929 
f 2640/1930 2636/1926 2633/1923 2638/1928 
f 2641/1931 2642/1932 363/220 2643/1933 
f 2644/1934 2645/1935 2642/1932 2641/1931 
f 2646/1936 2641/1931 2643/1933 2647/1937 
f 2648/1938 2644/1934 2641/1931 2646/1936 
f 2649/1939 2650/1940 364/221 2651/1941 
f 2652/1942 2653/1943 2650/1940 2649/1939 
f 2654/1944 2649/1939 2651/1941 2655/1945 
f 2656/1946 2652/1942 2649/1939 2654/1944 
f 2657/1947 2658/1948 361/218 2659/1949 
f 2660/1950 2661/1951 2658/1948 2657/1947 
f 2662/1952 2657/1947 2659/1949 2663/1953 
f 2664/1954 2660/1950 2657/1947 2662/1952 
f 2665/1955 2666/1956 369/226 2667/1957 
f 2668/1958 2669/1959 2666/1956 2665/1955 
f 2644/1960 2665/1955 2667/1957 2645/1961 
f 2648/1962 2668/1958 2665/1955 2644/1960 
f 2670/1963 2671/1964 368/225 2672/1965 
f 2673/1966 2674/1967 2671/1964 2670/1963 
f 2675/1968 2670/1963 2672/1965 2676/1969 
f 2677/1970 2673/1966 2670/1963 2675/1968 
f 2678/1971 2679/1972 370/227 2680/1973 
f 2681/1974 2682/1975 2679/1972 2678/1971 
f 2683/1976 2678/1971 2680/1973 2684/1977 
f 2685/1978 2681/1974 2678/1971 2683/1976 
f 2686/1979 2687/1980 365/222 2688/1981 
f 2689/1982 2690/1983 2687/1980 2686/1979 
f 2691/1984 2686/1979 2688/1981 2692/1985 
f 2693/1986 2689/1982 2686/1979 2691/1984 
f 2694/1987 2695/1988 366/223 2696/1989 
f 2697/1990 2698/1991 2695/1988 2694/1987 
f 2699/1992 2694/1987 2696/1989 2700/1993 
f 2701/1994 2697/1990 2694/1987 2699/1992 
f 2702/1995 2703/1996 367/224 2704/1997 
f 2654/1998 2655/1999 2703/1996 2702/1995 
f 2705/2000 2702/1995 2704/1997 2706/2001 
f 2656/2002 2654/1998 2702/1995 2705/2000 
f 2707/2003 2708/2004 372/229 2709/2005 
f 2710/2006 2711/2007 2708/2004 2707/2003 
f 2681/2008 2707/2003 2709/2005 2682/2009 
f 2685/2010 2710/2006 2707/2003 2681/2008 
f 2712/2011 2713/2012 373/230 2714/2013 
f 2715/2014 2716/2015 2713/2012 2712/2011 
f 2717/2016 2712/2011 2714/2013 2718/2017 
f 2719/2018 2715/2014 2712/2011 2717/2016 
f 2720/2019 2721/2020 374/231 2722/2021 
f 2723/2022 2724/2023 2721/2020 2720/2019 
f 2725/2024 2720/2019 2722/2021 2726/2025 
f 2727/2026 2723/2022 2720/2019 2725/2024 
f 2728/2027 2729/2028 371/228 2730/2029 
f 2691/2030 2692/2031 2729/2028 2728/2027 
f 2731/2032 2728/2027 2730/2029 2732/2033 
f 2693/2034 2691/2030 2728/2027 2731/2032 
f 2733/2035 2734/2036 379/236 2735/2037 
f 2736/2038 2737/2039 2734/2036 2733/2035 
f 2715/2040 2733/2035 2735/2037 2716/2041 
f 2719/2042 2736/2038 2733/2035 2715/2040 
f 2738/2043 2739/2044 378/235 2740/2045 
f 2741/2046 2742/2047 2739/2044 2738/2043 
f 2743/2048 2738/2043 2740/2045 2744/2049 
f 2745/2050 2741/2046 2738/2043 2743/2048 
f 2746/2051 2747/2052 380/237 2748/2053 
f 2749/2054 2750/2055 2747/2052 2746/2051 
f 2751/2056 2746/2051 2748/2053 2752/2057 
f 2753/2058 2749/2054 2746/2051 2751/2056 
f 2754/2059 2755/2060 375/232 2756/2061 
f 2757/2062 2758/2063 2755/2060 2754/2059 
f 2759/2064 2754/2059 2756/2061 2760/2065 
f 2761/2066 2757/2062 2754/2059 2759/2064 
f 2762/2067 2763/2068 376/233 2764/2069 
f 2765/2070 2766/2071 2763/2068 2762/2067 
f 2767/2072 2762/2067 2764/2069 2768/2073 
f 2769/2074 2765/2070 2762/2067 2767/2072 
f 2770/2075 2771/2076 377/234 2772/2077 
f 2725/2078 2726/2079 2771/2076 2770/2075 
f 2773/2080 2770/2075 2772/2077 2774/2081 
f 2727/2082 2725/2078 2770/2075 2773/2080 
f 2775/2083 2776/2084 382/239 2777/2085 
f 2778/2086 2779/2087 2776/2084 2775/2083 
f 2749/2088 2775/2083 2777/2085 2750/2089 
f 2753/2090 2778/2086 2775/2083 2749/2088 
f 2780/2091 2781/2092 383/240 2782/2093 
f 2783/2094 2784/2095 2781/2092 2780/2091 
f 2785/2096 2780/2091 2782/2093 2786/2097 
f 2787/2098 2783/2094 2780/2091 2785/2096 
f 2788/2099 2789/2100 384/241 2790/2101 
f 2791/2102 2792/2103 2789/2100 2788/2099 
f 2793/2104 2788/2099 2790/2101 2794/2105 
f 2795/2106 2791/2102 2788/2099 2793/2104 
f 2796/2107 2797/2108 381/238 2798/2109 
f 2759/2110 2760/2111 2797/2108 2796/2107 
f 2799/2112 2796/2107 2798/2109 2800/2113 
f 2761/2114 2759/2110 2796/2107 2799/2112 
f 2801/2115 2802/2116 386/243 2803/2117 
f 2804/2118 2805/2119 2802/2116 2801/2115 
f 2783/2120 2801/2115 2803/2117 2784/2121 
f 2787/2122 2804/2118 2801/2115 2783/2120 
f 2806/2123 2807/2124 387/244 2808/2125 
f 2809/2126 2810/2127 2807/2124 2806/2123 
f 2811/2128 2806/2123 2808/2125 2812/2129 
f 2813/2130 2809/2126 2806/2123 2811/2128 
f 2814/2131 2815/2132 388/245 2816/2133 
f 2817/2134 2818/2135 2815/2132 2814/2131 
f 2819/2136 2814/2131 2816/2133 2820/2137 
f 2821/2138 2817/2134 2814/2131 2819/2136 
f 2822/2139 2823/2140 385/242 2824/2141 
f 2793/2142 2794/2143 2823/2140 2822/2139 
f 2825/2144 2822/2139 2824/2141 2826/2145 
f 2795/2146 2793/2142 2822/2139 2825/2144 
f 2827/2147 2828/2148 390/247 2829/2149 
f 2830/2150 2831/2151 2828/2148 2827/2147 
f 2809/2152 2827/2147 2829/2149 2810/2153 
f 2813/2154 2830/2150 2827/2147 2809/2152 
f 2832/2155 2833/2156 391/248 2834/2157 
f 2835/2158 2836/2159 2833/2156 2832/2155 
f 2837/2160 2832/2155 2834/2157 2838/2161 
f 2839/2162 2835/2158 2832/2155 2837/2160 
f 2840/2163 2841/2164 392/249 2842/2165 
f 2843/2166 2844/2167 2841/2164 2840/2163 
f 2845/2168 2840/2163 2842/2165 2846/2169 
f 2847/2170 2843/2166 2840/2163 2845/2168 
f 2848/2171 2849/2172 389/246 2850/2173 
f 2819/2174 2820/2175 2849/2172 2848/2171 
f 2851/2176 2848/2171 2850/2173 2852/2177 
f 2821/2178 2819/2174 2848/2171 2851/2176 
f 2853/2179 2854/2180 394/251 2855/2181 
f 2856/2182 2857/2183 2854/2180 2853/2179 
f 2835/2184 2853/2179 2855/2181 2836/2185 
f 2839/2186 2856/2182 2853/2179 2835/2184 
f 2858/2187 2859/2188 395/252 2860/2189 
f 2638/2190 2639/2191 2859/2188 2858/2187 
f 2861/2192 2858/2187 2860/2189 2862/2193 
f 2640/2194 2638/2190 2858/2187 2861/2192 
f 2863/2195 2864/2196 396/253 2865/2197 
f 2866/2198 2867/2199 2864/2196 2863/2195 
f 2660/2200 2863/2195 2865/2197 2661/2201 
f 2664/2202 2866/2198 2863/2195 2660/2200 
f 2868/2203 2869/2204 393/250 2870/2205 
f 2845/2206 2846/2207 2869/2204 2868/2203 
f 2871/2208 2868/2203 2870/2205 2872/2209 
f 2847/2210 2845/2206 2868/2203 2871/2208 
f 2873/2211 2874/2212 403/260 2875/2213 
f 2785/2214 2786/2215 2874/2212 2873/2211 
f 2804/2216 2873/2211 2875/2213 2805/2217 
f 2787/2211 2785/2214 2873/2211 2804/2216 
f 2876/2218 2877/2219 397/254 2878/2220 
f 2751/2221 2752/2222 2877/2219 2876/2218 
f 2778/2223 2876/2218 2878/2220 2779/2224 
f 2753/2218 2751/2221 2876/2218 2778/2223 
f 2879/2225 2880/2226 398/255 2881/2227 
f 2882/2228 2883/2229 2880/2226 2879/2225 
f 2741/2230 2879/2225 2881/2227 2742/2231 
f 2745/2232 2882/2228 2879/2225 2741/2230 
f 2884/2233 2885/2234 399/256 2886/2235 
f 2675/2236 2676/2237 2885/2234 2884/2233 
f 2887/2238 2884/2233 2886/2235 2888/2239 
f 2677/2240 2675/2236 2884/2233 2887/2238 
f 2889/2241 2890/2242 400/257 2891/2243 
f 2646/2244 2647/2245 2890/2242 2889/2241 
f 2668/2246 2889/2241 2891/2243 2669/2247 
f 2648/2248 2646/2244 2889/2241 2668/2246 
f 2892/2249 2893/2250 404/261 2894/2251 
f 2861/2252 2862/2253 2893/2250 2892/2249 
f 2636/2254 2892/2249 2894/2251 2637/2255 
f 2640/2256 2861/2252 2892/2249 2636/2254 
f 2895/2257 2896/2258 401/258 2897/2259 
f 2837/2260 2838/2261 2896/2258 2895/2257 
f 2856/2262 2895/2257 2897/2259 2857/2263 
f 2839/2264 2837/2260 2895/2257 2856/2262 
f 2898/2265 2899/2266 402/259 2900/2267 
f 2811/2268 2812/2269 2899/2266 2898/2265 
f 2830/2270 2898/2265 2900/2267 2831/2271 
f 2813/2272 2811/2268 2898/2265 2830/2270 
f 2901/2273 2902/2274 409/266 2903/2275 
f 2825/2276 2826/2277 2902/2274 2901/2273 
f 2791/2278 2901/2273 2903/2275 2792/2279 
f 2795/2273 2825/2276 2901/2273 2791/2278 
f 2904/2280 2905/2281 410/267 2906/2282 
f 2851/2283 2852/2284 2905/2281 2904/2280 
f 2817/2285 2904/2280 2906/2282 2818/2286 
f 2821/2287 2851/2283 2904/2280 2817/2285 
f 2907/2288 2908/2289 411/268 2909/2290 
f 2871/2291 2872/2292 2908/2289 2907/2288 
f 2843/2293 2907/2288 2909/2290 2844/2294 
f 2847/2295 2871/2291 2907/2288 2843/2293 
f 2910/2296 2911/2297 412/269 2912/2298 
f 2662/2299 2663/2300 2911/2297 2910/2296 
f 2866/2301 2910/2296 2912/2298 2867/2302 
f 2664/2303 2662/2299 2910/2296 2866/2301 
f 2913/2304 2914/2305 405/262 2915/2306 
f 2705/2307 2706/2308 2914/2305 2913/2304 
f 2652/2309 2913/2304 2915/2306 2653/2310 
f 2656/2311 2705/2307 2913/2304 2652/2309 
f 2916/2312 2917/2313 406/263 2918/2314 
f 2919/2315 2920/2316 2917/2313 2916/2312 
f 2697/2317 2916/2312 2918/2314 2698/2318 
f 2701/2319 2919/2315 2916/2312 2697/2317 
f 2921/2320 2922/2321 407/264 2923/2322 
f 2767/2323 2768/2324 2922/2321 2921/2320 
f 2924/2325 2921/2320 2923/2322 2925/2326 
f 2769/2327 2767/2323 2921/2320 2924/2325 
f 2926/2328 2927/2329 408/265 2928/2330 
f 2799/2331 2800/2332 2927/2329 2926/2328 
f 2757/2333 2926/2328 2928/2330 2758/2334 
f 2761/2328 2799/2331 2926/2328 2757/2333 
f 2929/2335 2930/2336 414/271 2931/2337 
f 2683/2338 2684/2339 2930/2336 2929/2335 
f 2710/2340 2929/2335 2931/2337 2711/2341 
f 2685/2342 2683/2338 2929/2335 2710/2340 
f 2932/2343 2933/2344 415/272 2934/2345 
f 2887/2238 2888/2239 2933/2344 2932/2343 
f 2673/2346 2932/2343 2934/2345 2674/2347 
f 2677/2240 2887/2238 2932/2343 2673/2346 
f 2935/2348 2936/2349 416/273 2937/2350 
f 2743/2351 2744/2352 2936/2349 2935/2348 
f 2882/2228 2935/2348 2937/2350 2883/2229 
f 2745/2232 2743/2351 2935/2348 2882/2228 
f 2938/2353 2939/2354 413/270 2940/2355 
f 2717/2356 2718/2357 2939/2354 2938/2353 
f 2736/2358 2938/2353 2940/2355 2737/2359 
f 2719/2360 2717/2356 2938/2353 2736/2358 
f 2941/2361 2942/2362 418/275 2943/2363 
f 2773/2364 2774/2365 2942/2362 2941/2361 
f 2723/2366 2941/2361 2943/2363 2724/2367 
f 2727/2368 2773/2364 2941/2361 2723/2366 
f 2944/2369 2945/2370 419/276 2946/2371 
f 2924/2325 2925/2326 2945/2370 2944/2369 
f 2765/2372 2944/2369 2946/2371 2766/2373 
f 2769/2327 2924/2325 2944/2369 2765/2372 
f 2947/2374 2948/2375 420/277 2949/2376 
f 2699/2377 2700/2378 2948/2375 2947/2374 
f 2919/2315 2947/2374 2949/2376 2920/2316 
f 2701/2319 2699/2377 2947/2374 2919/2315 
f 2950/2379 2951/2380 417/274 2952/2381 
f 2731/2382 2732/2383 2951/2380 2950/2379 
f 2689/2384 2950/2379 2952/2381 2690/2385 
f 2693/2386 2731/2382 2950/2379 2689/2384 
f 2953/2387 2954/2388 422/279 2955/2389 
f 2956/2390 2957/2391 2954/2388 2953/2387 
f 2958/2392 2953/2387 2955/2389 2959/2393 
f 2960/2394 2956/2390 2953/2387 2958/2392 
f 2961/2395 2962/2396 423/280 2963/2397 
f 2964/2398 2965/2399 2962/2396 2961/2395 
f 2966/2400 2961/2395 2963/2397 2967/2401 
f 2968/2402 2964/2398 2961/2395 2966/2400 
f 2969/2403 2970/2404 424/281 2971/2405 
f 2972/2406 2973/2407 2970/2404 2969/2403 
f 2974/2408 2969/2403 2971/2405 2975/2409 
f 2976/2410 2972/2406 2969/2403 2974/2408 
f 2977/2411 2978/2412 421/278 2979/2413 
f 2980/2414 2981/2415 2978/2412 2977/2411 
f 2982/2416 2977/2411 2979/2413 2983/2417 
f 2984/2418 2980/2414 2977/2411 2982/2416 
f 2985/2419 2986/2420 426/283 2987/2421 
f 2988/2422 2989/2423 2986/2420 2985/2419 
f 2964/2424 2985/2419 2987/2421 2965/2425 
f 2968/2426 2988/2422 2985/2419 2964/2424 
f 2990/2427 2991/2428 427/284 2992/2429 
f 2993/2430 2994/2431 2991/2428 2990/2427 
f 2995/2432 2990/2427 2992/2429 2996/2433 
f 2997/2434 2993/2430 2990/2427 2995/2432 
f 2998/2435 2999/2436 428/285 3000/2437 
f 3001/2438 3002/2439 2999/2436 2998/2435 
f 3003/2440 2998/2435 3000/2437 3004/2441 
f 3005/2442 3001/2438 2998/2435 3003/2440 
f 3006/2443 3007/2444 425/282 3008/2445 
f 2974/2446 2975/2447 3007/2444 3006/2443 
f 3009/2448 3006/2443 3008/2445 3010/2449 
f 2976/2450 2974/2446 3006/2443 3009/2448 
f 3011/2451 3012/2452 430/287 3013/2453 
f 3014/2454 3015/2455 3012/2452 3011/2451 
f 3016/2456 3011/2451 3013/2453 3017/2457 
f 3018/2458 3014/2454 3011/2451 3016/2456 
f 3019/2459 3020/2460 431/288 3021/2461 
f 3022/2462 3023/2463 3020/2460 3019/2459 
f 3024/2464 3019/2459 3021/2461 3025/2465 
f 3026/2466 3022/2462 3019/2459 3024/2464 
f 3027/2467 3028/2468 432/289 3029/2469 
f 3030/2470 3031/2471 3028/2468 3027/2467 
f 3032/2472 3027/2467 3029/2469 3033/2473 
f 3034/2474 3030/2470 3027/2467 3032/2472 
f 3035/2475 3036/2476 429/286 3037/2477 
f 3038/2478 3039/2479 3036/2476 3035/2475 
f 3040/2480 3035/2475 3037/2477 3041/2481 
f 3042/2482 3038/2478 3035/2475 3040/2480 
f 3043/2483 3044/2484 434/291 3045/2485 
f 3046/2486 3047/2487 3044/2484 3043/2483 
f 3048/2488 3043/2483 3045/2485 3049/2489 
f 3050/2490 3046/2486 3043/2483 3048/2488 
f 3051/2491 3052/2492 435/292 3053/2493 
f 2958/2494 2959/2495 3052/2492 3051/2491 
f 3054/2496 3051/2491 3053/2493 3055/2497 
f 2960/2498 2958/2494 3051/2491 3054/2496 
f 3056/2499 3057/2500 436/293 3058/2501 
f 3059/2502 3060/2503 3057/2500 3056/2499 
f 2980/2504 3056/2499 3058/2501 2981/2505 
f 2984/2506 3059/2502 3056/2499 2980/2504 
f 3061/2507 3062/2508 433/290 3063/2509 
f 3064/2510 3065/2511 3062/2508 3061/2507 
f 3066/2512 3061/2507 3063/2509 3067/2513 
f 3068/2514 3064/2510 3061/2507 3066/2512 
f 3069/2515 3070/2516 442/299 3071/2517 
f 3072/2518 3073/2519 3070/2516 3069/2515 
f 3014/2520 3069/2515 3071/2517 3015/2521 
f 3018/2522 3072/2518 3069/2515 3014/2520 
f 3074/2523 3075/2524 437/294 3076/2525 
f 2995/2526 2996/2527 3075/2524 3074/2523 
f 3077/2528 3074/2523 3076/2525 3078/2529 
f 2997/2530 2995/2526 3074/2523 3077/2528 
f 3079/2531 3080/2532 438/295 3081/2533 
f 2966/2534 2967/2535 3080/2532 3079/2531 
f 2988/2536 3079/2531 3081/2533 2989/2537 
f 2968/2538 2966/2534 3079/2531 2988/2536 
f 3082/2539 3083/2540 439/296 3084/2541 
f 3054/2542 3055/2543 3083/2540 3082/2539 
f 2956/2544 3082/2539 3084/2541 2957/2545 
f 2960/2546 3054/2542 3082/2539 2956/2544 
f 3085/2547 3086/2548 440/297 3087/2549 
f 3088/2550 3089/2551 3086/2548 3085/2547 
f 3046/2552 3085/2547 3087/2549 3047/2553 
f 3050/2554 3088/2550 3085/2547 3046/2552 
f 3090/2555 3091/2556 441/298 3092/2557 
f 3024/2558 3025/2559 3091/2556 3090/2555 
f 3093/2560 3090/2555 3092/2557 3094/2561 
f 3026/2562 3024/2558 3090/2555 3093/2560 
f 3095/2563 3096/2564 447/304 3097/2565 
f 3098/2566 3099/2567 3096/2564 3095/2563 
f 3001/2568 3095/2563 3097/2565 3002/2569 
f 3005/2570 3098/2566 3095/2563 3001/2568 
f 3100/2571 3101/2572 446/303 3102/2573 
f 3040/2574 3041/2575 3101/2572 3100/2571 
f 3103/2576 3100/2571 3102/2573 3104/2577 
f 3042/2578 3040/2574 3100/2571 3103/2576 
f 3105/2579 3106/2580 448/305 3107/2581 
f 3108/2582 3109/2583 3106/2580 3105/2579 
f 3030/2584 3105/2579 3107/2581 3031/2585 
f 3034/2586 3108/2582 3105/2579 3030/2584 
f 3110/2587 3111/2588 443/300 3112/2589 
f 3066/2590 3067/2591 3111/2588 3110/2587 
f 3113/2592 3110/2587 3112/2589 3114/2593 
f 3068/2594 3066/2590 3110/2587 3113/2592 
f 3115/2595 3116/2596 444/301 3117/2597 
f 2982/2598 2983/2599 3116/2596 3115/2595 
f 3059/2600 3115/2595 3117/2597 3060/2601 
f 2984/2602 2982/2598 3115/2595 3059/2600 
f 3118/2603 3119/2604 445/302 3120/2605 
f 3009/2606 3010/2607 3119/2604 3118/2603 
f 2972/2608 3118/2603 3120/2605 2973/2609 
f 2976/2610 3009/2606 3118/2603 2972/2608 
f 3121/2611 3122/2612 450/307 3123/2613 
f 3077/2614 3078/2615 3122/2612 3121/2611 
f 2993/2430 3121/2611 3123/2613 2994/2431 
f 2997/2434 3077/2614 3121/2611 2993/2430 
f 3124/2616 3125/2617 451/308 3126/2618 
f 3016/2619 3017/2620 3125/2617 3124/2616 
f 3072/2621 3124/2616 3126/2618 3073/2622 
f 3018/2623 3016/2619 3124/2616 3072/2621 
f 3127/2624 3128/2625 452/309 3129/2626 
f 3103/2627 3104/2628 3128/2625 3127/2624 
f 3038/2629 3127/2624 3129/2626 3039/2630 
f 3042/2631 3103/2627 3127/2624 3038/2629 
f 3130/2632 3131/2633 449/306 3132/2634 
f 3003/2440 3004/2441 3131/2633 3130/2632 
f 3098/2635 3130/2632 3132/2634 3099/2636 
f 3005/2442 3003/2440 3130/2632 3098/2635 
f 3133/2637 3134/2638 454/311 3135/2639 
f 3093/2640 3094/2641 3134/2638 3133/2637 
f 3022/2462 3133/2637 3135/2639 3023/2463 
f 3026/2466 3093/2640 3133/2637 3022/2462 
f 3136/2642 3137/2643 455/312 3138/2644 
f 3048/2645 3049/2646 3137/2643 3136/2642 
f 3088/2647 3136/2642 3138/2644 3089/2648 
f 3050/2649 3048/2645 3136/2642 3088/2647 
f 3139/2650 3140/2651 456/313 3141/2652 
f 3113/2653 3114/2654 3140/2651 3139/2650 
f 3064/2655 3139/2650 3141/2652 3065/2656 
f 3068/2657 3113/2653 3139/2650 3064/2655 
f 3142/2658 3143/2659 453/310 3144/2660 
f 3032/2472 3033/2473 3143/2659 3142/2658 
f 3108/2661 3142/2658 3144/2660 3109/2662 
f 3034/2474 3032/2472 3142/2658 3108/2661 
f 3145/2663 3146/2664 458/315 3147/2665 
f 3148/2666 3149/2667 3146/2664 3145/2663 
f 3150/2668 3145/2663 3147/2665 3151/2669 
f 3152/2670 3148/2666 3145/2663 3150/2668 
f 3153/2671 3154/2672 459/316 3155/2673 
f 3156/2674 3157/2675 3154/2672 3153/2671 
f 3158/2676 3153/2671 3155/2673 3159/2677 
f 3160/2678 3156/2674 3153/2671 3158/2676 
f 3161/2679 3162/2680 460/317 3163/2681 
f 3164/2682 3165/2683 3162/2680 3161/2679 
f 3166/2684 3161/2679 3163/2681 3167/2685 
f 3168/2686 3164/2682 3161/2679 3166/2684 
f 3169/2687 3170/2688 457/314 3171/2689 
f 3172/2690 3173/2691 3170/2688 3169/2687 
f 3174/2692 3169/2687 3171/2689 3175/2693 
f 3176/2694 3172/2690 3169/2687 3174/2692 
f 3177/2695 3178/2696 462/319 3179/2697 
f 3180/2698 3181/2699 3178/2696 3177/2695 
f 3182/2700 3177/2695 3179/2697 3183/2701 
f 3184/2702 3180/2698 3177/2695 3182/2700 
f 3185/2703 3186/2704 463/320 3187/2705 
f 3188/2706 3189/2707 3186/2704 3185/2703 
f 3190/2708 3185/2703 3187/2705 3191/2709 
f 3192/2710 3188/2706 3185/2703 3190/2708 
f 3193/2711 3194/2712 464/321 3195/2713 
f 3196/2714 3197/2715 3194/2712 3193/2711 
f 3198/2716 3193/2711 3195/2713 3199/2717 
f 3200/2718 3196/2714 3193/2711 3198/2716 
f 3201/2719 3202/2720 461/318 3203/2721 
f 3204/2722 3205/2723 3202/2720 3201/2719 
f 3206/2724 3201/2719 3203/2721 3207/2725 
f 3208/2726 3204/2722 3201/2719 3206/2724 
f 3209/2727 3210/2728 466/323 3211/2729 
f 3212/2730 3213/2731 3210/2728 3209/2727 
f 3214/2732 3209/2727 3211/2729 3215/2733 
f 3216/2734 3212/2730 3209/2727 3214/2732 
f 3217/2735 3218/2736 467/324 3219/2737 
f 3220/2738 3221/2739 3218/2736 3217/2735 
f 3222/2740 3217/2735 3219/2737 3223/2741 
f 3224/2742 3220/2738 3217/2735 3222/2740 
f 3225/2743 3226/2744 468/325 3227/2745 
f 3228/2746 3229/2747 3226/2744 3225/2743 
f 3230/2748 3225/2743 3227/2745 3231/2749 
f 3232/2750 3228/2746 3225/2743 3230/2748 
f 3233/2751 3234/2752 465/322 3235/2753 
f 3236/2754 3237/2755 3234/2752 3233/2751 
f 3238/2756 3233/2751 3235/2753 3239/2757 
f 3240/2758 3236/2754 3233/2751 3238/2756 
f 3241/2759 3242/2760 470/327 3243/2761 
f 3244/2762 3245/2763 3242/2760 3241/2759 
f 3246/2764 3241/2759 3243/2761 3247/2765 
f 3248/2766 3244/2762 3241/2759 3246/2764 
f 3249/2767 3250/2768 471/328 3251/2769 
f 3252/2770 3253/2771 3250/2768 3249/2767 
f 3254/2772 3249/2767 3251/2769 3255/2773 
f 3256/2774 3252/2770 3249/2767 3254/2772 
f 3257/2775 3258/2776 472/329 3259/2777 
f 3260/2778 3261/2779 3258/2776 3257/2775 
f 3262/2780 3257/2775 3259/2777 3263/2781 
f 3264/2782 3260/2778 3257/2775 3262/2780 
f 3265/2783 3266/2784 469/326 3267/2785 
f 3268/2786 3269/2787 3266/2784 3265/2783 
f 3270/2788 3265/2783 3267/2785 3271/2789 
f 3272/2790 3268/2786 3265/2783 3270/2788 
f 3273/2791 3274/2792 477/334 3275/2793 
f 3276/2794 3277/2795 3274/2792 3273/2791 
f 3148/2796 3273/2791 3275/2793 3149/2797 
f 3152/2798 3276/2794 3273/2791 3148/2796 
f 3278/2799 3279/2800 478/335 3280/2801 
f 3254/2802 3255/2803 3279/2800 3278/2799 
f 3281/2804 3278/2799 3280/2801 3282/2805 
f 3256/2806 3254/2802 3278/2799 3281/2804 
f 3283/2807 3284/2808 479/336 3285/2809 
f 3286/2810 3287/2811 3284/2808 3283/2807 
f 3244/2812 3283/2807 3285/2809 3245/2813 
f 3248/2814 3286/2810 3283/2807 3244/2812 
f 3288/2815 3289/2816 476/333 3290/2817 
f 3222/2818 3223/2819 3289/2816 3288/2815 
f 3291/2820 3288/2815 3290/2817 3292/2821 
f 3224/2822 3222/2818 3288/2815 3291/2820 
f 3293/2823 3294/2824 480/337 3295/2825 
f 3296/2826 3297/2827 3294/2824 3293/2823 
f 3212/2828 3293/2823 3295/2825 3213/2829 
f 3216/2830 3296/2826 3293/2823 3212/2828 
f 3298/2831 3299/2832 473/330 3300/2833 
f 3190/2834 3191/2835 3299/2832 3298/2831 
f 3301/2836 3298/2831 3300/2833 3302/2837 
f 3192/2838 3190/2834 3298/2831 3301/2836 
f 3303/2839 3304/2840 474/331 3305/2841 
f 3306/2842 3307/2843 3304/2840 3303/2839 
f 3180/2844 3303/2839 3305/2841 3181/2845 
f 3184/2846 3306/2842 3303/2839 3180/2844 
f 3308/2847 3309/2848 475/332 3310/2849 
f 3158/2850 3159/2851 3309/2848 3308/2847 
f 3311/2852 3308/2847 3310/2849 3312/2853 
f 3160/2854 3158/2850 3308/2847 3311/2852 
f 3313/2855 3314/2856 485/342 3315/2857 
f 3316/2858 3317/2859 3314/2856 3313/2855 
f 3260/2860 3313/2855 3315/2857 3261/2861 
f 3264/2862 3316/2858 3313/2855 3260/2860 
f 3318/2863 3319/2864 484/341 3320/2865 
f 3174/2866 3175/2867 3319/2864 3318/2863 
f 3321/2868 3318/2863 3320/2865 3322/2869 
f 3176/2870 3174/2866 3318/2863 3321/2868 
f 3323/2871 3324/2872 486/343 3325/2873 
f 3326/2874 3327/2875 3324/2872 3323/2871 
f 3164/2876 3323/2871 3325/2873 3165/2877 
f 3168/2878 3326/2874 3323/2871 3164/2876 
f 3328/2879 3329/2880 487/344 3330/2881 
f 3206/2882 3207/2883 3329/2880 3328/2879 
f 3331/2884 3328/2879 3330/2881 3332/2885 
f 3208/2886 3206/2882 3328/2879 3331/2884 
f 3333/2887 3334/2888 488/345 3335/2889 
f 3336/2890 3337/2891 3334/2888 3333/2887 
f 3196/2892 3333/2887 3335/2889 3197/2893 
f 3200/2894 3336/2890 3333/2887 3196/2892 
f 3338/2895 3339/2896 481/338 3340/2897 
f 3238/2898 3239/2899 3339/2896 3338/2895 
f 3341/2900 3338/2895 3340/2897 3342/2901 
f 3240/2902 3238/2898 3338/2895 3341/2900 
f 3343/2903 3344/2904 482/339 3345/2905 
f 3346/2906 3347/2907 3344/2904 3343/2903 
f 3228/2908 3343/2903 3345/2905 3229/2909 
f 3232/2910 3346/2906 3343/2903 3228/2908 
f 3348/2911 3349/2912 483/340 3350/2913 
f 3270/2914 3271/2915 3349/2912 3348/2911 
f 3351/2916 3348/2911 3350/2913 3352/2917 
f 3272/2918 3270/2914 3348/2911 3351/2916 
f 3353/2919 3354/2920 490/347 3355/2921 
f 3311/2922 3312/2923 3354/2920 3353/2919 
f 3156/2924 3353/2919 3355/2921 3157/2925 
f 3160/2926 3311/2922 3353/2919 3156/2924 
f 3356/2927 3357/2928 491/348 3358/2929 
f 3182/2700 3183/2701 3357/2928 3356/2927 
f 3306/2930 3356/2927 3358/2929 3307/2931 
f 3184/2702 3182/2700 3356/2927 3306/2930 
f 3359/2932 3360/2933 492/349 3361/2934 
f 3331/2935 3332/2936 3360/2933 3359/2932 
f 3204/2722 3359/2932 3361/2934 3205/2723 
f 3208/2726 3331/2935 3359/2932 3204/2722 
f 3362/2937 3363/2938 489/346 3364/2939 
f 3166/2940 3167/2941 3363/2938 3362/2937 
f 3326/2942 3362/2937 3364/2939 3327/2943 
f 3168/2944 3166/2940 3362/2937 3326/2942 
f 3365/2945 3366/2946 494/351 3367/2947 
f 3321/2948 3322/2949 3366/2946 3365/2945 
f 3172/2950 3365/2945 3367/2947 3173/2951 
f 3176/2952 3321/2948 3365/2945 3172/2950 
f 3368/2953 3369/2954 495/352 3370/2955 
f 3262/2780 3263/2781 3369/2954 3368/2953 
f 3316/2956 3368/2953 3370/2955 3317/2957 
f 3264/2782 3262/2780 3368/2953 3316/2956 
f 3371/2958 3372/2959 496/353 3373/2960 
f 3281/2961 3282/2962 3372/2959 3371/2958 
f 3252/2770 3371/2958 3373/2960 3253/2771 
f 3256/2774 3281/2961 3371/2958 3252/2770 
f 3374/2963 3375/2964 493/350 3376/2965 
f 3150/2966 3151/2967 3375/2964 3374/2963 
f 3276/2968 3374/2963 3376/2965 3277/2969 
f 3152/2970 3150/2966 3374/2963 3276/2968 
f 3377/2971 3378/2972 498/355 3379/2973 
f 3301/2974 3302/2975 3378/2972 3377/2971 
f 3188/2976 3377/2971 3379/2973 3189/2977 
f 3192/2978 3301/2974 3377/2971 3188/2976 
f 3380/2979 3381/2980 499/356 3382/2981 
f 3214/2732 3215/2733 3381/2980 3380/2979 
f 3296/2982 3380/2979 3382/2981 3297/2983 
f 3216/2734 3214/2732 3380/2979 3296/2982 
f 3383/2984 3384/2985 500/357 3385/2986 
f 3341/2987 3342/2988 3384/2985 3383/2984 
f 3236/2754 3383/2984 3385/2986 3237/2755 
f 3240/2758 3341/2987 3383/2984 3236/2754 
f 3386/2989 3387/2990 497/354 3388/2991 
f 3198/2992 3199/2993 3387/2990 3386/2989 
f 3336/2994 3386/2989 3388/2991 3337/2995 
f 3200/2996 3198/2992 3386/2989 3336/2994 
f 3389/2997 3390/2998 502/359 3391/2999 
f 3291/3000 3292/3001 3390/2998 3389/2997 
f 3220/2738 3389/2997 3391/2999 3221/2739 
f 3224/2742 3291/3000 3389/2997 3220/2738 
f 3392/3002 3393/3003 503/360 3394/3004 
f 3246/3005 3247/3006 3393/3003 3392/3002 
f 3286/3007 3392/3002 3394/3004 3287/3008 
f 3248/3009 3246/3005 3392/3002 3286/3007 
f 3395/3010 3396/3011 504/361 3397/3012 
f 3351/3013 3352/3014 3396/3011 3395/3010 
f 3268/3015 3395/3010 3397/3012 3269/3016 
f 3272/3017 3351/3013 3395/3010 3268/3015 
f 3398/3018 3399/3019 501/358 3400/3020 
f 3230/2748 3231/2749 3399/3019 3398/3018 
f 3346/3021 3398/3018 3400/3020 3347/3022 
f 3232/2750 3230/2748 3398/3018 3346/3021 
f 3401/3023 3402/3024 506/363 3403/3025 
f 3404/3026 3405/3027 3402/3024 3401/3023 
f 3406/3028 3401/3023 3403/3025 3407/3029 
f 3408/3030 3404/3026 3401/3023 3406/3028 
f 3409/3031 3410/3032 507/364 3411/3033 
f 3412/3034 3413/3035 3410/3032 3409/3031 
f 3414/3036 3409/3031 3411/3033 3415/3037 
f 3416/3038 3412/3034 3409/3031 3414/3036 
f 3417/3039 3418/3040 508/365 3419/3041 
f 3420/3042 3421/3043 3418/3040 3417/3039 
f 3422/3044 3417/3039 3419/3041 3423/3045 
f 3424/3046 3420/3042 3417/3039 3422/3044 
f 3425/3047 3426/3048 505/362 3427/3049 
f 3428/3050 3429/3051 3426/3048 3425/3047 
f 3430/3052 3425/3047 3427/3049 3431/3053 
f 3432/3054 3428/3050 3425/3047 3430/3052 
f 3433/3055 3434/3056 513/370 3435/3057 
f 3436/3058 3437/3059 3434/3056 3433/3055 
f 3412/3060 3433/3055 3435/3057 3413/3061 
f 3416/3062 3436/3058 3433/3055 3412/3060 
f 3438/3063 3439/3064 514/371 3440/3065 
f 3441/3066 3442/3067 3439/3064 3438/3063 
f 3443/3068 3438/3063 3440/3065 3444/3069 
f 3445/3070 3441/3066 3438/3063 3443/3068 
f 3446/3071 3447/3072 516/373 3448/3073 
f 3449/3074 3450/3075 3447/3072 3446/3071 
f 3451/3076 3446/3071 3448/3073 3452/3077 
f 3453/3078 3449/3074 3446/3071 3451/3076 
f 3454/3079 3455/3080 515/372 3456/3081 
f 3457/3082 3458/3083 3455/3080 3454/3079 
f 3459/3084 3454/3079 3456/3081 3460/3085 
f 3461/3086 3457/3082 3454/3079 3459/3084 
f 3462/3087 3463/3088 517/374 3464/3089 
f 3465/3090 3466/3091 3463/3088 3462/3087 
f 3467/3092 3462/3087 3464/3089 3468/3093 
f 3469/3094 3465/3090 3462/3087 3467/3092 
f 3470/3095 3471/3096 518/375 3472/3097 
f 3473/3098 3474/3099 3471/3096 3470/3095 
f 3475/3100 3470/3095 3472/3097 3476/3101 
f 3477/3102 3473/3098 3470/3095 3475/3100 
f 3478/3103 3479/3104 520/377 3480/3105 
f 3481/3106 3482/3107 3479/3104 3478/3103 
f 3483/3108 3478/3103 3480/3105 3484/3109 
f 3485/3110 3481/3106 3478/3103 3483/3108 
f 3486/3111 3487/3112 519/376 3488/3113 
f 3489/3114 3490/3115 3487/3112 3486/3111 
f 3491/3116 3486/3111 3488/3113 3492/3117 
f 3493/3118 3489/3114 3486/3111 3491/3116 
f 3494/3119 3495/3120 522/379 3496/3121 
f 3497/3122 3498/3123 3495/3120 3494/3119 
f 3499/3124 3494/3119 3496/3121 3500/3125 
f 3501/3126 3497/3122 3494/3119 3499/3124 
f 3502/3127 3503/3128 523/380 3504/3129 
f 3505/3130 3506/3131 3503/3128 3502/3127 
f 3507/3132 3502/3127 3504/3129 3508/3133 
f 3509/3134 3505/3130 3502/3127 3507/3132 
f 3510/3135 3511/3136 525/382 3512/3137 
f 3513/3138 3514/3139 3511/3136 3510/3135 
f 3515/3140 3510/3135 3512/3137 3516/3141 
f 3517/3142 3513/3138 3510/3135 3515/3140 
f 3518/3143 3519/3144 524/381 3520/3145 
f 3521/3146 3522/3147 3519/3144 3518/3143 
f 3523/3148 3518/3143 3520/3145 3524/3149 
f 3525/3150 3521/3146 3518/3143 3523/3148 
f 3526/3151 3527/3152 526/383 3528/3153 
f 3529/3154 3530/3155 3527/3152 3526/3151 
f 3531/3156 3526/3151 3528/3153 3532/3157 
f 3533/3158 3529/3154 3526/3151 3531/3156 
f 3534/3159 3535/3160 527/384 3536/3161 
f 3537/3162 3538/3163 3535/3160 3534/3159 
f 3539/3164 3534/3159 3536/3161 3540/3165 
f 3541/3166 3537/3162 3534/3159 3539/3164 
f 3542/3167 3543/3168 528/385 3544/3169 
f 3545/3170 3546/3171 3543/3168 3542/3167 
f 3547/3172 3542/3167 3544/3169 3548/3173 
f 3549/3174 3545/3170 3542/3167 3547/3172 
f 3550/3175 3551/3176 521/378 3552/3177 
f 3553/3178 3554/3179 3551/3176 3550/3175 
f 3555/3180 3550/3175 3552/3177 3556/3181 
f 3557/3182 3553/3178 3550/3175 3555/3180 
f 3558/3183 3559/3184 529/386 3560/3185 
f 3561/3186 3562/3187 3559/3184 3558/3183 
f 3563/3188 3558/3183 3560/3185 3564/3189 
f 3565/3190 3561/3186 3558/3183 3563/3188 
f 3566/3191 3567/3192 530/387 3568/3193 
f 3569/3194 3570/3195 3567/3192 3566/3191 
f 3571/3196 3566/3191 3568/3193 3572/3197 
f 3573/3198 3569/3194 3566/3191 3571/3196 
f 3574/3199 3575/3200 531/388 3576/3201 
f 3577/3202 3578/3203 3575/3200 3574/3199 
f 3579/3204 3574/3199 3576/3201 3580/3205 
f 3581/3206 3577/3202 3574/3199 3579/3204 
f 3582/3207 3583/3208 512/369 3584/3209 
f 3585/3210 3586/3211 3583/3208 3582/3207 
f 3587/3212 3582/3207 3584/3209 3588/3213 
f 3589/3214 3585/3210 3582/3207 3587/3212 
f 3590/3215 3591/3216 532/389 3592/3217 
f 3593/3218 3594/3219 3591/3216 3590/3215 
f 3595/3220 3590/3215 3592/3217 3596/3221 
f 3597/3222 3593/3218 3590/3215 3595/3220 
f 3598/3223 3599/3224 509/366 3600/3225 
f 3601/3226 3602/3227 3599/3224 3598/3223 
f 3603/3228 3598/3223 3600/3225 3604/3229 
f 3605/3230 3601/3226 3598/3223 3603/3228 
f 3606/3231 3607/3232 510/367 3608/3233 
f 3609/3234 3610/3235 3607/3232 3606/3231 
f 3611/3236 3606/3231 3608/3233 3612/3237 
f 3613/3238 3609/3234 3606/3231 3611/3236 
f 3614/3239 3615/3240 511/368 3616/3241 
f 3422/3242 3423/3243 3615/3240 3614/3239 
f 3617/3244 3614/3239 3616/3241 3618/3245 
f 3424/3246 3422/3242 3614/3239 3617/3244 
f 3619/3247 3620/3248 534/391 3621/3249 
f 3622/3250 3623/3251 3620/3248 3619/3247 
f 3521/3252 3619/3247 3621/3249 3522/3253 
f 3525/3254 3622/3250 3619/3247 3521/3252 
f 3624/3255 3625/3256 535/392 3626/3257 
f 3627/3258 3628/3259 3625/3256 3624/3255 
f 3629/3260 3624/3255 3626/3257 3630/3261 
f 3631/3262 3627/3258 3624/3255 3629/3260 
f 3632/3263 3633/3264 536/393 3634/3265 
f 3635/3266 3636/3267 3633/3264 3632/3263 
f 3637/3268 3632/3263 3634/3265 3638/3269 
f 3639/3270 3635/3266 3632/3263 3637/3268 
f 3640/3271 3641/3272 533/390 3642/3273 
f 3531/3274 3532/3275 3641/3272 3640/3271 
f 3643/3276 3640/3271 3642/3273 3644/3277 
f 3533/3278 3531/3274 3640/3271 3643/3276 
f 3645/3279 3646/3280 541/398 3647/3281 
f 3648/3282 3649/3283 3646/3280 3645/3279 
f 3627/3284 3645/3279 3647/3281 3628/3285 
f 3631/3286 3648/3282 3645/3279 3627/3284 
f 3650/3287 3651/3288 542/399 3652/3289 
f 3653/3290 3654/3291 3651/3288 3650/3287 
f 3655/3292 3650/3287 3652/3289 3656/3293 
f 3657/3294 3653/3290 3650/3287 3655/3292 
f 3658/3295 3659/3296 544/401 3660/3297 
f 3661/3298 3662/3299 3659/3296 3658/3295 
f 3663/3300 3658/3295 3660/3297 3664/3301 
f 3665/3302 3661/3298 3658/3295 3663/3300 
f 3666/3303 3667/3304 543/400 3668/3305 
f 3669/3306 3670/3307 3667/3304 3666/3303 
f 3671/3308 3666/3303 3668/3305 3672/3309 
f 3673/3310 3669/3306 3666/3303 3671/3308 
f 3674/3311 3675/3312 545/402 3676/3313 
f 3677/3314 3678/3315 3675/3312 3674/3311 
f 3679/3316 3674/3311 3676/3313 3680/3317 
f 3681/3318 3677/3314 3674/3311 3679/3316 
f 3682/3319 3683/3320 546/403 3684/3321 
f 3685/3322 3686/3323 3683/3320 3682/3319 
f 3687/3324 3682/3319 3684/3321 3688/3325 
f 3689/3326 3685/3322 3682/3319 3687/3324 
f 3690/3327 3691/3328 547/404 3692/3329 
f 3693/3330 3694/3331 3691/3328 3690/3327 
f 3695/3332 3690/3327 3692/3329 3696/3333 
f 3697/3334 3693/3330 3690/3327 3695/3332 
f 3698/3335 3699/3336 540/397 3700/3337 
f 3701/3338 3702/3339 3699/3336 3698/3335 
f 3703/3340 3698/3335 3700/3337 3704/3341 
f 3705/3342 3701/3338 3698/3335 3703/3340 
f 3706/3343 3707/3344 548/405 3708/3345 
f 3709/3346 3710/3347 3707/3344 3706/3343 
f 3711/3348 3706/3343 3708/3345 3712/3349 
f 3713/3350 3709/3346 3706/3343 3711/3348 
f 3714/3351 3715/3352 549/406 3716/3353 
f 3717/3354 3718/3355 3715/3352 3714/3351 
f 3719/3356 3714/3351 3716/3353 3720/3357 
f 3721/3358 3717/3354 3714/3351 3719/3356 
f 3722/3359 3723/3360 550/407 3724/3361 
f 3725/3362 3726/3363 3723/3360 3722/3359 
f 3727/3364 3722/3359 3724/3361 3728/3365 
f 3729/3366 3725/3362 3722/3359 3727/3364 
f 3730/3367 3731/3368 537/394 3732/3369 
f 3733/3370 3734/3371 3731/3368 3730/3367 
f 3735/3372 3730/3367 3732/3369 3736/3373 
f 3737/3374 3733/3370 3730/3367 3735/3372 
f 3738/3375 3739/3376 538/395 3740/3377 
f 3741/3378 3742/3379 3739/3376 3738/3375 
f 3743/3380 3738/3375 3740/3377 3744/3381 
f 3745/3382 3741/3378 3738/3375 3743/3380 
f 3746/3383 3747/3384 539/396 3748/3385 
f 3637/3386 3638/3387 3747/3384 3746/3383 
f 3749/3388 3746/3383 3748/3385 3750/3389 
f 3639/3390 3637/3386 3746/3383 3749/3388 
f 3751/3391 3752/3392 552/409 3753/3393 
f 3754/3394 3755/3395 3752/3392 3751/3391 
f 3693/3396 3751/3391 3753/3393 3694/3397 
f 3697/3398 3754/3394 3751/3391 3693/3396 
f 3756/3399 3757/3400 553/410 3758/3401 
f 3759/3402 3760/3403 3757/3400 3756/3399 
f 3761/3404 3756/3399 3758/3401 3762/3405 
f 3763/3406 3759/3402 3756/3399 3761/3404 
f 3764/3407 3765/3408 554/411 3766/3409 
f 3767/3410 3768/3411 3765/3408 3764/3407 
f 3769/3412 3764/3407 3766/3409 3770/3413 
f 3771/3414 3767/3410 3764/3407 3769/3412 
f 3772/3415 3773/3416 551/408 3774/3417 
f 3703/3418 3704/3419 3773/3416 3772/3415 
f 3775/3420 3772/3415 3774/3417 3776/3421 
f 3705/3422 3703/3418 3772/3415 3775/3420 
f 3777/3423 3778/3424 556/413 3779/3425 
f 3780/3426 3781/3427 3778/3424 3777/3423 
f 3759/3428 3777/3423 3779/3425 3760/3429 
f 3763/3430 3780/3426 3777/3423 3759/3428 
f 3782/3431 3783/3432 557/414 3784/3433 
f 3785/3434 3786/3435 3783/3432 3782/3431 
f 3787/3436 3782/3431 3784/3433 3788/3437 
f 3789/3438 3785/3434 3782/3431 3787/3436 
f 3790/3439 3791/3440 558/415 3792/3441 
f 3793/3442 3794/3443 3791/3440 3790/3439 
f 3795/3444 3790/3439 3792/3441 3796/3445 
f 3797/3446 3793/3442 3790/3439 3795/3444 
f 3798/3447 3799/3448 555/412 3800/3449 
f 3769/3450 3770/3451 3799/3448 3798/3447 
f 3801/3452 3798/3447 3800/3449 3802/3453 
f 3771/3454 3769/3450 3798/3447 3801/3452 
f 3803/3455 3804/3456 560/417 3805/3457 
f 3806/3458 3807/3459 3804/3456 3803/3455 
f 3785/3460 3803/3455 3805/3457 3786/3461 
f 3789/3462 3806/3458 3803/3455 3785/3460 
f 3808/3463 3809/3464 561/418 3810/3465 
f 3811/3466 3812/3467 3809/3464 3808/3463 
f 3813/3468 3808/3463 3810/3465 3814/3469 
f 3815/3470 3811/3466 3808/3463 3813/3468 
f 3816/3471 3817/3472 562/419 3818/3473 
f 3819/3474 3820/3475 3817/3472 3816/3471 
f 3821/3476 3816/3471 3818/3473 3822/3477 
f 3823/3478 3819/3474 3816/3471 3821/3476 
f 3824/3479 3825/3480 559/416 3826/3481 
f 3795/3482 3796/3483 3825/3480 3824/3479 
f 3827/3484 3824/3479 3826/3481 3828/3485 
f 3797/3486 3795/3482 3824/3479 3827/3484 
f 3829/3487 3830/3488 567/424 3831/3489 
f 3832/3490 3833/3491 3830/3488 3829/3487 
f 3811/3492 3829/3487 3831/3489 3812/3493 
f 3815/3494 3832/3490 3829/3487 3811/3492 
f 3834/3495 3835/3496 568/425 3836/3497 
f 3837/3498 3838/3499 3835/3496 3834/3495 
f 3839/3500 3834/3495 3836/3497 3840/3501 
f 3841/3502 3837/3498 3834/3495 3839/3500 
f 3842/3503 3843/3504 570/427 3844/3505 
f 3845/3506 3846/3507 3843/3504 3842/3503 
f 3847/3508 3842/3503 3844/3505 3848/3509 
f 3849/3510 3845/3506 3842/3503 3847/3508 
f 3850/3511 3851/3512 569/426 3852/3513 
f 3853/3514 3854/3515 3851/3512 3850/3511 
f 3855/3516 3850/3511 3852/3513 3856/3517 
f 3857/3518 3853/3514 3850/3511 3855/3516 
f 3858/3519 3859/3520 571/428 3860/3521 
f 3861/3522 3862/3523 3859/3520 3858/3519 
f 3863/3524 3858/3519 3860/3521 3864/3525 
f 3865/3526 3861/3522 3858/3519 3863/3524 
f 3866/3527 3867/3528 572/429 3868/3529 
f 3869/3530 3870/3531 3867/3528 3866/3527 
f 3871/3532 3866/3527 3868/3529 3872/3533 
f 3873/3534 3869/3530 3866/3527 3871/3532 
f 3874/3535 3875/3536 573/430 3876/3537 
f 3406/3538 3407/3539 3875/3536 3874/3535 
f 3877/3540 3874/3535 3876/3537 3878/3541 
f 3408/3542 3406/3538 3874/3535 3877/3540 
f 3879/3543 3880/3544 566/423 3881/3545 
f 3882/3546 3883/3547 3880/3544 3879/3543 
f 3428/3548 3879/3543 3881/3545 3429/3549 
f 3432/3550 3882/3546 3879/3543 3428/3548 
f 3884/3551 3885/3552 574/431 3886/3553 
f 3887/3554 3888/3555 3885/3552 3884/3551 
f 3889/3556 3884/3551 3886/3553 3890/3557 
f 3891/3558 3887/3554 3884/3551 3889/3556 
f 3892/3559 3893/3560 575/432 3894/3561 
f 3895/3562 3896/3563 3893/3560 3892/3559 
f 3897/3564 3892/3559 3894/3561 3898/3565 
f 3899/3566 3895/3562 3892/3559 3897/3564 
f 3900/3567 3901/3568 576/433 3902/3569 
f 3903/3570 3904/3571 3901/3568 3900/3567 
f 3905/3572 3900/3567 3902/3569 3906/3573 
f 3907/3574 3903/3570 3900/3567 3905/3572 
f 3908/3575 3909/3576 563/420 3910/3577 
f 3911/3578 3912/3579 3909/3576 3908/3575 
f 3913/3580 3908/3575 3910/3577 3914/3581 
f 3915/3582 3911/3578 3908/3575 3913/3580 
f 3916/3583 3917/3584 564/421 3918/3585 
f 3919/3586 3920/3587 3917/3584 3916/3583 
f 3921/3588 3916/3583 3918/3585 3922/3589 
f 3923/3590 3919/3586 3916/3583 3921/3588 
f 3924/3591 3925/3592 565/422 3926/3593 
f 3821/3594 3822/3595 3925/3592 3924/3591 
f 3927/3596 3924/3591 3926/3593 3928/3597 
f 3823/3598 3821/3594 3924/3591 3927/3596 
f 3929/3599 3930/3600 583/440 3931/3601 
f 3813/3602 3814/3603 3930/3600 3929/3599 
f 3832/3604 3929/3599 3931/3601 3833/3605 
f 3815/3606 3813/3602 3929/3599 3832/3604 
f 3932/3607 3933/3608 584/441 3934/3609 
f 3787/3610 3788/3611 3933/3608 3932/3607 
f 3806/3612 3932/3607 3934/3609 3807/3613 
f 3789/3607 3787/3610 3932/3607 3806/3612 
f 3935/3614 3936/3615 577/434 3937/3616 
f 3761/3617 3762/3618 3936/3615 3935/3614 
f 3780/3619 3935/3614 3937/3616 3781/3620 
f 3763/3614 3761/3617 3935/3614 3780/3619 
f 3938/3621 3939/3622 578/435 3940/3623 
f 3695/3624 3696/3625 3939/3622 3938/3621 
f 3754/3626 3938/3621 3940/3623 3755/3627 
f 3697/3628 3695/3624 3938/3621 3754/3626 
f 3941/3629 3942/3630 579/436 3943/3631 
f 3944/3632 3945/3633 3942/3630 3941/3629 
f 3685/3634 3941/3629 3943/3631 3686/3635 
f 3689/3636 3944/3632 3941/3629 3685/3634 
f 3946/3637 3947/3638 580/437 3948/3639 
f 3483/3640 3484/3641 3947/3638 3946/3637 
f 3949/3642 3946/3637 3948/3639 3950/3643 
f 3485/3644 3483/3640 3946/3637 3949/3642 
f 3951/3645 3952/3646 581/438 3953/3647 
f 3954/3648 3955/3649 3952/3646 3951/3645 
f 3473/3650 3951/3645 3953/3647 3474/3651 
f 3477/3652 3954/3648 3951/3645 3473/3650 
f 3956/3653 3957/3654 582/439 3958/3655 
f 3839/3656 3840/3657 3957/3654 3956/3653 
f 3959/3658 3956/3653 3958/3655 3960/3659 
f 3841/3660 3839/3656 3956/3653 3959/3658 
f 3961/3661 3962/3662 590/447 3963/3663 
f 3927/3664 3928/3665 3962/3662 3961/3661 
f 3819/3666 3961/3661 3963/3663 3820/3667 
f 3823/3668 3927/3664 3961/3661 3819/3666 
f 3964/3669 3965/3670 591/448 3966/3671 
f 3967/3672 3968/3673 3965/3670 3964/3669 
f 3919/3674 3964/3669 3966/3671 3920/3675 
f 3923/3676 3967/3672 3964/3669 3919/3674 
f 3969/3677 3970/3678 592/449 3971/3679 
f 3579/3680 3580/3681 3970/3678 3969/3677 
f 3972/3682 3969/3677 3971/3679 3973/3683 
f 3581/3684 3579/3680 3969/3677 3972/3682 
f 3974/3685 3975/3686 585/442 3976/3687 
f 3977/3688 3978/3689 3975/3686 3974/3685 
f 3569/3690 3974/3685 3976/3687 3570/3691 
f 3573/3692 3977/3688 3974/3685 3569/3690 
f 3979/3693 3980/3694 586/443 3981/3695 
f 3711/3696 3712/3697 3980/3694 3979/3693 
f 3982/3698 3979/3693 3981/3695 3983/3699 
f 3713/3700 3711/3696 3979/3693 3982/3698 
f 3984/3701 3985/3702 587/444 3986/3703 
f 3775/3704 3776/3705 3985/3702 3984/3701 
f 3701/3706 3984/3701 3986/3703 3702/3707 
f 3705/3708 3775/3704 3984/3701 3701/3706 
f 3987/3709 3988/3710 588/445 3989/3711 
f 3801/3712 3802/3713 3988/3710 3987/3709 
f 3767/3714 3987/3709 3989/3711 3768/3715 
f 3771/3709 3801/3712 3987/3709 3767/3714 
f 3990/3716 3991/3717 589/446 3992/3718 
f 3827/3719 3828/3720 3991/3717 3990/3716 
f 3793/3721 3990/3716 3992/3718 3794/3722 
f 3797/3716 3827/3719 3990/3716 3793/3721 
f 3993/3723 3994/3724 594/451 3995/3725 
f 3523/3726 3524/3727 3994/3724 3993/3723 
f 3622/3250 3993/3723 3995/3725 3623/3251 
f 3525/3254 3523/3726 3993/3723 3622/3250 
f 3996/3728 3997/3729 595/452 3998/3730 
f 3999/3731 4000/3732 3997/3729 3996/3728 
f 3513/3733 3996/3728 3998/3730 3514/3734 
f 3517/3735 3999/3731 3996/3728 3513/3733 
f 4001/3736 4002/3737 596/453 4003/3738 
f 3655/3739 3656/3740 4002/3737 4001/3736 
f 4004/3741 4001/3736 4003/3738 4005/3742 
f 3657/3743 3655/3739 4001/3736 4004/3741 
f 4006/3744 4007/3745 593/450 4008/3746 
f 3629/3260 3630/3261 4007/3745 4006/3744 
f 3648/3747 4006/3744 4008/3746 3649/3748 
f 3631/3262 3629/3260 4006/3744 3648/3747 
f 4009/3749 4010/3750 598/455 4011/3751 
f 3749/3752 3750/3753 4010/3750 4009/3749 
f 3635/3266 4009/3749 4011/3751 3636/3267 
f 3639/3270 3749/3752 4009/3749 3635/3266 
f 4012/3754 4013/3755 599/456 4014/3756 
f 4015/3757 4016/3758 4013/3755 4012/3754 
f 3741/3759 4012/3754 4014/3756 3742/3760 
f 3745/3761 4015/3757 4012/3754 3741/3759 
f 4017/3762 4018/3763 600/457 4019/3764 
f 3539/3765 3540/3766 4018/3763 4017/3762 
f 4020/3767 4017/3762 4019/3764 4021/3768 
f 3541/3769 3539/3765 4017/3762 4020/3767 
f 4022/3770 4023/3771 597/454 4024/3772 
f 3643/3276 3644/3277 4023/3771 4022/3770 
f 3529/3773 4022/3770 4024/3772 3530/3774 
f 3533/3278 3643/3276 4022/3770 3529/3773 
f 4025/3775 4026/3776 602/459 4027/3777 
f 3515/3778 3516/3779 4026/3776 4025/3775 
f 3999/3731 4025/3775 4027/3777 4000/3732 
f 3517/3735 3515/3778 4025/3775 3999/3731 
f 4028/3780 4029/3781 603/460 4030/3782 
f 4031/3783 4032/3784 4029/3781 4028/3780 
f 3505/3785 4028/3780 4030/3782 3506/3786 
f 3509/3787 4031/3783 4028/3780 3505/3785 
f 4033/3788 4034/3789 604/461 4035/3790 
f 3663/3791 3664/3792 4034/3789 4033/3788 
f 4036/3793 4033/3788 4035/3790 4037/3794 
f 3665/3795 3663/3791 4033/3788 4036/3793 
f 4038/3796 4039/3797 601/458 4040/3798 
f 4004/3741 4005/3742 4039/3797 4038/3796 
f 3653/3799 4038/3796 4040/3798 3654/3800 
f 3657/3743 4004/3741 4038/3796 3653/3799 
f 4041/3801 4042/3802 606/463 4043/3803 
f 3507/3804 3508/3805 4042/3802 4041/3801 
f 4031/3783 4041/3801 4043/3803 4032/3784 
f 3509/3787 3507/3804 4041/3801 4031/3783 
f 4044/3806 4045/3807 607/464 4046/3808 
f 4047/3809 4048/3810 4045/3807 4044/3806 
f 3497/3811 4044/3806 4046/3808 3498/3812 
f 3501/3813 4047/3809 4044/3806 3497/3811 
f 4049/3814 4050/3815 608/465 4051/3816 
f 3671/3817 3672/3818 4050/3815 4049/3814 
f 4052/3819 4049/3814 4051/3816 4053/3820 
f 3673/3821 3671/3817 4049/3814 4052/3819 
f 4054/3822 4055/3823 605/462 4056/3824 
f 4036/3793 4037/3794 4055/3823 4054/3822 
f 3661/3825 4054/3822 4056/3824 3662/3826 
f 3665/3795 4036/3793 4054/3822 3661/3825 
f 4057/3827 4058/3828 610/467 4059/3829 
f 3499/3830 3500/3831 4058/3828 4057/3827 
f 4047/3832 4057/3827 4059/3829 4048/3833 
f 3501/3834 3499/3830 4057/3827 4047/3832 
f 4060/3835 4061/3836 611/468 4062/3837 
f 4063/3838 4064/3839 4061/3836 4060/3835 
f 3489/3840 4060/3835 4062/3837 3490/3841 
f 3493/3842 4063/3838 4060/3835 3489/3840 
f 4065/3843 4066/3844 612/469 4067/3845 
f 3679/3846 3680/3847 4066/3844 4065/3843 
f 4068/3848 4065/3843 4067/3845 4069/3849 
f 3681/3850 3679/3846 4065/3843 4068/3848 
f 4070/3851 4071/3852 609/466 4072/3853 
f 4052/3854 4053/3855 4071/3852 4070/3851 
f 3669/3856 4070/3851 4072/3853 3670/3857 
f 3673/3858 4052/3854 4070/3851 3669/3856 
f 4073/3859 4074/3860 614/471 4075/3861 
f 3491/3862 3492/3863 4074/3860 4073/3859 
f 4063/3838 4073/3859 4075/3861 4064/3839 
f 3493/3842 3491/3862 4073/3859 4063/3838 
f 4076/3864 4077/3865 615/472 4078/3866 
f 3949/3642 3950/3643 4077/3865 4076/3864 
f 3481/3867 4076/3864 4078/3866 3482/3868 
f 3485/3644 3949/3642 4076/3864 3481/3867 
f 4079/3869 4080/3870 616/473 4081/3871 
f 3687/3872 3688/3873 4080/3870 4079/3869 
f 3944/3632 4079/3869 4081/3871 3945/3633 
f 3689/3636 3687/3872 4079/3869 3944/3632 
f 4082/3874 4083/3875 613/470 4084/3876 
f 4068/3848 4069/3849 4083/3875 4082/3874 
f 3677/3877 4082/3874 4084/3876 3678/3878 
f 3681/3850 4068/3848 4082/3874 3677/3877 
f 4085/3879 4086/3880 618/475 4087/3881 
f 3743/3882 3744/3883 4086/3880 4085/3879 
f 4015/3757 4085/3879 4087/3881 4016/3758 
f 3745/3761 3743/3882 4085/3879 4015/3757 
f 4088/3884 4089/3885 619/476 4090/3886 
f 4091/3887 4092/3888 4089/3885 4088/3884 
f 3733/3889 4088/3884 4090/3886 3734/3890 
f 3737/3891 4091/3887 4088/3884 3733/3889 
f 4093/3892 4094/3893 620/477 4095/3894 
f 3547/3895 3548/3896 4094/3893 4093/3892 
f 4096/3897 4093/3892 4095/3894 4097/3898 
f 3549/3899 3547/3895 4093/3892 4096/3897 
f 4098/3900 4099/3901 617/474 4100/3902 
f 4020/3767 4021/3768 4099/3901 4098/3900 
f 3537/3903 4098/3900 4100/3902 3538/3904 
f 3541/3769 4020/3767 4098/3900 3537/3903 
f 4101/3905 4102/3906 622/479 4103/3907 
f 3735/3908 3736/3909 4102/3906 4101/3905 
f 4091/3887 4101/3905 4103/3907 4092/3888 
f 3737/3891 3735/3908 4101/3905 4091/3887 
f 4104/3910 4105/3911 623/480 4106/3912 
f 4107/3913 4108/3914 4105/3911 4104/3910 
f 3725/3915 4104/3910 4106/3912 3726/3916 
f 3729/3917 4107/3913 4104/3910 3725/3915 
f 4109/3918 4110/3919 624/481 4111/3920 
f 3555/3921 3556/3922 4110/3919 4109/3918 
f 4112/3923 4109/3918 4111/3920 4113/3924 
f 3557/3925 3555/3921 4109/3918 4112/3923 
f 4114/3926 4115/3927 621/478 4116/3928 
f 4096/3897 4097/3898 4115/3927 4114/3926 
f 3545/3929 4114/3926 4116/3928 3546/3930 
f 3549/3899 4096/3897 4114/3926 3545/3929 
f 4117/3931 4118/3932 626/483 4119/3933 
f 3727/3934 3728/3935 4118/3932 4117/3931 
f 4107/3936 4117/3931 4119/3933 4108/3937 
f 3729/3938 3727/3934 4117/3931 4107/3936 
f 4120/3939 4121/3940 627/484 4122/3941 
f 4123/3942 4124/3943 4121/3940 4120/3939 
f 3717/3944 4120/3939 4122/3941 3718/3945 
f 3721/3946 4123/3942 4120/3939 3717/3944 
f 4125/3947 4126/3948 628/485 4127/3949 
f 3563/3950 3564/3951 4126/3948 4125/3947 
f 4128/3952 4125/3947 4127/3949 4129/3953 
f 3565/3954 3563/3950 4125/3947 4128/3952 
f 4130/3955 4131/3956 625/482 4132/3957 
f 4112/3958 4113/3959 4131/3956 4130/3955 
f 3553/3960 4130/3955 4132/3957 3554/3961 
f 3557/3962 4112/3958 4130/3955 3553/3960 
f 4133/3963 4134/3964 630/487 4135/3965 
f 3719/3966 3720/3967 4134/3964 4133/3963 
f 4123/3942 4133/3963 4135/3965 4124/3943 
f 3721/3946 3719/3966 4133/3963 4123/3942 
f 4136/3968 4137/3969 631/488 4138/3970 
f 3982/3698 3983/3699 4137/3969 4136/3968 
f 3709/3971 4136/3968 4138/3970 3710/3972 
f 3713/3700 3982/3698 4136/3968 3709/3971 
f 4139/3973 4140/3974 632/489 4141/3975 
f 3571/3976 3572/3977 4140/3974 4139/3973 
f 3977/3688 4139/3973 4141/3975 3978/3689 
f 3573/3692 3571/3976 4139/3973 3977/3688 
f 4142/3978 4143/3979 629/486 4144/3980 
f 4128/3952 4129/3953 4143/3979 4142/3978 
f 3561/3981 4142/3978 4144/3980 3562/3982 
f 3565/3954 4128/3952 4142/3978 3561/3981 
f 4145/3983 4146/3984 634/491 4147/3985 
f 3877/3986 3878/3987 4146/3984 4145/3983 
f 3404/3026 4145/3983 4147/3985 3405/3027 
f 3408/3030 3877/3986 4145/3983 3404/3026 
f 4148/3988 4149/3989 635/492 4150/3990 
f 4151/3991 4152/3992 4149/3989 4148/3988 
f 3869/3993 4148/3988 4150/3990 3870/3994 
f 3873/3995 4151/3991 4148/3988 3869/3993 
f 4153/3996 4154/3997 636/493 4155/3998 
f 3443/3999 3444/4000 4154/3997 4153/3996 
f 4156/4001 4153/3996 4155/3998 4157/4002 
f 3445/4003 3443/3999 4153/3996 4156/4001 
f 4158/4004 4159/4005 633/490 4160/4006 
f 3414/3036 3415/3037 4159/4005 4158/4004 
f 3436/4007 4158/4004 4160/4006 3437/4008 
f 3416/3038 3414/3036 4158/4004 3436/4007 
f 4161/4009 4162/4010 638/495 4163/4011 
f 3617/4012 3618/4013 4162/4010 4161/4009 
f 3420/3042 4161/4009 4163/4011 3421/3043 
f 3424/3046 3617/4012 4161/4009 3420/3042 
f 4164/4014 4165/4015 639/496 4166/4016 
f 4167/4017 4168/4018 4165/4015 4164/4014 
f 3609/4019 4164/4014 4166/4016 3610/4020 
f 3613/4021 4167/4017 4164/4014 3609/4019 
f 4169/4022 4170/4023 640/497 4171/4024 
f 3889/4025 3890/4026 4170/4023 4169/4022 
f 4172/4027 4169/4022 4171/4024 4173/4028 
f 3891/4029 3889/4025 4169/4022 4172/4027 
f 4174/4030 4175/4031 637/494 4176/4032 
f 3430/3052 3431/3053 4175/4031 4174/4030 
f 3882/4033 4174/4030 4176/4032 3883/4034 
f 3432/3054 3430/3052 4174/4030 3882/4033 
f 4177/4035 4178/4036 642/499 4179/4037 
f 3871/4038 3872/4039 4178/4036 4177/4035 
f 4151/3991 4177/4035 4179/4037 4152/3992 
f 3873/3995 3871/4038 4177/4035 4151/3991 
f 4180/4040 4181/4041 643/500 4182/4042 
f 4183/4043 4184/4044 4181/4041 4180/4040 
f 3861/4045 4180/4040 4182/4042 3862/4046 
f 3865/4047 4183/4043 4180/4040 3861/4045 
f 4185/4048 4186/4049 644/501 4187/4050 
f 3451/4051 3452/4052 4186/4049 4185/4048 
f 4188/4053 4185/4048 4187/4050 4189/4054 
f 3453/4055 3451/4051 4185/4048 4188/4053 
f 4190/4056 4191/4057 641/498 4192/4058 
f 4156/4001 4157/4002 4191/4057 4190/4056 
f 3441/4059 4190/4056 4192/4058 3442/4060 
f 3445/4003 4156/4001 4190/4056 3441/4059 
f 4193/4061 4194/4062 646/503 4195/4063 
f 3863/4064 3864/4065 4194/4062 4193/4061 
f 4183/4043 4193/4061 4195/4063 4184/4044 
f 3865/4047 3863/4064 4193/4061 4183/4043 
f 4196/4066 4197/4067 647/504 4198/4068 
f 4199/4069 4200/4070 4197/4067 4196/4066 
f 3853/4071 4196/4066 4198/4068 3854/4072 
f 3857/4073 4199/4069 4196/4066 3853/4071 
f 4201/4074 4202/4075 648/505 4203/4076 
f 3459/4077 3460/4078 4202/4075 4201/4074 
f 4204/4079 4201/4074 4203/4076 4205/4080 
f 3461/4081 3459/4077 4201/4074 4204/4079 
f 4206/4082 4207/4083 645/502 4208/4084 
f 4188/4053 4189/4054 4207/4083 4206/4082 
f 3449/4085 4206/4082 4208/4084 3450/4086 
f 3453/4055 4188/4053 4206/4082 3449/4085 
f 4209/4087 4210/4088 650/507 4211/4089 
f 3855/4090 3856/4091 4210/4088 4209/4087 
f 4199/4092 4209/4087 4211/4089 4200/4093 
f 3857/4094 3855/4090 4209/4087 4199/4092 
f 4212/4095 4213/4096 651/508 4214/4097 
f 4215/4098 4216/4099 4213/4096 4212/4095 
f 3845/4100 4212/4095 4214/4097 3846/4101 
f 3849/4102 4215/4098 4212/4095 3845/4100 
f 4217/4103 4218/4104 652/509 4219/4105 
f 3467/4106 3468/4107 4218/4104 4217/4103 
f 4220/4108 4217/4103 4219/4105 4221/4109 
f 3469/4110 3467/4106 4217/4103 4220/4108 
f 4222/4111 4223/4112 649/506 4224/4113 
f 4204/4114 4205/4115 4223/4112 4222/4111 
f 3457/4116 4222/4111 4224/4113 3458/4117 
f 3461/4118 4204/4114 4222/4111 3457/4116 
f 4225/4119 4226/4120 654/511 4227/4121 
f 3847/4122 3848/4123 4226/4120 4225/4119 
f 4215/4098 4225/4119 4227/4121 4216/4099 
f 3849/4102 3847/4122 4225/4119 4215/4098 
f 4228/4124 4229/4125 655/512 4230/4126 
f 3959/3658 3960/3659 4229/4125 4228/4124 
f 3837/4127 4228/4124 4230/4126 3838/4128 
f 3841/3660 3959/3658 4228/4124 3837/4127 
f 4231/4129 4232/4130 656/513 4233/4131 
f 3475/4132 3476/4133 4232/4130 4231/4129 
f 3954/3648 4231/4129 4233/4131 3955/3649 
f 3477/3652 3475/4132 4231/4129 3954/3648 
f 4234/4134 4235/4135 653/510 4236/4136 
f 4220/4108 4221/4109 4235/4135 4234/4134 
f 3465/4137 4234/4134 4236/4136 3466/4138 
f 3469/4110 4220/4108 4234/4134 3465/4137 
f 4237/4139 4238/4140 658/515 4239/4141 
f 3611/4142 3612/4143 4238/4140 4237/4139 
f 4167/4017 4237/4139 4239/4141 4168/4018 
f 3613/4021 3611/4142 4237/4139 4167/4017 
f 4240/4144 4241/4145 659/516 4242/4146 
f 4243/4147 4244/4148 4241/4145 4240/4144 
f 3601/4149 4240/4144 4242/4146 3602/4150 
f 3605/4151 4243/4147 4240/4144 3601/4149 
f 4245/4152 4246/4153 660/517 4247/4154 
f 3897/4155 3898/4156 4246/4153 4245/4152 
f 4248/4157 4245/4152 4247/4154 4249/4158 
f 3899/4159 3897/4155 4245/4152 4248/4157 
f 4250/4160 4251/4161 657/514 4252/4162 
f 4172/4027 4173/4028 4251/4161 4250/4160 
f 3887/4163 4250/4160 4252/4162 3888/4164 
f 3891/4029 4172/4027 4250/4160 3887/4163 
f 4253/4165 4254/4166 662/519 4255/4167 
f 3603/4168 3604/4169 4254/4166 4253/4165 
f 4243/4147 4253/4165 4255/4167 4244/4148 
f 3605/4151 3603/4168 4253/4165 4243/4147 
f 4256/4170 4257/4171 663/520 4258/4172 
f 4259/4173 4260/4174 4257/4171 4256/4170 
f 3593/4175 4256/4170 4258/4172 3594/4176 
f 3597/4177 4259/4173 4256/4170 3593/4175 
f 4261/4178 4262/4179 664/521 4263/4180 
f 3905/4181 3906/4182 4262/4179 4261/4178 
f 4264/4183 4261/4178 4263/4180 4265/4184 
f 3907/4185 3905/4181 4261/4178 4264/4183 
f 4266/4186 4267/4187 661/518 4268/4188 
f 4248/4157 4249/4158 4267/4187 4266/4186 
f 3895/4189 4266/4186 4268/4188 3896/4190 
f 3899/4159 4248/4157 4266/4186 3895/4189 
f 4269/4191 4270/4192 666/523 4271/4193 
f 3595/4194 3596/4195 4270/4192 4269/4191 
f 4259/4196 4269/4191 4271/4193 4260/4197 
f 3597/4198 3595/4194 4269/4191 4259/4196 
f 4272/4199 4273/4200 667/524 4274/4201 
f 4275/4202 4276/4203 4273/4200 4272/4199 
f 3585/4204 4272/4199 4274/4201 3586/4205 
f 3589/4206 4275/4202 4272/4199 3585/4204 
f 4277/4207 4278/4208 668/525 4279/4209 
f 3913/4210 3914/4211 4278/4208 4277/4207 
f 4280/4212 4277/4207 4279/4209 4281/4213 
f 3915/4214 3913/4210 4277/4207 4280/4212 
f 4282/4215 4283/4216 665/522 4284/4217 
f 4264/4218 4265/4219 4283/4216 4282/4215 
f 3903/4220 4282/4215 4284/4217 3904/4221 
f 3907/4222 4264/4218 4282/4215 3903/4220 
f 4285/4223 4286/4224 670/527 4287/4225 
f 3587/4226 3588/4227 4286/4224 4285/4223 
f 4275/4202 4285/4223 4287/4225 4276/4203 
f 3589/4206 3587/4226 4285/4223 4275/4202 
f 4288/4228 4289/4229 671/528 4290/4230 
f 3972/3682 3973/3683 4289/4229 4288/4228 
f 3577/4231 4288/4228 4290/4230 3578/4232 
f 3581/3684 3972/3682 4288/4228 3577/4231 
f 4291/4233 4292/4234 672/529 4293/4235 
f 3921/4236 3922/4237 4292/4234 4291/4233 
f 3967/3672 4291/4233 4293/4235 3968/3673 
f 3923/3676 3921/4236 4291/4233 3967/3672 
f 4294/4238 4295/4239 669/526 4296/4240 
f 4280/4212 4281/4213 4295/4239 4294/4238 
f 3911/4241 4294/4238 4296/4240 3912/4242 
f 3915/4214 4280/4212 4294/4238 3911/4241 
f 4297/3023 4298/3024 674/363 4299/3025 
f 4300/3026 4301/3027 4298/3024 4297/3023 
f 4302/3028 4297/3023 4299/3025 4303/3029 
f 4304/3030 4300/3026 4297/3023 4302/3028 
f 4305/3031 4306/3032 675/364 4307/3033 
f 4308/3034 4309/3035 4306/3032 4305/3031 
f 4310/3036 4305/3031 4307/3033 4311/3037 
f 4312/3038 4308/3034 4305/3031 4310/3036 
f 4313/3039 4314/3040 676/365 4315/3041 
f 4316/3042 4317/3043 4314/3040 4313/3039 
f 4318/3044 4313/3039 4315/3041 4319/3045 
f 4320/3046 4316/3042 4313/3039 4318/3044 
f 4321/3047 4322/3048 673/362 4323/3049 
f 4324/3050 4325/3051 4322/3048 4321/3047 
f 4326/3052 4321/3047 4323/3049 4327/3053 
f 4328/3054 4324/3050 4321/3047 4326/3052 
f 4329/3055 4330/3056 681/370 4331/3057 
f 4332/3058 4333/3059 4330/3056 4329/3055 
f 4308/3060 4329/3055 4331/3057 4309/3061 
f 4312/3062 4332/3058 4329/3055 4308/3060 
f 4334/3063 4335/3064 682/371 4336/3065 
f 4337/3066 4338/3067 4335/3064 4334/3063 
f 4339/3068 4334/3063 4336/3065 4340/3069 
f 4341/3070 4337/3066 4334/3063 4339/3068 
f 4342/3071 4343/3072 684/373 4344/3073 
f 4345/3074 4346/3075 4343/3072 4342/3071 
f 4347/3076 4342/3071 4344/3073 4348/3077 
f 4349/3078 4345/3074 4342/3071 4347/3076 
f 4350/3079 4351/3080 683/372 4352/3081 
f 4353/3082 4354/3083 4351/3080 4350/3079 
f 4355/3084 4350/3079 4352/3081 4356/3085 
f 4357/3086 4353/3082 4350/3079 4355/3084 
f 4358/3087 4359/3088 685/374 4360/3089 
f 4361/3090 4362/3091 4359/3088 4358/3087 
f 4363/3092 4358/3087 4360/3089 4364/3093 
f 4365/3094 4361/3090 4358/3087 4363/3092 
f 4366/3095 4367/3096 686/375 4368/3097 
f 4369/3098 4370/3099 4367/3096 4366/3095 
f 4371/3100 4366/3095 4368/3097 4372/3101 
f 4373/3102 4369/3098 4366/3095 4371/3100 
f 4374/3103 4375/3104 688/377 4376/4243 
f 4377/3106 4378/3107 4375/3104 4374/3103 
f 4379/3108 4374/3103 4376/4243 4380/3109 
f 4381/3110 4377/3106 4374/3103 4379/3108 
f 4382/3111 4383/3112 687/376 4384/3113 
f 4385/3114 4386/3115 4383/3112 4382/3111 
f 4387/3116 4382/3111 4384/3113 4388/3117 
f 4389/3118 4385/3114 4382/3111 4387/3116 
f 4390/3119 4391/3120 690/379 4392/3121 
f 4393/3122 4394/3123 4391/3120 4390/3119 
f 4395/3124 4390/3119 4392/3121 4396/3125 
f 4397/3126 4393/3122 4390/3119 4395/3124 
f 4398/3127 4399/3128 691/380 4400/3129 
f 4401/3130 4402/3131 4399/3128 4398/3127 
f 4403/3132 4398/3127 4400/3129 4404/3133 
f 4405/3134 4401/3130 4398/3127 4403/3132 
f 4406/3135 4407/3136 693/382 4408/3137 
f 4409/3138 4410/3139 4407/3136 4406/3135 
f 4411/3140 4406/3135 4408/3137 4412/3141 
f 4413/3142 4409/3138 4406/3135 4411/3140 
f 4414/3143 4415/3144 692/381 4416/3145 
f 4417/3146 4418/3147 4415/3144 4414/3143 
f 4419/3148 4414/3143 4416/3145 4420/3149 
f 4421/3150 4417/3146 4414/3143 4419/3148 
f 4422/3151 4423/3152 694/383 4424/3153 
f 4425/3154 4426/3155 4423/3152 4422/3151 
f 4427/3156 4422/3151 4424/3153 4428/3157 
f 4429/3158 4425/3154 4422/3151 4427/3156 
f 4430/3159 4431/3160 695/384 4432/3161 
f 4433/3162 4434/3163 4431/3160 4430/3159 
f 4435/3164 4430/3159 4432/3161 4436/3165 
f 4437/3166 4433/3162 4430/3159 4435/3164 
f 4438/3167 4439/3168 696/385 4440/3169 
f 4441/3170 4442/3171 4439/3168 4438/3167 
f 4443/3172 4438/3167 4440/3169 4444/3173 
f 4445/3174 4441/3170 4438/3167 4443/3172 
f 4446/3175 4447/3176 689/378 4448/3177 
f 4449/3178 4450/3179 4447/3176 4446/3175 
f 4451/3180 4446/3175 4448/3177 4452/3181 
f 4453/3182 4449/3178 4446/3175 4451/3180 
f 4454/3183 4455/3184 697/386 4456/3185 
f 4457/3186 4458/3187 4455/3184 4454/3183 
f 4459/3188 4454/3183 4456/3185 4460/3189 
f 4461/3190 4457/3186 4454/3183 4459/3188 
f 4462/3191 4463/3192 698/387 4464/3193 
f 4465/3194 4466/3195 4463/3192 4462/3191 
f 4467/3196 4462/3191 4464/3193 4468/3197 
f 4469/3198 4465/3194 4462/3191 4467/3196 
f 4470/3199 4471/3200 699/388 4472/3201 
f 4473/3202 4474/3203 4471/3200 4470/3199 
f 4475/3204 4470/3199 4472/3201 4476/3205 
f 4477/3206 4473/3202 4470/3199 4475/3204 
f 4478/3207 4479/3208 680/369 4480/3209 
f 4481/3210 4482/3211 4479/3208 4478/3207 
f 4483/3212 4478/3207 4480/3209 4484/3213 
f 4485/3214 4481/3210 4478/3207 4483/3212 
f 4486/3215 4487/3216 700/389 4488/3217 
f 4489/3218 4490/3219 4487/3216 4486/3215 
f 4491/3220 4486/3215 4488/3217 4492/3221 
f 4493/3222 4489/3218 4486/3215 4491/3220 
f 4494/3223 4495/3224 677/366 4496/3225 
f 4497/3226 4498/3227 4495/3224 4494/3223 
f 4499/3228 4494/3223 4496/3225 4500/3229 
f 4501/3230 4497/3226 4494/3223 4499/3228 
f 4502/3231 4503/3232 678/367 4504/3233 
f 4505/3234 4506/3235 4503/3232 4502/3231 
f 4507/3236 4502/3231 4504/3233 4508/3237 
f 4509/3238 4505/3234 4502/3231 4507/3236 
f 4510/3239 4511/3240 679/368 4512/3241 
f 4318/3242 4319/3243 4511/3240 4510/3239 
f 4513/3244 4510/3239 4512/3241 4514/3245 
f 4320/3246 4318/3242 4510/3239 4513/3244 
f 4515/3247 4516/3248 702/391 4517/3249 
f 4518/3250 4519/3251 4516/3248 4515/3247 
f 4417/3252 4515/3247 4517/3249 4418/3253 
f 4421/3254 4518/3250 4515/3247 4417/3252 
f 4520/3255 4521/3256 703/392 4522/3257 
f 4523/3258 4524/3259 4521/3256 4520/3255 
f 4525/3260 4520/3255 4522/3257 4526/3261 
f 4527/3262 4523/3258 4520/3255 4525/3260 
f 4528/3263 4529/3264 704/393 4530/3265 
f 4531/3266 4532/3267 4529/3264 4528/3263 
f 4533/3268 4528/3263 4530/3265 4534/3269 
f 4535/3270 4531/3266 4528/3263 4533/3268 
f 4536/3271 4537/3272 701/390 4538/3273 
f 4427/3274 4428/3275 4537/3272 4536/3271 
f 4539/3276 4536/3271 4538/3273 4540/3277 
f 4429/3278 4427/3274 4536/3271 4539/3276 
f 4541/3279 4542/3280 709/398 4543/3281 
f 4544/3282 4545/3283 4542/3280 4541/3279 
f 4523/3284 4541/3279 4543/3281 4524/3285 
f 4527/3286 4544/3282 4541/3279 4523/3284 
f 4546/3287 4547/3288 710/399 4548/3289 
f 4549/3290 4550/3291 4547/3288 4546/3287 
f 4551/3292 4546/3287 4548/3289 4552/3293 
f 4553/3294 4549/3290 4546/3287 4551/3292 
f 4554/3295 4555/3296 712/401 4556/3297 
f 4557/3298 4558/3299 4555/3296 4554/3295 
f 4559/3300 4554/3295 4556/3297 4560/3301 
f 4561/3302 4557/3298 4554/3295 4559/3300 
f 4562/3303 4563/3304 711/400 4564/3305 
f 4565/3306 4566/3307 4563/3304 4562/3303 
f 4567/3308 4562/3303 4564/3305 4568/3309 
f 4569/3310 4565/3306 4562/3303 4567/3308 
f 4570/3311 4571/3312 713/402 4572/3313 
f 4573/3314 4574/3315 4571/3312 4570/3311 
f 4575/3316 4570/3311 4572/3313 4576/3317 
f 4577/3318 4573/3314 4570/3311 4575/3316 
f 4578/3319 4579/3320 714/403 4580/3321 
f 4581/3322 4582/3323 4579/3320 4578/3319 
f 4583/3324 4578/3319 4580/3321 4584/3325 
f 4585/3326 4581/3322 4578/3319 4583/3324 
f 4586/3327 4587/3328 715/404 4588/3329 
f 4589/3330 4590/3331 4587/3328 4586/3327 
f 4591/3332 4586/3327 4588/3329 4592/3333 
f 4593/3334 4589/3330 4586/3327 4591/3332 
f 4594/3335 4595/3336 708/397 4596/3337 
f 4597/3338 4598/3339 4595/3336 4594/3335 
f 4599/3340 4594/3335 4596/3337 4600/3341 
f 4601/3342 4597/3338 4594/3335 4599/3340 
f 4602/3343 4603/3344 716/405 4604/3345 
f 4605/3346 4606/3347 4603/3344 4602/3343 
f 4607/3348 4602/3343 4604/3345 4608/3349 
f 4609/3350 4605/3346 4602/3343 4607/3348 
f 4610/3351 4611/3352 717/406 4612/3353 
f 4613/3354 4614/3355 4611/3352 4610/3351 
f 4615/3356 4610/3351 4612/3353 4616/3357 
f 4617/3358 4613/3354 4610/3351 4615/3356 
f 4618/3359 4619/3360 718/407 4620/3361 
f 4621/3362 4622/3363 4619/3360 4618/3359 
f 4623/3364 4618/3359 4620/3361 4624/3365 
f 4625/3366 4621/3362 4618/3359 4623/3364 
f 4626/3367 4627/3368 705/394 4628/3369 
f 4629/3370 4630/3371 4627/3368 4626/3367 
f 4631/3372 4626/3367 4628/3369 4632/3373 
f 4633/3374 4629/3370 4626/3367 4631/3372 
f 4634/3375 4635/3376 706/395 4636/3377 
f 4637/3378 4638/3379 4635/3376 4634/3375 
f 4639/3380 4634/3375 4636/3377 4640/3381 
f 4641/3382 4637/3378 4634/3375 4639/3380 
f 4642/3383 4643/3384 707/396 4644/3385 
f 4533/3386 4534/3387 4643/3384 4642/3383 
f 4645/3388 4642/3383 4644/3385 4646/3389 
f 4535/3390 4533/3386 4642/3383 4645/3388 
f 4647/3391 4648/3392 720/409 4649/3393 
f 4650/3394 4651/3395 4648/3392 4647/3391 
f 4589/3396 4647/3391 4649/3393 4590/3397 
f 4593/3398 4650/3394 4647/3391 4589/3396 
f 4652/3399 4653/3400 721/410 4654/3401 
f 4655/3402 4656/3403 4653/3400 4652/3399 
f 4657/3404 4652/3399 4654/3401 4658/3405 
f 4659/3406 4655/3402 4652/3399 4657/3404 
f 4660/3407 4661/3408 722/411 4662/3409 
f 4663/3410 4664/3411 4661/3408 4660/3407 
f 4665/3412 4660/3407 4662/3409 4666/3413 
f 4667/3414 4663/3410 4660/3407 4665/3412 
f 4668/3415 4669/3416 719/408 4670/3417 
f 4599/3418 4600/3419 4669/3416 4668/3415 
f 4671/3420 4668/3415 4670/3417 4672/3421 
f 4601/3422 4599/3418 4668/3415 4671/3420 
f 4673/3423 4674/3424 724/413 4675/3425 
f 4676/3426 4677/3427 4674/3424 4673/3423 
f 4655/3428 4673/3423 4675/3425 4656/3429 
f 4659/3430 4676/3426 4673/3423 4655/3428 
f 4678/3431 4679/3432 725/414 4680/3433 
f 4681/3434 4682/3435 4679/3432 4678/3431 
f 4683/3436 4678/3431 4680/3433 4684/3437 
f 4685/3438 4681/3434 4678/3431 4683/3436 
f 4686/3439 4687/3440 726/415 4688/3441 
f 4689/3442 4690/3443 4687/3440 4686/3439 
f 4691/3444 4686/3439 4688/3441 4692/3445 
f 4693/3446 4689/3442 4686/3439 4691/3444 
f 4694/3447 4695/3448 723/412 4696/3449 
f 4665/3450 4666/3451 4695/3448 4694/3447 
f 4697/3452 4694/3447 4696/3449 4698/3453 
f 4667/3454 4665/3450 4694/3447 4697/3452 
f 4699/3455 4700/3456 728/417 4701/3457 
f 4702/3458 4703/3459 4700/3456 4699/3455 
f 4681/3460 4699/3455 4701/3457 4682/3461 
f 4685/3462 4702/3458 4699/3455 4681/3460 
f 4704/3463 4705/3464 729/418 4706/3465 
f 4707/3466 4708/3467 4705/3464 4704/3463 
f 4709/3468 4704/3463 4706/3465 4710/3469 
f 4711/3470 4707/3466 4704/3463 4709/3468 
f 4712/3471 4713/3472 730/419 4714/3473 
f 4715/3474 4716/3475 4713/3472 4712/3471 
f 4717/3476 4712/3471 4714/3473 4718/3477 
f 4719/3478 4715/3474 4712/3471 4717/3476 
f 4720/3479 4721/3480 727/416 4722/3481 
f 4691/3482 4692/3483 4721/3480 4720/3479 
f 4723/3484 4720/3479 4722/3481 4724/3485 
f 4693/3486 4691/3482 4720/3479 4723/3484 
f 4725/3487 4726/4244 735/424 4727/3489 
f 4728/3490 4729/3491 4726/4244 4725/3487 
f 4707/3492 4725/3487 4727/3489 4708/3493 
f 4711/3494 4728/3490 4725/3487 4707/3492 
f 4730/3495 4731/3496 736/425 4732/3497 
f 4733/3498 4734/3499 4731/3496 4730/3495 
f 4735/3500 4730/3495 4732/3497 4736/3501 
f 4737/3502 4733/3498 4730/3495 4735/3500 
f 4738/3503 4739/3504 738/427 4740/3505 
f 4741/3506 4742/3507 4739/3504 4738/3503 
f 4743/3508 4738/3503 4740/3505 4744/3509 
f 4745/3510 4741/3506 4738/3503 4743/3508 
f 4746/3511 4747/3512 737/426 4748/3513 
f 4749/3514 4750/3515 4747/3512 4746/3511 
f 4751/3516 4746/3511 4748/3513 4752/3517 
f 4753/3518 4749/3514 4746/3511 4751/3516 
f 4754/3519 4755/3520 739/428 4756/3521 
f 4757/3522 4758/3523 4755/3520 4754/3519 
f 4759/3524 4754/3519 4756/3521 4760/3525 
f 4761/3526 4757/3522 4754/3519 4759/3524 
f 4762/3527 4763/3528 740/429 4764/3529 
f 4765/3530 4766/3531 4763/3528 4762/3527 
f 4767/3532 4762/3527 4764/3529 4768/3533 
f 4769/3534 4765/3530 4762/3527 4767/3532 
f 4770/3535 4771/3536 741/430 4772/3537 
f 4302/3538 4303/3539 4771/3536 4770/3535 
f 4773/3540 4770/3535 4772/3537 4774/3541 
f 4304/3542 4302/3538 4770/3535 4773/3540 
f 4775/3543 4776/3544 734/423 4777/3545 
f 4778/3546 4779/3547 4776/3544 4775/3543 
f 4324/3548 4775/3543 4777/3545 4325/3549 
f 4328/3550 4778/3546 4775/3543 4324/3548 
f 4780/3551 4781/3552 742/431 4782/3553 
f 4783/3554 4784/3555 4781/3552 4780/3551 
f 4785/3556 4780/3551 4782/3553 4786/3557 
f 4787/3558 4783/3554 4780/3551 4785/3556 
f 4788/3559 4789/3560 743/432 4790/3561 
f 4791/3562 4792/3563 4789/3560 4788/3559 
f 4793/3564 4788/3559 4790/3561 4794/3565 
f 4795/3566 4791/3562 4788/3559 4793/3564 
f 4796/3567 4797/3568 744/433 4798/3569 
f 4799/3570 4800/3571 4797/3568 4796/3567 
f 4801/3572 4796/3567 4798/3569 4802/3573 
f 4803/3574 4799/3570 4796/3567 4801/3572 
f 4804/3575 4805/3576 731/420 4806/3577 
f 4807/3578 4808/3579 4805/3576 4804/3575 
f 4809/3580 4804/3575 4806/3577 4810/3581 
f 4811/3582 4807/3578 4804/3575 4809/3580 
f 4812/3583 4813/3584 732/421 4814/3585 
f 4815/3586 4816/3587 4813/3584 4812/3583 
f 4817/3588 4812/3583 4814/3585 4818/3589 
f 4819/3590 4815/3586 4812/3583 4817/3588 
f 4820/3591 4821/3592 733/422 4822/3593 
f 4717/3594 4718/3595 4821/3592 4820/3591 
f 4823/3596 4820/3591 4822/3593 4824/3597 
f 4719/3598 4717/3594 4820/3591 4823/3596 
f 4825/3599 4826/3600 751/440 4827/3601 
f 4709/3602 4710/3603 4826/3600 4825/3599 
f 4728/3604 4825/3599 4827/3601 4729/3605 
f 4711/3606 4709/3602 4825/3599 4728/3604 
f 4828/3607 4829/3608 752/441 4830/3609 
f 4683/3610 4684/3611 4829/3608 4828/3607 
f 4702/3612 4828/3607 4830/3609 4703/3613 
f 4685/3607 4683/3610 4828/3607 4702/3612 
f 4831/3614 4832/3615 745/434 4833/3616 
f 4657/3617 4658/3618 4832/3615 4831/3614 
f 4676/3619 4831/3614 4833/3616 4677/3620 
f 4659/3614 4657/3617 4831/3614 4676/3619 
f 4834/3621 4835/3622 746/435 4836/3623 
f 4591/3624 4592/3625 4835/3622 4834/3621 
f 4650/3626 4834/3621 4836/3623 4651/3627 
f 4593/3628 4591/3624 4834/3621 4650/3626 
f 4837/3629 4838/3630 747/436 4839/3631 
f 4840/3632 4841/3633 4838/3630 4837/3629 
f 4581/3634 4837/3629 4839/3631 4582/3635 
f 4585/3636 4840/3632 4837/3629 4581/3634 
f 4842/3637 4843/3638 748/437 4844/3639 
f 4379/3640 4380/3641 4843/3638 4842/3637 
f 4845/3642 4842/3637 4844/3639 4846/3643 
f 4381/3644 4379/3640 4842/3637 4845/3642 
f 4847/3645 4848/3646 749/438 4849/3647 
f 4850/3648 4851/3649 4848/3646 4847/3645 
f 4369/3650 4847/3645 4849/3647 4370/3651 
f 4373/3652 4850/3648 4847/3645 4369/3650 
f 4852/3653 4853/3654 750/439 4854/3655 
f 4735/3656 4736/3657 4853/3654 4852/3653 
f 4855/3658 4852/3653 4854/3655 4856/3659 
f 4737/3660 4735/3656 4852/3653 4855/3658 
f 4857/3661 4858/3662 758/447 4859/3663 
f 4823/3664 4824/3665 4858/3662 4857/3661 
f 4715/3666 4857/3661 4859/3663 4716/3667 
f 4719/3668 4823/3664 4857/3661 4715/3666 
f 4860/3669 4861/3670 759/448 4862/3671 
f 4863/3672 4864/3673 4861/3670 4860/3669 
f 4815/3674 4860/3669 4862/3671 4816/3675 
f 4819/3676 4863/3672 4860/3669 4815/3674 
f 4865/3677 4866/3678 760/449 4867/3679 
f 4475/3680 4476/3681 4866/3678 4865/3677 
f 4868/3682 4865/3677 4867/3679 4869/3683 
f 4477/3684 4475/3680 4865/3677 4868/3682 
f 4870/3685 4871/3686 753/442 4872/3687 
f 4873/3688 4874/3689 4871/3686 4870/3685 
f 4465/3690 4870/3685 4872/3687 4466/3691 
f 4469/3692 4873/3688 4870/3685 4465/3690 
f 4875/3693 4876/3694 754/443 4877/3695 
f 4607/3696 4608/3697 4876/3694 4875/3693 
f 4878/3698 4875/3693 4877/3695 4879/3699 
f 4609/3700 4607/3696 4875/3693 4878/3698 
f 4880/3701 4881/3702 755/444 4882/3703 
f 4671/3704 4672/3705 4881/3702 4880/3701 
f 4597/3706 4880/3701 4882/3703 4598/3707 
f 4601/3708 4671/3704 4880/3701 4597/3706 
f 4883/3709 4884/3710 756/445 4885/3711 
f 4697/3712 4698/3713 4884/3710 4883/3709 
f 4663/3714 4883/3709 4885/3711 4664/3715 
f 4667/3709 4697/3712 4883/3709 4663/3714 
f 4886/3716 4887/3717 757/446 4888/3718 
f 4723/3719 4724/3720 4887/3717 4886/3716 
f 4689/3721 4886/3716 4888/3718 4690/3722 
f 4693/3716 4723/3719 4886/3716 4689/3721 
f 4889/3723 4890/3724 762/451 4891/3725 
f 4419/3726 4420/3727 4890/3724 4889/3723 
f 4518/3250 4889/3723 4891/3725 4519/3251 
f 4421/3254 4419/3726 4889/3723 4518/3250 
f 4892/3728 4893/3729 763/452 4894/3730 
f 4895/3731 4896/3732 4893/3729 4892/3728 
f 4409/3733 4892/3728 4894/3730 4410/3734 
f 4413/3735 4895/3731 4892/3728 4409/3733 
f 4897/3736 4898/3737 764/453 4899/3738 
f 4551/3739 4552/3740 4898/3737 4897/3736 
f 4900/3741 4897/3736 4899/3738 4901/3742 
f 4553/3743 4551/3739 4897/3736 4900/3741 
f 4902/3744 4903/3745 761/450 4904/3746 
f 4525/3260 4526/3261 4903/3745 4902/3744 
f 4544/3747 4902/3744 4904/3746 4545/3748 
f 4527/3262 4525/3260 4902/3744 4544/3747 
f 4905/3749 4906/3750 766/455 4907/3751 
f 4645/3752 4646/3753 4906/3750 4905/3749 
f 4531/3266 4905/3749 4907/3751 4532/3267 
f 4535/3270 4645/3752 4905/3749 4531/3266 
f 4908/3754 4909/3755 767/456 4910/3756 
f 4911/3757 4912/3758 4909/3755 4908/3754 
f 4637/3759 4908/3754 4910/3756 4638/3760 
f 4641/3761 4911/3757 4908/3754 4637/3759 
f 4913/3762 4914/3763 768/457 4915/3764 
f 4435/3765 4436/3766 4914/3763 4913/3762 
f 4916/3767 4913/3762 4915/3764 4917/3768 
f 4437/3769 4435/3765 4913/3762 4916/3767 
f 4918/3770 4919/3771 765/454 4920/3772 
f 4539/3276 4540/3277 4919/3771 4918/3770 
f 4425/3773 4918/3770 4920/3772 4426/3774 
f 4429/3278 4539/3276 4918/3770 4425/3773 
f 4921/3775 4922/3776 770/459 4923/3777 
f 4411/3778 4412/3779 4922/3776 4921/3775 
f 4895/3731 4921/3775 4923/3777 4896/3732 
f 4413/3735 4411/3778 4921/3775 4895/3731 
f 4924/3780 4925/3781 771/460 4926/3782 
f 4927/3783 4928/3784 4925/3781 4924/3780 
f 4401/3785 4924/3780 4926/3782 4402/3786 
f 4405/3787 4927/3783 4924/3780 4401/3785 
f 4929/3788 4930/3789 772/461 4931/3790 
f 4559/3791 4560/3792 4930/3789 4929/3788 
f 4932/3793 4929/3788 4931/3790 4933/3794 
f 4561/3795 4559/3791 4929/3788 4932/3793 
f 4934/3796 4935/3797 769/458 4936/3798 
f 4900/3741 4901/3742 4935/3797 4934/3796 
f 4549/3799 4934/3796 4936/3798 4550/3800 
f 4553/3743 4900/3741 4934/3796 4549/3799 
f 4937/3801 4938/3802 774/463 4939/3803 
f 4403/3804 4404/3805 4938/3802 4937/3801 
f 4927/3783 4937/3801 4939/3803 4928/3784 
f 4405/3787 4403/3804 4937/3801 4927/3783 
f 4940/3806 4941/3807 775/464 4942/3808 
f 4943/3809 4944/3810 4941/3807 4940/3806 
f 4393/3811 4940/3806 4942/3808 4394/3812 
f 4397/3813 4943/3809 4940/3806 4393/3811 
f 4945/3814 4946/3815 776/465 4947/3816 
f 4567/3817 4568/3818 4946/3815 4945/3814 
f 4948/3819 4945/3814 4947/3816 4949/3820 
f 4569/3821 4567/3817 4945/3814 4948/3819 
f 4950/3822 4951/3823 773/462 4952/3824 
f 4932/3793 4933/3794 4951/3823 4950/3822 
f 4557/3825 4950/3822 4952/3824 4558/3826 
f 4561/3795 4932/3793 4950/3822 4557/3825 
f 4953/3827 4954/3828 778/467 4955/3829 
f 4395/3830 4396/3831 4954/3828 4953/3827 
f 4943/3832 4953/3827 4955/3829 4944/3833 
f 4397/3834 4395/3830 4953/3827 4943/3832 
f 4956/3835 4957/3836 779/468 4958/3837 
f 4959/3838 4960/3839 4957/3836 4956/3835 
f 4385/3840 4956/3835 4958/3837 4386/3841 
f 4389/3842 4959/3838 4956/3835 4385/3840 
f 4961/3843 4962/3844 780/469 4963/3845 
f 4575/3846 4576/3847 4962/3844 4961/3843 
f 4964/3848 4961/3843 4963/3845 4965/3849 
f 4577/3850 4575/3846 4961/3843 4964/3848 
f 4966/3851 4967/3852 777/466 4968/3853 
f 4948/3854 4949/3855 4967/3852 4966/3851 
f 4565/3856 4966/3851 4968/3853 4566/3857 
f 4569/3858 4948/3854 4966/3851 4565/3856 
f 4969/3859 4970/3860 782/471 4971/3861 
f 4387/3862 4388/3863 4970/3860 4969/3859 
f 4959/3838 4969/3859 4971/3861 4960/3839 
f 4389/3842 4387/3862 4969/3859 4959/3838 
f 4972/3864 4973/3865 783/472 4974/3866 
f 4845/3642 4846/3643 4973/3865 4972/3864 
f 4377/3867 4972/3864 4974/3866 4378/3868 
f 4381/3644 4845/3642 4972/3864 4377/3867 
f 4975/3869 4976/3870 784/473 4977/3871 
f 4583/3872 4584/3873 4976/3870 4975/3869 
f 4840/3632 4975/3869 4977/3871 4841/3633 
f 4585/3636 4583/3872 4975/3869 4840/3632 
f 4978/3874 4979/3875 781/470 4980/3876 
f 4964/3848 4965/3849 4979/3875 4978/3874 
f 4573/3877 4978/3874 4980/3876 4574/3878 
f 4577/3850 4964/3848 4978/3874 4573/3877 
f 4981/3879 4982/3880 786/475 4983/3881 
f 4639/3882 4640/3883 4982/3880 4981/3879 
f 4911/3757 4981/3879 4983/3881 4912/3758 
f 4641/3761 4639/3882 4981/3879 4911/3757 
f 4984/3884 4985/3885 787/476 4986/3886 
f 4987/3887 4988/3888 4985/3885 4984/3884 
f 4629/3889 4984/3884 4986/3886 4630/3890 
f 4633/3891 4987/3887 4984/3884 4629/3889 
f 4989/3892 4990/3893 788/477 4991/3894 
f 4443/3895 4444/3896 4990/3893 4989/3892 
f 4992/3897 4989/3892 4991/3894 4993/3898 
f 4445/3899 4443/3895 4989/3892 4992/3897 
f 4994/3900 4995/3901 785/474 4996/3902 
f 4916/3767 4917/3768 4995/3901 4994/3900 
f 4433/3903 4994/3900 4996/3902 4434/3904 
f 4437/3769 4916/3767 4994/3900 4433/3903 
f 4997/3905 4998/3906 790/479 4999/3907 
f 4631/3908 4632/3909 4998/3906 4997/3905 
f 4987/3887 4997/3905 4999/3907 4988/3888 
f 4633/3891 4631/3908 4997/3905 4987/3887 
f 5000/3910 5001/3911 791/480 5002/3912 
f 5003/3913 5004/3914 5001/3911 5000/3910 
f 4621/3915 5000/3910 5002/3912 4622/3916 
f 4625/3917 5003/3913 5000/3910 4621/3915 
f 5005/3918 5006/3919 792/481 5007/3920 
f 4451/3921 4452/3922 5006/3919 5005/3918 
f 5008/3923 5005/3918 5007/3920 5009/3924 
f 4453/3925 4451/3921 5005/3918 5008/3923 
f 5010/3926 5011/3927 789/478 5012/3928 
f 4992/3897 4993/3898 5011/3927 5010/3926 
f 4441/3929 5010/3926 5012/3928 4442/3930 
f 4445/3899 4992/3897 5010/3926 4441/3929 
f 5013/3931 5014/3932 794/483 5015/3933 
f 4623/3934 4624/3935 5014/3932 5013/3931 
f 5003/3936 5013/3931 5015/3933 5004/3937 
f 4625/3938 4623/3934 5013/3931 5003/3936 
f 5016/3939 5017/3940 795/484 5018/3941 
f 5019/3942 5020/3943 5017/3940 5016/3939 
f 4613/3944 5016/3939 5018/3941 4614/3945 
f 4617/3946 5019/3942 5016/3939 4613/3944 
f 5021/3947 5022/3948 796/485 5023/3949 
f 4459/3950 4460/3951 5022/3948 5021/3947 
f 5024/3952 5021/3947 5023/3949 5025/3953 
f 4461/3954 4459/3950 5021/3947 5024/3952 
f 5026/3955 5027/3956 793/482 5028/3957 
f 5008/3958 5009/3959 5027/3956 5026/3955 
f 4449/3960 5026/3955 5028/3957 4450/3961 
f 4453/3962 5008/3958 5026/3955 4449/3960 
f 5029/3963 5030/3964 798/487 5031/3965 
f 4615/3966 4616/3967 5030/3964 5029/3963 
f 5019/3942 5029/3963 5031/3965 5020/3943 
f 4617/3946 4615/3966 5029/3963 5019/3942 
f 5032/3968 5033/3969 799/488 5034/3970 
f 4878/3698 4879/3699 5033/3969 5032/3968 
f 4605/3971 5032/3968 5034/3970 4606/3972 
f 4609/3700 4878/3698 5032/3968 4605/3971 
f 5035/3973 5036/3974 800/489 5037/3975 
f 4467/3976 4468/3977 5036/3974 5035/3973 
f 4873/3688 5035/3973 5037/3975 4874/3689 
f 4469/3692 4467/3976 5035/3973 4873/3688 
f 5038/3978 5039/3979 797/486 5040/3980 
f 5024/3952 5025/3953 5039/3979 5038/3978 
f 4457/3981 5038/3978 5040/3980 4458/3982 
f 4461/3954 5024/3952 5038/3978 4457/3981 
f 5041/3983 5042/3984 802/491 5043/3985 
f 4773/3986 4774/3987 5042/3984 5041/3983 
f 4300/3026 5041/3983 5043/3985 4301/3027 
f 4304/3030 4773/3986 5041/3983 4300/3026 
f 5044/3988 5045/3989 803/492 5046/3990 
f 5047/3991 5048/3992 5045/3989 5044/3988 
f 4765/3993 5044/3988 5046/3990 4766/3994 
f 4769/3995 5047/3991 5044/3988 4765/3993 
f 5049/3996 5050/3997 804/493 5051/3998 
f 4339/3999 4340/4000 5050/3997 5049/3996 
f 5052/4001 5049/3996 5051/3998 5053/4002 
f 4341/4003 4339/3999 5049/3996 5052/4001 
f 5054/4004 5055/4005 801/490 5056/4006 
f 4310/3036 4311/3037 5055/4005 5054/4004 
f 4332/4007 5054/4004 5056/4006 4333/4008 
f 4312/3038 4310/3036 5054/4004 4332/4007 
f 5057/4009 5058/4010 806/495 5059/4011 
f 4513/4012 4514/4013 5058/4010 5057/4009 
f 4316/3042 5057/4009 5059/4011 4317/3043 
f 4320/3046 4513/4012 5057/4009 4316/3042 
f 5060/4014 5061/4015 807/496 5062/4016 
f 5063/4017 5064/4018 5061/4015 5060/4014 
f 4505/4019 5060/4014 5062/4016 4506/4020 
f 4509/4021 5063/4017 5060/4014 4505/4019 
f 5065/4022 5066/4023 808/497 5067/4024 
f 4785/4025 4786/4026 5066/4023 5065/4022 
f 5068/4027 5065/4022 5067/4024 5069/4028 
f 4787/4029 4785/4025 5065/4022 5068/4027 
f 5070/4030 5071/4031 805/494 5072/4032 
f 4326/3052 4327/3053 5071/4031 5070/4030 
f 4778/4033 5070/4030 5072/4032 4779/4034 
f 4328/3054 4326/3052 5070/4030 4778/4033 
f 5073/4035 5074/4036 810/499 5075/4037 
f 4767/4038 4768/4039 5074/4036 5073/4035 
f 5047/3991 5073/4035 5075/4037 5048/3992 
f 4769/3995 4767/4038 5073/4035 5047/3991 
f 5076/4040 5077/4041 811/500 5078/4042 
f 5079/4043 5080/4044 5077/4041 5076/4040 
f 4757/4045 5076/4040 5078/4042 4758/4046 
f 4761/4047 5079/4043 5076/4040 4757/4045 
f 5081/4048 5082/4049 812/501 5083/4050 
f 4347/4051 4348/4052 5082/4049 5081/4048 
f 5084/4053 5081/4048 5083/4050 5085/4054 
f 4349/4055 4347/4051 5081/4048 5084/4053 
f 5086/4056 5087/4057 809/498 5088/4058 
f 5052/4001 5053/4002 5087/4057 5086/4056 
f 4337/4059 5086/4056 5088/4058 4338/4060 
f 4341/4003 5052/4001 5086/4056 4337/4059 
f 5089/4061 5090/4062 814/503 5091/4063 
f 4759/4064 4760/4065 5090/4062 5089/4061 
f 5079/4043 5089/4061 5091/4063 5080/4044 
f 4761/4047 4759/4064 5089/4061 5079/4043 
f 5092/4066 5093/4067 815/504 5094/4068 
f 5095/4069 5096/4070 5093/4067 5092/4066 
f 4749/4071 5092/4066 5094/4068 4750/4072 
f 4753/4073 5095/4069 5092/4066 4749/4071 
f 5097/4074 5098/4075 816/505 5099/4076 
f 4355/4077 4356/4078 5098/4075 5097/4074 
f 5100/4079 5097/4074 5099/4076 5101/4080 
f 4357/4081 4355/4077 5097/4074 5100/4079 
f 5102/4082 5103/4083 813/502 5104/4084 
f 5084/4053 5085/4054 5103/4083 5102/4082 
f 4345/4085 5102/4082 5104/4084 4346/4086 
f 4349/4055 5084/4053 5102/4082 4345/4085 
f 5105/4087 5106/4088 818/507 5107/4089 
f 4751/4090 4752/4091 5106/4088 5105/4087 
f 5095/4092 5105/4087 5107/4089 5096/4093 
f 4753/4094 4751/4090 5105/4087 5095/4092 
f 5108/4095 5109/4096 819/508 5110/4097 
f 5111/4098 5112/4099 5109/4096 5108/4095 
f 4741/4100 5108/4095 5110/4097 4742/4101 
f 4745/4102 5111/4098 5108/4095 4741/4100 
f 5113/4103 5114/4104 820/509 5115/4105 
f 4363/4106 4364/4107 5114/4104 5113/4103 
f 5116/4108 5113/4103 5115/4105 5117/4109 
f 4365/4110 4363/4106 5113/4103 5116/4108 
f 5118/4111 5119/4112 817/506 5120/4113 
f 5100/4114 5101/4115 5119/4112 5118/4111 
f 4353/4116 5118/4111 5120/4113 4354/4117 
f 4357/4118 5100/4114 5118/4111 4353/4116 
f 5121/4119 5122/4120 822/511 5123/4121 
f 4743/4122 4744/4123 5122/4120 5121/4119 
f 5111/4098 5121/4119 5123/4121 5112/4099 
f 4745/4102 4743/4122 5121/4119 5111/4098 
f 5124/4124 5125/4125 823/512 5126/4126 
f 4855/3658 4856/3659 5125/4125 5124/4124 
f 4733/4127 5124/4124 5126/4126 4734/4128 
f 4737/3660 4855/3658 5124/4124 4733/4127 
f 5127/4129 5128/4130 824/513 5129/4131 
f 4371/4132 4372/4133 5128/4130 5127/4129 
f 4850/3648 5127/4129 5129/4131 4851/3649 
f 4373/3652 4371/4132 5127/4129 4850/3648 
f 5130/4134 5131/4135 821/510 5132/4136 
f 5116/4108 5117/4109 5131/4135 5130/4134 
f 4361/4137 5130/4134 5132/4136 4362/4138 
f 4365/4110 5116/4108 5130/4134 4361/4137 
f 5133/4139 5134/4140 826/515 5135/4141 
f 4507/4142 4508/4143 5134/4140 5133/4139 
f 5063/4017 5133/4139 5135/4141 5064/4018 
f 4509/4021 4507/4142 5133/4139 5063/4017 
f 5136/4144 5137/4145 827/516 5138/4146 
f 5139/4147 5140/4148 5137/4145 5136/4144 
f 4497/4149 5136/4144 5138/4146 4498/4150 
f 4501/4151 5139/4147 5136/4144 4497/4149 
f 5141/4152 5142/4153 828/517 5143/4154 
f 4793/4155 4794/4156 5142/4153 5141/4152 
f 5144/4157 5141/4152 5143/4154 5145/4158 
f 4795/4159 4793/4155 5141/4152 5144/4157 
f 5146/4160 5147/4161 825/514 5148/4162 
f 5068/4027 5069/4028 5147/4161 5146/4160 
f 4783/4163 5146/4160 5148/4162 4784/4164 
f 4787/4029 5068/4027 5146/4160 4783/4163 
f 5149/4165 5150/4166 830/519 5151/4167 
f 4499/4168 4500/4169 5150/4166 5149/4165 
f 5139/4147 5149/4165 5151/4167 5140/4148 
f 4501/4151 4499/4168 5149/4165 5139/4147 
f 5152/4170 5153/4171 831/520 5154/4172 
f 5155/4173 5156/4174 5153/4171 5152/4170 
f 4489/4175 5152/4170 5154/4172 4490/4176 
f 4493/4177 5155/4173 5152/4170 4489/4175 
f 5157/4178 5158/4179 832/521 5159/4180 
f 4801/4181 4802/4182 5158/4179 5157/4178 
f 5160/4183 5157/4178 5159/4180 5161/4184 
f 4803/4185 4801/4181 5157/4178 5160/4183 
f 5162/4186 5163/4187 829/518 5164/4188 
f 5144/4157 5145/4158 5163/4187 5162/4186 
f 4791/4189 5162/4186 5164/4188 4792/4190 
f 4795/4159 5144/4157 5162/4186 4791/4189 
f 5165/4191 5166/4192 834/523 5167/4193 
f 4491/4194 4492/4195 5166/4192 5165/4191 
f 5155/4196 5165/4191 5167/4193 5156/4197 
f 4493/4198 4491/4194 5165/4191 5155/4196 
f 5168/4199 5169/4200 835/524 5170/4201 
f 5171/4202 5172/4203 5169/4200 5168/4199 
f 4481/4204 5168/4199 5170/4201 4482/4205 
f 4485/4206 5171/4202 5168/4199 4481/4204 
f 5173/4207 5174/4208 836/525 5175/4209 
f 4809/4210 4810/4211 5174/4208 5173/4207 
f 5176/4212 5173/4207 5175/4209 5177/4213 
f 4811/4214 4809/4210 5173/4207 5176/4212 
f 5178/4215 5179/4216 833/522 5180/4217 
f 5160/4218 5161/4219 5179/4216 5178/4215 
f 4799/4220 5178/4215 5180/4217 4800/4221 
f 4803/4222 5160/4218 5178/4215 4799/4220 
f 5181/4223 5182/4224 838/527 5183/4225 
f 4483/4226 4484/4227 5182/4224 5181/4223 
f 5171/4202 5181/4223 5183/4225 5172/4203 
f 4485/4206 4483/4226 5181/4223 5171/4202 
f 5184/4228 5185/4229 839/528 5186/4230 
f 4868/3682 4869/3683 5185/4229 5184/4228 
f 4473/4231 5184/4228 5186/4230 4474/4232 
f 4477/3684 4868/3682 5184/4228 4473/4231 
f 5187/4233 5188/4234 840/529 5189/4235 
f 4817/4236 4818/4237 5188/4234 5187/4233 
f 4863/3672 5187/4233 5189/4235 4864/3673 
f 4819/3676 4817/4236 5187/4233 4863/3672 
f 5190/4238 5191/4239 837/526 5192/4240 
f 5176/4212 5177/4213 5191/4239 5190/4238 
f 4807/4241 5190/4238 5192/4240 4808/4242 
f 4811/4214 5176/4212 5190/4238 4807/4241 
f 842/531 851/540 27/27 26/26 
f 845/534 855/544 851/540 842/531 
f 850/539 859/548 28/28 27/27 
f 853/542 863/552 859/548 850/539 
f 858/547 867/556 25/25 28/28 
f 861/550 871/560 867/556 858/547 
f 866/555 843/532 26/26 25/25 
f 869/558 847/536 843/532 866/555 
f 874/563 880/569 31/31 30/30 
f 871/560 861/550 880/569 874/563 
f 879/568 885/574 32/32 31/31 
f 882/571 889/578 885/574 879/568 
f 884/573 893/582 29/29 32/32 
f 887/576 897/586 893/582 884/573 
f 892/581 875/564 30/30 29/29 
f 895/584 877/566 875/564 892/581 
f 900/589 906/595 35/35 34/34 
f 897/586 887/576 906/595 900/589 
f 905/594 911/600 36/36 35/35 
f 908/597 915/604 911/600 905/594 
f 910/599 919/608 33/33 36/36 
f 913/602 923/612 919/608 910/599 
f 918/607 901/590 34/34 33/33 
f 921/610 903/592 901/590 918/607 
f 926/615 932/621 39/39 38/38 
f 923/612 913/602 932/621 926/615 
f 931/620 937/626 40/40 39/39 
f 934/623 941/630 937/626 931/620 
f 936/625 945/634 37/37 40/40 
f 939/628 949/638 945/634 936/625 
f 944/633 927/616 38/38 37/37 
f 947/636 929/618 927/616 944/633 
f 952/641 958/647 43/43 42/42 
f 949/638 939/628 958/647 952/641 
f 957/646 963/652 44/44 43/43 
f 960/649 967/656 963/652 957/646 
f 962/651 971/660 41/41 44/44 
f 965/654 975/664 971/660 962/651 
f 970/659 953/642 42/42 41/41 
f 973/662 955/644 953/642 970/659 
f 978/667 984/676 47/47 46/46 
f 975/670 965/680 984/676 978/667 
f 983/675 989/684 48/48 47/47 
f 986/678 993/688 989/684 983/675 
f 988/683 997/692 45/45 48/48 
f 991/686 1001/696 997/692 988/683 
f 996/691 979/668 46/46 45/45 
f 999/694 981/672 979/668 996/691 
f 1004/699 1010/705 51/51 50/50 
f 1001/696 991/686 1010/705 1004/699 
f 1009/704 1015/710 52/52 51/51 
f 1012/707 1019/714 1015/710 1009/704 
f 1014/709 1023/718 49/49 52/52 
f 1017/712 1027/722 1023/718 1014/709 
f 1022/717 1005/700 50/50 49/49 
f 1025/720 1007/702 1005/700 1022/717 
f 1030/725 1036/731 55/55 54/54 
f 1027/722 1017/712 1036/731 1030/725 
f 1035/730 1041/736 56/56 55/55 
f 1038/733 1045/740 1041/736 1035/730 
f 1040/735 1049/744 53/53 56/56 
f 1043/738 1053/748 1049/744 1040/735 
f 1048/743 1031/726 54/54 53/53 
f 1051/746 1033/728 1031/726 1048/743 
f 1056/751 1062/757 59/59 58/58 
f 1053/748 1043/738 1062/757 1056/751 
f 1061/756 1067/762 60/60 59/59 
f 1064/759 1071/766 1067/762 1061/756 
f 1066/761 1075/770 57/57 60/60 
f 1069/764 1079/774 1075/770 1066/761 
f 1074/769 1057/752 58/58 57/57 
f 1077/772 1059/754 1057/752 1074/769 
f 1082/777 1088/783 63/63 62/62 
f 1079/774 1069/764 1088/783 1082/777 
f 1087/782 1093/788 64/64 63/63 
f 1090/785 1097/792 1093/788 1087/782 
f 1092/787 1101/796 61/61 64/64 
f 1095/790 1105/800 1101/796 1092/787 
f 1100/795 1083/778 62/62 61/61 
f 1103/798 1085/780 1083/778 1100/795 
f 1108/803 1114/809 67/67 66/66 
f 1105/800 1095/790 1114/809 1108/803 
f 1113/808 1119/814 68/68 67/67 
f 1116/811 1123/818 1119/814 1113/808 
f 1118/813 1127/822 65/65 68/68 
f 1121/816 1131/826 1127/822 1118/813 
f 1126/821 1109/804 66/66 65/65 
f 1129/824 1111/806 1109/804 1126/821 
f 1134/829 1140/835 71/71 70/70 
f 1131/826 1121/816 1140/835 1134/829 
f 1139/834 1145/840 72/72 71/71 
f 1142/837 1149/844 1145/840 1139/834 
f 1144/839 1153/848 69/69 72/72 
f 1147/842 1157/852 1153/848 1144/839 
f 1152/847 1135/830 70/70 69/69 
f 1155/850 1137/832 1135/830 1152/847 
f 1160/855 1166/861 75/75 74/74 
f 1157/852 1147/842 1166/861 1160/855 
f 1165/860 1171/866 76/76 75/75 
f 1168/863 1175/870 1171/866 1165/860 
f 1170/865 1179/874 73/73 76/76 
f 1173/868 1183/878 1179/874 1170/865 
f 1178/873 1161/856 74/74 73/73 
f 1181/876 1163/858 1161/856 1178/873 
f 1186/881 1192/887 79/79 78/78 
f 1183/878 1173/868 1192/887 1186/881 
f 1191/886 1197/892 80/80 79/79 
f 1194/889 1201/896 1197/892 1191/886 
f 1196/891 1205/900 77/77 80/80 
f 1199/894 1209/904 1205/900 1196/891 
f 1204/899 1187/882 78/78 77/77 
f 1207/902 1189/884 1187/882 1204/899 
f 1212/907 1218/913 83/83 82/82 
f 1209/904 1199/894 1218/913 1212/907 
f 1217/912 1223/918 84/84 83/83 
f 1220/915 1227/922 1223/918 1217/912 
f 1222/917 1231/926 81/81 84/84 
f 1225/920 1235/930 1231/926 1222/917 
f 1230/925 1213/908 82/82 81/81 
f 1233/928 1215/910 1213/908 1230/925 
f 1238/933 1244/942 87/87 86/86 
f 1235/936 1225/946 1244/942 1238/933 
f 1243/941 1249/950 88/88 87/87 
f 1246/944 1253/954 1249/950 1243/941 
f 1248/949 1257/958 85/85 88/88 
f 1251/952 1261/962 1257/958 1248/949 
f 1256/957 1239/934 86/86 85/85 
f 1259/960 1241/938 1239/934 1256/957 
f 1264/965 1270/971 91/91 90/90 
f 1261/962 1251/952 1270/971 1264/965 
f 1269/970 1275/976 92/92 91/91 
f 1272/973 1279/980 1275/976 1269/970 
f 1274/975 1283/984 89/89 92/92 
f 1277/978 1287/988 1283/984 1274/975 
f 1282/983 1265/966 90/90 89/89 
f 1285/986 1267/968 1265/966 1282/983 
f 1290/991 1296/997 95/95 94/94 
f 1287/988 1277/978 1296/997 1290/991 
f 1295/996 1301/1002 96/96 95/95 
f 1298/999 1305/1006 1301/1002 1295/996 
f 1300/1001 1309/1010 93/93 96/96 
f 1303/1004 1313/1014 1309/1010 1300/1001 
f 1308/1009 1291/992 94/94 93/93 
f 1311/1012 1293/994 1291/992 1308/1009 
f 1316/1017 1322/1023 99/99 98/98 
f 1313/1014 1303/1004 1322/1023 1316/1017 
f 1321/1022 1327/1028 100/100 99/99 
f 1324/1025 1331/1032 1327/1028 1321/1022 
f 1326/1027 1335/1036 97/97 100/100 
f 1329/1030 1339/1040 1335/1036 1326/1027 
f 1334/1035 1317/1018 98/98 97/97 
f 1337/1038 1319/1020 1317/1018 1334/1035 
f 1342/1043 1348/1049 103/103 102/102 
f 1339/1040 1329/1030 1348/1049 1342/1043 
f 1347/1048 1353/1054 104/104 103/103 
f 1350/1051 1357/1058 1353/1054 1347/1048 
f 1352/1053 1361/1062 101/101 104/104 
f 1355/1056 1365/1066 1361/1062 1352/1053 
f 1360/1061 1343/1044 102/102 101/101 
f 1363/1064 1345/1046 1343/1044 1360/1061 
f 1368/1069 1374/1075 107/107 106/106 
f 1365/1066 1355/1056 1374/1075 1368/1069 
f 1373/1074 1379/1080 108/108 107/107 
f 1376/1077 1383/1084 1379/1080 1373/1074 
f 1378/1079 1387/1088 105/105 108/108 
f 1381/1082 1391/1092 1387/1088 1378/1079 
f 1386/1087 1369/1070 106/106 105/105 
f 1389/1090 1371/1072 1369/1070 1386/1087 
f 1394/1095 1403/1104 111/111 110/110 
f 1397/1098 1407/1108 1403/1104 1394/1095 
f 1402/1103 1411/1112 112/112 111/111 
f 1405/1106 1415/1116 1411/1112 1402/1103 
f 1410/1111 1419/1120 109/109 112/112 
f 1413/1114 1423/1124 1419/1120 1410/1111 
f 1418/1119 1395/1096 110/110 109/109 
f 1421/1122 1399/1100 1395/1096 1418/1119 
f 1426/1127 1430/1136 118/118 117/117 
f 1371/1130 1389/1140 1430/1136 1426/1127 
f 1429/1135 1435/1144 120/120 118/118 
f 1432/1138 1437/1148 1435/1144 1429/1135 
f 1434/1143 1440/1152 119/119 120/120 
f 1399/1146 1421/1156 1440/1152 1434/1143 
f 1439/1151 1445/1160 121/121 119/119 
f 1442/1154 1447/1164 1445/1160 1439/1151 
f 1444/1159 1450/1168 122/122 121/121 
f 847/1162 869/1172 1450/1168 1444/1159 
f 1449/1167 1453/1176 124/124 122/122 
f 877/1170 895/1180 1453/1176 1449/1167 
f 1452/1175 1456/1184 123/123 124/124 
f 903/1178 921/1188 1456/1184 1452/1175 
f 1455/1183 1459/1192 126/126 123/123 
f 929/1186 947/1196 1459/1192 1455/1183 
f 1458/1191 1462/1200 127/127 126/126 
f 955/1194 973/1204 1462/1200 1458/1191 
f 1461/1199 1465/1208 129/129 127/127 
f 981/1202 999/1212 1465/1208 1461/1199 
f 1464/1207 1468/1216 128/128 129/129 
f 1007/1210 1025/1220 1468/1216 1464/1207 
f 1467/1215 1471/1224 130/130 128/128 
f 1033/1218 1051/1228 1471/1224 1467/1215 
f 1470/1223 1474/1232 131/131 130/130 
f 1059/1226 1077/1236 1474/1232 1470/1223 
f 1473/1231 1477/1240 132/132 131/131 
f 1085/1234 1103/1244 1477/1240 1473/1231 
f 1476/1239 1480/1248 125/125 132/132 
f 1111/1242 1129/1252 1480/1248 1476/1239 
f 1479/1247 1483/1256 133/133 125/125 
f 1137/1250 1155/1260 1483/1256 1479/1247 
f 1482/1255 1486/1264 134/134 133/133 
f 1163/1258 1181/1268 1486/1264 1482/1255 
f 1485/1263 1489/1272 135/135 134/134 
f 1189/1266 1207/1276 1489/1272 1485/1263 
f 1488/1271 1492/1280 116/116 135/135 
f 1215/1274 1233/1284 1492/1280 1488/1271 
f 1491/1279 1495/1288 136/136 116/116 
f 1241/1282 1259/1292 1495/1288 1491/1279 
f 1494/1287 1498/1296 113/113 136/136 
f 1267/1290 1285/1300 1498/1296 1494/1287 
f 1497/1295 1501/1304 114/114 113/113 
f 1293/1298 1311/1308 1501/1304 1497/1295 
f 1500/1303 1504/1312 115/115 114/114 
f 1319/1306 1337/1316 1504/1312 1500/1303 
f 1503/1311 1427/1128 117/117 115/115 
f 1345/1314 1363/1132 1427/1128 1503/1311 
f 1506/1319 1510/1328 142/142 141/141 
f 1357/1322 1350/1332 1510/1328 1506/1319 
f 1509/1327 1513/1336 144/144 142/142 
f 1331/1330 1324/1340 1513/1336 1509/1327 
f 1512/1335 1516/1344 143/143 144/144 
f 1305/1338 1298/1348 1516/1344 1512/1335 
f 1515/1343 1519/1352 145/145 143/143 
f 1279/1346 1272/1356 1519/1352 1515/1343 
f 1518/1351 1522/1360 146/146 145/145 
f 1253/1354 1246/1364 1522/1360 1518/1351 
f 1521/1359 1525/1368 148/148 146/146 
f 1227/1362 1220/1372 1525/1368 1521/1359 
f 1524/1367 1528/1376 147/147 148/148 
f 1201/1370 1194/1380 1528/1376 1524/1367 
f 1527/1375 1531/1384 149/149 147/147 
f 1175/1378 1168/1388 1531/1384 1527/1375 
f 1530/1383 1534/1392 150/150 149/149 
f 1149/1386 1142/1396 1534/1392 1530/1383 
f 1533/1391 1537/1400 152/152 150/150 
f 1123/1394 1116/1404 1537/1400 1533/1391 
f 1536/1399 1540/1408 151/151 152/152 
f 1097/1402 1090/1412 1540/1408 1536/1399 
f 1539/1407 1543/1416 153/153 151/151 
f 1071/1410 1064/1420 1543/1416 1539/1407 
f 1542/1415 1546/1424 154/154 153/153 
f 1045/1418 1038/1428 1546/1424 1542/1415 
f 1545/1423 1549/1432 156/156 154/154 
f 1019/1426 1012/1436 1549/1432 1545/1423 
f 1548/1431 1552/1440 155/155 156/156 
f 993/1434 986/1444 1552/1440 1548/1431 
f 1551/1439 1555/1448 157/157 155/155 
f 967/1442 960/1452 1555/1448 1551/1439 
f 1554/1447 1558/1456 158/158 157/157 
f 941/1450 934/1460 1558/1456 1554/1447 
f 1557/1455 1561/1464 159/159 158/158 
f 915/1458 908/1468 1561/1464 1557/1455 
f 1560/1463 1564/1472 140/140 159/159 
f 889/1466 882/1476 1564/1472 1560/1463 
f 1563/1471 1567/1480 160/160 140/140 
f 863/1474 853/1484 1567/1480 1563/1471 
f 1566/1479 1572/1488 137/137 160/160 
f 1569/1482 1574/1492 1572/1488 1566/1479 
f 1571/1487 1577/1496 138/138 137/137 
f 1415/1490 1405/1500 1577/1496 1571/1487 
f 1576/1495 1582/1504 139/139 138/138 
f 1579/1498 1584/1508 1582/1504 1576/1495 
f 1581/1503 1507/1320 141/141 139/139 
f 1383/1506 1376/1324 1507/1320 1581/1503 
f 1586/1511 1590/1517 163/163 162/162 
f 855/544 845/534 1590/1517 1586/1511 
f 1589/1516 1593/1522 164/164 163/163 
f 1447/1519 1442/1526 1593/1522 1589/1516 
f 1592/1521 1596/1530 161/161 164/164 
f 1423/1524 1413/1534 1596/1530 1592/1521 
f 1595/1529 1587/1512 162/162 161/161 
f 1574/1532 1569/1514 1587/1512 1595/1529 
f 1598/1537 1602/1546 167/167 166/166 
f 1391/1540 1381/1550 1602/1546 1598/1537 
f 1601/1545 1605/1554 168/168 167/167 
f 1584/1548 1579/1556 1605/1554 1601/1545 
f 1604/1553 1608/1559 165/165 168/168 
f 1407/1108 1397/1098 1608/1559 1604/1553 
f 1607/1558 1599/1538 166/166 165/165 
f 1437/1561 1432/1542 1599/1538 1607/1558 
f 1610/532 1619/555 171/25 170/26 
f 1613/536 1623/558 1619/555 1610/532 
f 1618/556 1627/547 172/28 171/25 
f 1621/560 1631/550 1627/547 1618/556 
f 1626/548 1635/539 169/27 172/28 
f 1629/552 1639/542 1635/539 1626/548 
f 1634/540 1611/531 170/26 169/27 
f 1637/544 1615/534 1611/531 1634/540 
f 1642/564 1648/581 175/29 174/30 
f 1645/566 1652/584 1648/581 1642/564 
f 1647/582 1656/573 176/32 175/29 
f 1650/586 1660/576 1656/573 1647/582 
f 1655/574 1664/568 173/31 176/32 
f 1658/578 1666/571 1664/568 1655/574 
f 1663/569 1643/563 174/30 173/31 
f 1631/550 1621/560 1643/563 1663/569 
f 1668/590 1674/607 179/33 178/34 
f 1671/592 1678/610 1674/607 1668/590 
f 1673/608 1682/599 180/36 179/33 
f 1676/612 1686/602 1682/599 1673/608 
f 1681/600 1690/594 177/35 180/36 
f 1684/604 1692/597 1690/594 1681/600 
f 1689/595 1669/589 178/34 177/35 
f 1660/576 1650/586 1669/589 1689/595 
f 1694/616 1700/633 183/37 182/38 
f 1697/618 1704/636 1700/633 1694/616 
f 1699/634 1708/625 184/40 183/37 
f 1702/638 1712/628 1708/625 1699/634 
f 1707/626 1716/620 181/39 184/40 
f 1710/630 1718/623 1716/620 1707/626 
f 1715/621 1695/615 182/38 181/39 
f 1686/602 1676/612 1695/615 1715/621 
f 1720/642 1726/659 187/41 186/42 
f 1723/644 1730/662 1726/659 1720/642 
f 1725/660 1734/651 188/44 187/41 
f 1728/664 1738/654 1734/651 1725/660 
f 1733/652 1742/646 185/43 188/44 
f 1736/656 1744/649 1742/646 1733/652 
f 1741/647 1721/641 186/42 185/43 
f 1712/628 1702/638 1721/641 1741/647 
f 1746/668 1752/691 191/45 190/46 
f 1749/672 1756/694 1752/691 1746/668 
f 1751/692 1760/683 192/48 191/45 
f 1754/696 1764/686 1760/683 1751/692 
f 1759/684 1768/675 189/47 192/48 
f 1762/688 1770/678 1768/675 1759/684 
f 1767/676 1747/667 190/46 189/47 
f 1738/680 1728/670 1747/667 1767/676 
f 1772/700 1778/717 195/49 194/50 
f 1775/702 1782/720 1778/717 1772/700 
f 1777/718 1786/709 196/52 195/49 
f 1780/722 1790/712 1786/709 1777/718 
f 1785/710 1794/704 193/51 196/52 
f 1788/714 1796/707 1794/704 1785/710 
f 1793/705 1773/699 194/50 193/51 
f 1764/686 1754/696 1773/699 1793/705 
f 1798/726 1804/743 199/53 198/54 
f 1801/728 1808/746 1804/743 1798/726 
f 1803/744 1812/735 200/56 199/53 
f 1806/748 1816/738 1812/735 1803/744 
f 1811/736 1820/730 197/55 200/56 
f 1814/740 1822/733 1820/730 1811/736 
f 1819/731 1799/725 198/54 197/55 
f 1790/712 1780/722 1799/725 1819/731 
f 1824/752 1830/769 203/57 202/58 
f 1827/754 1834/772 1830/769 1824/752 
f 1829/770 1838/761 204/60 203/57 
f 1832/774 1842/764 1838/761 1829/770 
f 1837/762 1846/756 201/59 204/60 
f 1840/766 1848/759 1846/756 1837/762 
f 1845/757 1825/751 202/58 201/59 
f 1816/738 1806/748 1825/751 1845/757 
f 1850/778 1856/795 207/61 206/62 
f 1853/780 1860/798 1856/795 1850/778 
f 1855/796 1864/787 208/64 207/61 
f 1858/800 1868/790 1864/787 1855/796 
f 1863/788 1872/782 205/63 208/64 
f 1866/792 1874/785 1872/782 1863/788 
f 1871/783 1851/777 206/62 205/63 
f 1842/764 1832/774 1851/777 1871/783 
f 1876/804 1882/821 211/65 210/66 
f 1879/806 1886/824 1882/821 1876/804 
f 1881/822 1890/813 212/68 211/65 
f 1884/826 1894/816 1890/813 1881/822 
f 1889/814 1898/808 209/67 212/68 
f 1892/818 1900/811 1898/808 1889/814 
f 1897/809 1877/803 210/66 209/67 
f 1868/790 1858/800 1877/803 1897/809 
f 1902/830 1908/847 215/69 214/70 
f 1905/832 1912/850 1908/847 1902/830 
f 1907/848 1916/839 216/72 215/69 
f 1910/852 1920/842 1916/839 1907/848 
f 1915/840 1924/834 213/71 216/72 
f 1918/844 1926/837 1924/834 1915/840 
f 1923/835 1903/829 214/70 213/71 
f 1894/816 1884/826 1903/829 1923/835 
f 1928/856 1934/873 219/73 218/74 
f 1931/858 1938/876 1934/873 1928/856 
f 1933/874 1942/865 220/76 219/73 
f 1936/878 1946/868 1942/865 1933/874 
f 1941/866 1950/860 217/75 220/76 
f 1944/870 1952/863 1950/860 1941/866 
f 1949/861 1929/855 218/74 217/75 
f 1920/842 1910/852 1929/855 1949/861 
f 1954/882 1960/899 223/77 222/78 
f 1957/884 1964/902 1960/899 1954/882 
f 1959/900 1968/891 224/80 223/77 
f 1962/904 1972/894 1968/891 1959/900 
f 1967/892 1976/886 221/79 224/80 
f 1970/896 1978/889 1976/886 1967/892 
f 1975/887 1955/881 222/78 221/79 
f 1946/868 1936/878 1955/881 1975/887 
f 1980/908 1986/925 227/81 226/82 
f 1983/910 1990/928 1986/925 1980/908 
f 1985/926 1994/917 228/84 227/81 
f 1988/930 1998/920 1994/917 1985/926 
f 1993/918 2002/912 225/83 228/84 
f 1996/922 2004/915 2002/912 1993/918 
f 2001/913 1981/907 226/82 225/83 
f 1972/894 1962/904 1981/907 2001/913 
f 2006/934 2012/957 231/85 230/86 
f 2009/938 2016/960 2012/957 2006/934 
f 2011/958 2020/949 232/88 231/85 
f 2014/962 2024/952 2020/949 2011/958 
f 2019/950 2028/941 229/87 232/88 
f 2022/954 2030/944 2028/941 2019/950 
f 2027/942 2007/933 230/86 229/87 
f 1998/946 1988/936 2007/933 2027/942 
f 2032/966 2038/983 235/89 234/90 
f 2035/968 2042/986 2038/983 2032/966 
f 2037/984 2046/975 236/92 235/89 
f 2040/988 2050/978 2046/975 2037/984 
f 2045/976 2054/970 233/91 236/92 
f 2048/980 2056/973 2054/970 2045/976 
f 2053/971 2033/965 234/90 233/91 
f 2024/952 2014/962 2033/965 2053/971 
f 2058/992 2064/1009 239/93 238/94 
f 2061/994 2068/1012 2064/1009 2058/992 
f 2063/1010 2072/1001 240/96 239/93 
f 2066/1014 2076/1004 2072/1001 2063/1010 
f 2071/1002 2080/996 237/95 240/96 
f 2074/1006 2082/999 2080/996 2071/1002 
f 2079/997 2059/991 238/94 237/95 
f 2050/978 2040/988 2059/991 2079/997 
f 2084/1018 2090/1035 243/97 242/98 
f 2087/1020 2094/1038 2090/1035 2084/1018 
f 2089/1036 2098/1027 244/100 243/97 
f 2092/1040 2102/1030 2098/1027 2089/1036 
f 2097/1028 2106/1022 241/99 244/100 
f 2100/1032 2108/1025 2106/1022 2097/1028 
f 2105/1023 2085/1017 242/98 241/99 
f 2076/1004 2066/1014 2085/1017 2105/1023 
f 2110/1044 2116/1061 247/101 246/102 
f 2113/1046 2120/1064 2116/1061 2110/1044 
f 2115/1062 2124/1053 248/104 247/101 
f 2118/1066 2128/1056 2124/1053 2115/1062 
f 2123/1054 2132/1048 245/103 248/104 
f 2126/1058 2134/1051 2132/1048 2123/1054 
f 2131/1049 2111/1043 246/102 245/103 
f 2102/1030 2092/1040 2111/1043 2131/1049 
f 2136/1070 2142/1087 251/105 250/106 
f 2139/1072 2146/1090 2142/1087 2136/1070 
f 2141/1088 2150/1079 252/108 251/105 
f 2144/1092 2154/1082 2150/1079 2141/1088 
f 2149/1080 2158/1074 249/107 252/108 
f 2152/1084 2160/1077 2158/1074 2149/1080 
f 2157/1075 2137/1069 250/106 249/107 
f 2128/1056 2118/1066 2137/1069 2157/1075 
f 2162/1096 2171/1119 255/109 254/110 
f 2165/1100 2175/1122 2171/1119 2162/1096 
f 2170/1120 2179/1111 256/112 255/109 
f 2173/1124 2183/1114 2179/1111 2170/1120 
f 2178/1112 2187/1103 253/111 256/112 
f 2181/1116 2191/1106 2187/1103 2178/1112 
f 2186/1104 2163/1095 254/110 253/111 
f 2189/1108 2167/1098 2163/1095 2186/1104 
f 2194/1128 2198/1311 262/115 261/117 
f 2120/1132 2113/1314 2198/1311 2194/1128 
f 2197/1312 2201/1303 264/114 262/115 
f 2094/1316 2087/1306 2201/1303 2197/1312 
f 2200/1304 2204/1295 263/113 264/114 
f 2068/1308 2061/1298 2204/1295 2200/1304 
f 2203/1296 2207/1287 265/136 263/113 
f 2042/1300 2035/1290 2207/1287 2203/1296 
f 2206/1288 2210/1279 266/116 265/136 
f 2016/1292 2009/1282 2210/1279 2206/1288 
f 2209/1280 2213/1271 268/135 266/116 
f 1990/1284 1983/1274 2213/1271 2209/1280 
f 2212/1272 2216/1263 267/134 268/135 
f 1964/1276 1957/1266 2216/1263 2212/1272 
f 2215/1264 2219/1255 269/133 267/134 
f 1938/1268 1931/1258 2219/1255 2215/1264 
f 2218/1256 2222/1247 270/125 269/133 
f 1912/1260 1905/1250 2222/1247 2218/1256 
f 2221/1248 2225/1239 272/132 270/125 
f 1886/1252 1879/1242 2225/1239 2221/1248 
f 2224/1240 2228/1231 271/131 272/132 
f 1860/1244 1853/1234 2228/1231 2224/1240 
f 2227/1232 2231/1223 273/130 271/131 
f 1834/1236 1827/1226 2231/1223 2227/1232 
f 2230/1224 2234/1215 274/128 273/130 
f 1808/1228 1801/1218 2234/1215 2230/1224 
f 2233/1216 2237/1207 276/129 274/128 
f 1782/1220 1775/1210 2237/1207 2233/1216 
f 2236/1208 2240/1199 275/127 276/129 
f 1756/1212 1749/1202 2240/1199 2236/1208 
f 2239/1200 2243/1191 277/126 275/127 
f 1730/1204 1723/1194 2243/1191 2239/1200 
f 2242/1192 2246/1183 278/123 277/126 
f 1704/1196 1697/1186 2246/1183 2242/1192 
f 2245/1184 2249/1175 279/124 278/123 
f 1678/1188 1671/1178 2249/1175 2245/1184 
f 2248/1176 2252/1167 260/122 279/124 
f 1652/1180 1645/1170 2252/1167 2248/1176 
f 2251/1168 2255/1159 280/121 260/122 
f 1623/1172 1613/1162 2255/1159 2251/1168 
f 2254/1160 2260/1151 257/119 280/121 
f 2257/1164 2262/1154 2260/1151 2254/1160 
f 2259/1152 2265/1143 258/120 257/119 
f 2175/1156 2165/1146 2265/1143 2259/1152 
f 2264/1144 2270/1135 259/118 258/120 
f 2267/1148 2272/1138 2270/1135 2264/1144 
f 2269/1136 2195/1127 261/117 259/118 
f 2146/1140 2139/1130 2195/1127 2269/1136 
f 2274/1320 2278/1503 286/169 285/141 
f 2160/1324 2152/1506 2278/1503 2274/1320 
f 2277/1562 2283/1495 288/138 286/169 
f 2280/1508 2285/1498 2283/1495 2277/1562 
f 2282/1496 2288/1487 287/137 288/138 
f 2191/1500 2181/1490 2288/1487 2282/1496 
f 2287/1488 2293/1479 289/160 287/137 
f 2290/1492 2295/1482 2293/1479 2287/1488 
f 2292/1480 2298/1471 290/140 289/160 
f 1639/1484 1629/1474 2298/1471 2292/1480 
f 2297/1472 2301/1463 292/159 290/140 
f 1666/1476 1658/1466 2301/1463 2297/1472 
f 2300/1464 2304/1455 291/158 292/159 
f 1692/1468 1684/1458 2304/1455 2300/1464 
f 2303/1456 2307/1447 294/157 291/158 
f 1718/1460 1710/1450 2307/1447 2303/1456 
f 2306/1448 2310/1439 295/155 294/157 
f 1744/1452 1736/1442 2310/1439 2306/1448 
f 2309/1440 2313/1431 297/156 295/155 
f 1770/1444 1762/1434 2313/1431 2309/1440 
f 2312/1432 2316/1423 296/154 297/156 
f 1796/1436 1788/1426 2316/1423 2312/1432 
f 2315/1424 2319/1415 298/153 296/154 
f 1822/1428 1814/1418 2319/1415 2315/1424 
f 2318/1416 2322/1407 299/151 298/153 
f 1848/1420 1840/1410 2322/1407 2318/1416 
f 2321/1408 2325/1399 300/152 299/151 
f 1874/1412 1866/1402 2325/1399 2321/1408 
f 2324/1400 2328/1391 293/150 300/152 
f 1900/1404 1892/1394 2328/1391 2324/1400 
f 2327/1392 2331/1383 301/149 293/150 
f 1926/1396 1918/1386 2331/1383 2327/1392 
f 2330/1384 2334/1375 302/147 301/149 
f 1952/1388 1944/1378 2334/1375 2330/1384 
f 2333/1376 2337/1367 303/148 302/147 
f 1978/1380 1970/1370 2337/1367 2333/1376 
f 2336/1368 2340/1359 284/146 303/148 
f 2004/1372 1996/1362 2340/1359 2336/1368 
f 2339/1360 2343/1351 304/145 284/146 
f 2030/1364 2022/1354 2343/1351 2339/1360 
f 2342/1352 2346/1343 281/143 304/145 
f 2056/1356 2048/1346 2346/1343 2342/1352 
f 2345/1344 2349/1335 282/144 281/143 
f 2082/1348 2074/1338 2349/1335 2345/1344 
f 2348/1336 2352/1327 283/142 282/144 
f 2108/1340 2100/1330 2352/1327 2348/1336 
f 2351/1328 2275/1319 285/141 283/142 
f 2134/1332 2126/1322 2275/1319 2351/1328 
f 2354/1512 2358/1529 307/161 306/162 
f 2295/1514 2290/1532 2358/1529 2354/1512 
f 2357/1530 2361/1521 308/164 307/161 
f 2183/1534 2173/1524 2361/1521 2357/1530 
f 2360/1522 2364/1516 305/163 308/164 
f 2262/1526 2257/1519 2364/1516 2360/1522 
f 2363/1517 2355/1511 306/162 305/163 
f 1615/534 1637/544 2355/1511 2363/1517 
f 2366/1538 2370/1558 311/165 310/166 
f 2272/1542 2267/1561 2370/1558 2366/1538 
f 2369/1559 2373/1553 312/168 311/165 
f 2167/1098 2189/1108 2373/1553 2369/1559 
f 2372/1554 2376/1545 309/167 312/168 
f 2285/1556 2280/1548 2376/1545 2372/1554 
f 2375/1546 2367/1537 310/166 309/167 
f 2154/1550 2144/1540 2367/1537 2375/1546 
f 2378/1564 2387/1573 315/172 314/171 
f 2381/1567 2391/1577 2387/1573 2378/1564 
f 2386/1572 2395/1581 316/173 315/172 
f 2389/1575 2399/1585 2395/1581 2386/1572 
f 2394/1580 2403/1589 313/170 316/173 
f 2397/1583 2407/1593 2403/1589 2394/1580 
f 2402/1588 2379/1565 314/171 313/170 
f 2405/1591 2383/1569 2379/1565 2402/1588 
f 2410/1596 2419/1605 319/176 318/175 
f 2413/1599 2423/1609 2419/1605 2410/1596 
f 2418/1604 2427/1613 320/177 319/176 
f 2421/1607 2431/1617 2427/1613 2418/1604 
f 2426/1612 2435/1621 317/174 320/177 
f 2429/1615 2439/1625 2435/1621 2426/1612 
f 2434/1620 2411/1597 318/175 317/174 
f 2437/1623 2415/1601 2411/1597 2434/1620 
f 2442/1628 2451/1637 323/180 322/179 
f 2445/1631 2455/1641 2451/1637 2442/1628 
f 2450/1636 2459/1645 324/181 323/180 
f 2453/1639 2463/1649 2459/1645 2450/1636 
f 2458/1644 2467/1653 321/178 324/181 
f 2461/1647 2471/1657 2467/1653 2458/1644 
f 2466/1652 2443/1629 322/179 321/178 
f 2469/1655 2447/1633 2443/1629 2466/1652 
f 2474/1660 2483/1669 327/184 326/183 
f 2477/1663 2487/1673 2483/1669 2474/1660 
f 2482/1668 2491/1677 328/185 327/184 
f 2485/1671 2495/1681 2491/1677 2482/1668 
f 2490/1676 2499/1685 325/182 328/185 
f 2493/1679 2503/1689 2499/1685 2490/1676 
f 2498/1684 2475/1661 326/183 325/182 
f 2501/1687 2479/1665 2475/1661 2498/1684 
f 2506/1692 2512/1701 334/191 333/190 
f 2509/1695 2514/1705 2512/1701 2506/1692 
f 2511/1700 2517/1709 335/192 334/191 
f 2487/1703 2477/1713 2517/1709 2511/1700 
f 2516/1708 2522/1717 332/189 335/192 
f 2519/1711 2524/1721 2522/1717 2516/1708 
f 2521/1716 2527/1725 336/193 332/189 
f 2455/1719 2445/1729 2527/1725 2521/1716 
f 2526/1724 2532/1733 329/186 336/193 
f 2529/1727 2534/1737 2532/1733 2526/1724 
f 2531/1732 2537/1741 330/187 329/186 
f 2423/1735 2413/1745 2537/1741 2531/1732 
f 2536/1740 2542/1749 331/188 330/187 
f 2539/1743 2544/1753 2542/1749 2536/1740 
f 2541/1748 2507/1693 333/190 331/188 
f 2391/1751 2381/1697 2507/1693 2541/1748 
f 2546/1756 2552/1765 340/197 341/198 
f 2549/1759 2554/1769 2552/1765 2546/1756 
f 2551/1764 2557/1773 342/199 340/197 
f 2407/1767 2397/1777 2557/1773 2551/1764 
f 2556/1772 2562/1781 343/200 342/199 
f 2559/1775 2564/1785 2562/1781 2556/1772 
f 2561/1780 2567/1789 344/201 343/200 
f 2439/1783 2429/1793 2567/1789 2561/1780 
f 2566/1788 2572/1797 337/194 344/201 
f 2569/1791 2574/1801 2572/1797 2566/1788 
f 2571/1796 2577/1805 338/195 337/194 
f 2471/1799 2461/1809 2577/1805 2571/1796 
f 2576/1804 2582/1813 339/196 338/195 
f 2579/1807 2584/1817 2582/1813 2576/1804 
f 2581/1812 2547/1757 341/198 339/196 
f 2503/1815 2493/1761 2547/1757 2581/1812 
f 2586/1820 2590/1829 347/204 346/203 
f 2544/1823 2539/1831 2590/1829 2586/1820 
f 2589/1828 2593/1834 348/205 347/204 
f 2415/1601 2437/1623 2593/1834 2589/1828 
f 2592/1833 2596/1839 345/202 348/205 
f 2564/1836 2559/1843 2596/1839 2592/1833 
f 2595/1838 2587/1821 346/203 345/202 
f 2399/1841 2389/1825 2587/1821 2595/1838 
f 2598/1846 2602/1855 351/208 350/207 
f 2554/1849 2549/1857 2602/1855 2598/1846 
f 2601/1854 2605/1860 352/209 351/208 
f 2495/1681 2485/1671 2605/1860 2601/1854 
f 2604/1859 2608/1865 349/206 352/209 
f 2514/1862 2509/1869 2608/1865 2604/1859 
f 2607/1864 2599/1847 350/207 349/206 
f 2383/1867 2405/1851 2599/1847 2607/1864 
f 2610/1872 2614/1881 355/212 354/211 
f 2534/1875 2529/1883 2614/1881 2610/1872 
f 2613/1880 2617/1886 356/213 355/212 
f 2447/1633 2469/1655 2617/1886 2613/1880 
f 2616/1885 2620/1891 353/210 356/213 
f 2574/1888 2569/1895 2620/1891 2616/1885 
f 2619/1890 2611/1873 354/211 353/210 
f 2431/1893 2421/1877 2611/1873 2619/1890 
f 2622/1898 2626/1904 359/216 358/215 
f 2524/1901 2519/1908 2626/1904 2622/1898 
f 2625/1903 2629/1912 360/217 359/216 
f 2479/1906 2501/1916 2629/1912 2625/1903 
f 2628/1911 2632/1920 357/214 360/217 
f 2584/1914 2579/1922 2632/1920 2628/1911 
f 2631/1919 2623/1899 358/215 357/214 
f 2463/1649 2453/1639 2623/1899 2631/1919 
f 2634/1924 2643/1933 363/220 362/219 
f 2637/1927 2647/1937 2643/1933 2634/1924 
f 2642/1932 2651/1941 364/221 363/220 
f 2645/1935 2655/1945 2651/1941 2642/1932 
f 2650/1940 2659/1949 361/218 364/221 
f 2653/1943 2663/1953 2659/1949 2650/1940 
f 2658/1948 2635/1925 362/219 361/218 
f 2661/1951 2639/1929 2635/1925 2658/1948 
f 2666/1956 2672/1965 368/225 369/226 
f 2669/1959 2676/1969 2672/1965 2666/1956 
f 2671/1964 2680/1973 370/227 368/225 
f 2674/1967 2684/1977 2680/1973 2671/1964 
f 2679/1972 2688/1981 365/222 370/227 
f 2682/1975 2692/1985 2688/1981 2679/1972 
f 2687/1980 2696/1989 366/223 365/222 
f 2690/1983 2700/1993 2696/1989 2687/1980 
f 2695/1988 2704/1997 367/224 366/223 
f 2698/1991 2706/2001 2704/1997 2695/1988 
f 2703/1996 2667/1957 369/226 367/224 
f 2655/1999 2645/1961 2667/1957 2703/1996 
f 2708/2004 2714/2013 373/230 372/229 
f 2711/2007 2718/2017 2714/2013 2708/2004 
f 2713/2012 2722/2021 374/231 373/230 
f 2716/2015 2726/2025 2722/2021 2713/2012 
f 2721/2020 2730/2029 371/228 374/231 
f 2724/2023 2732/2033 2730/2029 2721/2020 
f 2729/2028 2709/2005 372/229 371/228 
f 2692/2031 2682/2009 2709/2005 2729/2028 
f 2734/2036 2740/2045 378/235 379/236 
f 2737/2039 2744/2049 2740/2045 2734/2036 
f 2739/2044 2748/2053 380/237 378/235 
f 2742/2047 2752/2057 2748/2053 2739/2044 
f 2747/2052 2756/2061 375/232 380/237 
f 2750/2055 2760/2065 2756/2061 2747/2052 
f 2755/2060 2764/2069 376/233 375/232 
f 2758/2063 2768/2073 2764/2069 2755/2060 
f 2763/2068 2772/2077 377/234 376/233 
f 2766/2071 2774/2081 2772/2077 2763/2068 
f 2771/2076 2735/2037 379/236 377/234 
f 2726/2079 2716/2041 2735/2037 2771/2076 
f 2776/2084 2782/2093 383/240 382/239 
f 2779/2087 2786/2097 2782/2093 2776/2084 
f 2781/2092 2790/2101 384/241 383/240 
f 2784/2095 2794/2105 2790/2101 2781/2092 
f 2789/2100 2798/2109 381/238 384/241 
f 2792/2103 2800/2113 2798/2109 2789/2100 
f 2797/2108 2777/2085 382/239 381/238 
f 2760/2111 2750/2089 2777/2085 2797/2108 
f 2802/2116 2808/2125 387/244 386/243 
f 2805/2119 2812/2129 2808/2125 2802/2116 
f 2807/2124 2816/2133 388/245 387/244 
f 2810/2127 2820/2137 2816/2133 2807/2124 
f 2815/2132 2824/2141 385/242 388/245 
f 2818/2135 2826/2145 2824/2141 2815/2132 
f 2823/2140 2803/2117 386/243 385/242 
f 2794/2143 2784/2121 2803/2117 2823/2140 
f 2828/2148 2834/2157 391/248 390/247 
f 2831/2151 2838/2161 2834/2157 2828/2148 
f 2833/2156 2842/2165 392/249 391/248 
f 2836/2159 2846/2169 2842/2165 2833/2156 
f 2841/2164 2850/2173 389/246 392/249 
f 2844/2167 2852/2177 2850/2173 2841/2164 
f 2849/2172 2829/2149 390/247 389/246 
f 2820/2175 2810/2153 2829/2149 2849/2172 
f 2854/2180 2860/2189 395/252 394/251 
f 2857/2183 2862/2193 2860/2189 2854/2180 
f 2859/2188 2865/2197 396/253 395/252 
f 2639/2191 2661/2201 2865/2197 2859/2188 
f 2864/2196 2870/2205 393/250 396/253 
f 2867/2199 2872/2209 2870/2205 2864/2196 
f 2869/2204 2855/2181 394/251 393/250 
f 2846/2207 2836/2185 2855/2181 2869/2204 
f 2874/2212 2878/2220 397/254 403/260 
f 2786/2215 2779/2224 2878/2220 2874/2212 
f 2877/2219 2881/2227 398/255 397/254 
f 2752/2222 2742/2231 2881/2227 2877/2219 
f 2880/2226 2886/2235 399/256 398/255 
f 2883/2229 2888/2239 2886/2235 2880/2226 
f 2885/2234 2891/2243 400/257 399/256 
f 2676/2237 2669/2247 2891/2243 2885/2234 
f 2890/2242 2894/2251 404/261 400/257 
f 2647/2245 2637/2255 2894/2251 2890/2242 
f 2893/2250 2897/2259 401/258 404/261 
f 2862/2253 2857/2263 2897/2259 2893/2250 
f 2896/2258 2900/2267 402/259 401/258 
f 2838/2261 2831/2271 2900/2267 2896/2258 
f 2899/2266 2875/2213 403/260 402/259 
f 2812/2269 2805/2217 2875/2213 2899/2266 
f 2902/2274 2906/2282 410/267 409/266 
f 2826/2277 2818/2286 2906/2282 2902/2274 
f 2905/2281 2909/2290 411/268 410/267 
f 2852/2284 2844/2294 2909/2290 2905/2281 
f 2908/2289 2912/2298 412/269 411/268 
f 2872/2292 2867/2302 2912/2298 2908/2289 
f 2911/2297 2915/2306 405/262 412/269 
f 2663/2300 2653/2310 2915/2306 2911/2297 
f 2914/2305 2918/2314 406/263 405/262 
f 2706/2308 2698/2318 2918/2314 2914/2305 
f 2917/2313 2923/2322 407/264 406/263 
f 2920/2316 2925/2326 2923/2322 2917/2313 
f 2922/2321 2928/2330 408/265 407/264 
f 2768/2324 2758/2334 2928/2330 2922/2321 
f 2927/2329 2903/2275 409/266 408/265 
f 2800/2332 2792/2279 2903/2275 2927/2329 
f 2930/2336 2934/2345 415/272 414/271 
f 2684/2339 2674/2347 2934/2345 2930/2336 
f 2933/2344 2937/2350 416/273 415/272 
f 2888/2239 2883/2229 2937/2350 2933/2344 
f 2936/2349 2940/2355 413/270 416/273 
f 2744/2352 2737/2359 2940/2355 2936/2349 
f 2939/2354 2931/2337 414/271 413/270 
f 2718/2357 2711/2341 2931/2337 2939/2354 
f 2942/2362 2946/2371 419/276 418/275 
f 2774/2365 2766/2373 2946/2371 2942/2362 
f 2945/2370 2949/2376 420/277 419/276 
f 2925/2326 2920/2316 2949/2376 2945/2370 
f 2948/2375 2952/2381 417/274 420/277 
f 2700/2378 2690/2385 2952/2381 2948/2375 
f 2951/2380 2943/2363 418/275 417/274 
f 2732/2383 2724/2367 2943/2363 2951/2380 
f 2954/2388 2963/2397 423/280 422/279 
f 2957/2391 2967/2401 2963/2397 2954/2388 
f 2962/2396 2971/2405 424/281 423/280 
f 2965/2399 2975/2409 2971/2405 2962/2396 
f 2970/2404 2979/2413 421/278 424/281 
f 2973/2407 2983/2417 2979/2413 2970/2404 
f 2978/2412 2955/2389 422/279 421/278 
f 2981/2415 2959/2393 2955/2389 2978/2412 
f 2986/2420 2992/2429 427/284 426/283 
f 2989/2423 2996/2433 2992/2429 2986/2420 
f 2991/2428 3000/2437 428/285 427/284 
f 2994/2431 3004/2441 3000/2437 2991/2428 
f 2999/2436 3008/2445 425/282 428/285 
f 3002/2439 3010/2449 3008/2445 2999/2436 
f 3007/2444 2987/2421 426/283 425/282 
f 2975/2447 2965/2425 2987/2421 3007/2444 
f 3012/2452 3021/2461 431/288 430/287 
f 3015/2455 3025/2465 3021/2461 3012/2452 
f 3020/2460 3029/2469 432/289 431/288 
f 3023/2463 3033/2473 3029/2469 3020/2460 
f 3028/2468 3037/2477 429/286 432/289 
f 3031/2471 3041/2481 3037/2477 3028/2468 
f 3036/2476 3013/2453 430/287 429/286 
f 3039/2479 3017/2457 3013/2453 3036/2476 
f 3044/2484 3053/2493 435/292 434/291 
f 3047/2487 3055/2497 3053/2493 3044/2484 
f 3052/2492 3058/2501 436/293 435/292 
f 2959/2495 2981/2505 3058/2501 3052/2492 
f 3057/2500 3063/2509 433/290 436/293 
f 3060/2503 3067/2513 3063/2509 3057/2500 
f 3062/2508 3045/2485 434/291 433/290 
f 3065/2511 3049/2489 3045/2485 3062/2508 
f 3070/2516 3076/2525 437/294 442/299 
f 3073/2519 3078/2529 3076/2525 3070/2516 
f 3075/2524 3081/2533 438/295 437/294 
f 2996/2527 2989/2537 3081/2533 3075/2524 
f 3080/2532 3084/2541 439/296 438/295 
f 2967/2535 2957/2545 3084/2541 3080/2532 
f 3083/2540 3087/2549 440/297 439/296 
f 3055/2543 3047/2553 3087/2549 3083/2540 
f 3086/2548 3092/2557 441/298 440/297 
f 3089/2551 3094/2561 3092/2557 3086/2548 
f 3091/2556 3071/2517 442/299 441/298 
f 3025/2559 3015/2521 3071/2517 3091/2556 
f 3096/2564 3102/2573 446/303 447/304 
f 3099/2567 3104/2577 3102/2573 3096/2564 
f 3101/2572 3107/2581 448/305 446/303 
f 3041/2575 3031/2585 3107/2581 3101/2572 
f 3106/2580 3112/2589 443/300 448/305 
f 3109/2583 3114/2593 3112/2589 3106/2580 
f 3111/2588 3117/2597 444/301 443/300 
f 3067/2591 3060/2601 3117/2597 3111/2588 
f 3116/2596 3120/2605 445/302 444/301 
f 2983/2599 2973/2609 3120/2605 3116/2596 
f 3119/2604 3097/2565 447/304 445/302 
f 3010/2607 3002/2569 3097/2565 3119/2604 
f 3122/2612 3126/2618 451/308 450/307 
f 3078/2615 3073/2622 3126/2618 3122/2612 
f 3125/2617 3129/2626 452/309 451/308 
f 3017/2620 3039/2630 3129/2626 3125/2617 
f 3128/2625 3132/2634 449/306 452/309 
f 3104/2628 3099/2636 3132/2634 3128/2625 
f 3131/2633 3123/2613 450/307 449/306 
f 3004/2441 2994/2431 3123/2613 3131/2633 
f 3134/2638 3138/2644 455/312 454/311 
f 3094/2641 3089/2648 3138/2644 3134/2638 
f 3137/2643 3141/2652 456/313 455/312 
f 3049/2646 3065/2656 3141/2652 3137/2643 
f 3140/2651 3144/2660 453/310 456/313 
f 3114/2654 3109/2662 3144/2660 3140/2651 
f 3143/2659 3135/2639 454/311 453/310 
f 3033/2473 3023/2463 3135/2639 3143/2659 
f 3146/2664 3155/2673 459/316 458/315 
f 3149/2667 3159/2677 3155/2673 3146/2664 
f 3154/2672 3163/2681 460/317 459/316 
f 3157/2675 3167/2685 3163/2681 3154/2672 
f 3162/2680 3171/2689 457/314 460/317 
f 3165/2683 3175/2693 3171/2689 3162/2680 
f 3170/2688 3147/2665 458/315 457/314 
f 3173/2691 3151/2669 3147/2665 3170/2688 
f 3178/2696 3187/2705 463/320 462/319 
f 3181/2699 3191/2709 3187/2705 3178/2696 
f 3186/2704 3195/2713 464/321 463/320 
f 3189/2707 3199/2717 3195/2713 3186/2704 
f 3194/2712 3203/2721 461/318 464/321 
f 3197/2715 3207/2725 3203/2721 3194/2712 
f 3202/2720 3179/2697 462/319 461/318 
f 3205/2723 3183/2701 3179/2697 3202/2720 
f 3210/2728 3219/2737 467/324 466/323 
f 3213/2731 3223/2741 3219/2737 3210/2728 
f 3218/2736 3227/2745 468/325 467/324 
f 3221/2739 3231/2749 3227/2745 3218/2736 
f 3226/2744 3235/2753 465/322 468/325 
f 3229/2747 3239/2757 3235/2753 3226/2744 
f 3234/2752 3211/2729 466/323 465/322 
f 3237/2755 3215/2733 3211/2729 3234/2752 
f 3242/2760 3251/2769 471/328 470/327 
f 3245/2763 3255/2773 3251/2769 3242/2760 
f 3250/2768 3259/2777 472/329 471/328 
f 3253/2771 3263/2781 3259/2777 3250/2768 
f 3258/2776 3267/2785 469/326 472/329 
f 3261/2779 3271/2789 3267/2785 3258/2776 
f 3266/2784 3243/2761 470/327 469/326 
f 3269/2787 3247/2765 3243/2761 3266/2784 
f 3274/2792 3280/2801 478/335 477/334 
f 3277/2795 3282/2805 3280/2801 3274/2792 
f 3279/2800 3285/2809 479/336 478/335 
f 3255/2803 3245/2813 3285/2809 3279/2800 
f 3284/2808 3290/2817 476/333 479/336 
f 3287/2811 3292/2821 3290/2817 3284/2808 
f 3289/2816 3295/2825 480/337 476/333 
f 3223/2819 3213/2829 3295/2825 3289/2816 
f 3294/2824 3300/2833 473/330 480/337 
f 3297/2827 3302/2837 3300/2833 3294/2824 
f 3299/2832 3305/2841 474/331 473/330 
f 3191/2835 3181/2845 3305/2841 3299/2832 
f 3304/2840 3310/2849 475/332 474/331 
f 3307/2843 3312/2853 3310/2849 3304/2840 
f 3309/2848 3275/2793 477/334 475/332 
f 3159/2851 3149/2797 3275/2793 3309/2848 
f 3314/2856 3320/2865 484/341 485/342 
f 3317/2859 3322/2869 3320/2865 3314/2856 
f 3319/2864 3325/2873 486/343 484/341 
f 3175/2867 3165/2877 3325/2873 3319/2864 
f 3324/2872 3330/2881 487/344 486/343 
f 3327/2875 3332/2885 3330/2881 3324/2872 
f 3329/2880 3335/2889 488/345 487/344 
f 3207/2883 3197/2893 3335/2889 3329/2880 
f 3334/2888 3340/2897 481/338 488/345 
f 3337/2891 3342/2901 3340/2897 3334/2888 
f 3339/2896 3345/2905 482/339 481/338 
f 3239/2899 3229/2909 3345/2905 3339/2896 
f 3344/2904 3350/2913 483/340 482/339 
f 3347/2907 3352/2917 3350/2913 3344/2904 
f 3349/2912 3315/2857 485/342 483/340 
f 3271/2915 3261/2861 3315/2857 3349/2912 
f 3354/2920 3358/2929 491/348 490/347 
f 3312/2923 3307/2931 3358/2929 3354/2920 
f 3357/2928 3361/2934 492/349 491/348 
f 3183/2701 3205/2723 3361/2934 3357/2928 
f 3360/2933 3364/2939 489/346 492/349 
f 3332/2936 3327/2943 3364/2939 3360/2933 
f 3363/2938 3355/2921 490/347 489/346 
f 3167/2941 3157/2925 3355/2921 3363/2938 
f 3366/2946 3370/2955 495/352 494/351 
f 3322/2949 3317/2957 3370/2955 3366/2946 
f 3369/2954 3373/2960 496/353 495/352 
f 3263/2781 3253/2771 3373/2960 3369/2954 
f 3372/2959 3376/2965 493/350 496/353 
f 3282/2962 3277/2969 3376/2965 3372/2959 
f 3375/2964 3367/2947 494/351 493/350 
f 3151/2967 3173/2951 3367/2947 3375/2964 
f 3378/2972 3382/2981 499/356 498/355 
f 3302/2975 3297/2983 3382/2981 3378/2972 
f 3381/2980 3385/2986 500/357 499/356 
f 3215/2733 3237/2755 3385/2986 3381/2980 
f 3384/2985 3388/2991 497/354 500/357 
f 3342/2988 3337/2995 3388/2991 3384/2985 
f 3387/2990 3379/2973 498/355 497/354 
f 3199/2993 3189/2977 3379/2973 3387/2990 
f 3390/2998 3394/3004 503/360 502/359 
f 3292/3001 3287/3008 3394/3004 3390/2998 
f 3393/3003 3397/3012 504/361 503/360 
f 3247/3006 3269/3016 3397/3012 3393/3003 
f 3396/3011 3400/3020 501/358 504/361 
f 3352/3014 3347/3022 3400/3020 3396/3011 
f 3399/3019 3391/2999 502/359 501/358 
f 3231/2749 3221/2739 3391/2999 3399/3019 
f 3402/3024 3411/3033 507/364 506/363 
f 3405/3027 3415/3037 3411/3033 3402/3024 
f 3410/3032 3419/3041 508/365 507/364 
f 3413/3035 3423/3045 3419/3041 3410/3032 
f 3418/3040 3427/3049 505/362 508/365 
f 3421/3043 3431/3053 3427/3049 3418/3040 
f 3426/3048 3403/3025 506/363 505/362 
f 3429/3051 3407/3029 3403/3025 3426/3048 
f 3434/3056 3440/3065 514/371 513/370 
f 3437/3059 3444/3069 3440/3065 3434/3056 
f 3439/3064 3448/3073 516/373 514/371 
f 3442/3067 3452/3077 3448/3073 3439/3064 
f 3447/3072 3456/3081 515/372 516/373 
f 3450/3075 3460/3085 3456/3081 3447/3072 
f 3455/3080 3464/3089 517/374 515/372 
f 3458/3083 3468/3093 3464/3089 3455/3080 
f 3463/3088 3472/3097 518/375 517/374 
f 3466/3091 3476/3101 3472/3097 3463/3088 
f 3471/3096 3480/3105 520/377 518/375 
f 3474/3099 3484/3109 3480/3105 3471/3096 
f 3479/3104 3488/3113 519/376 520/377 
f 3482/3107 3492/3117 3488/3113 3479/3104 
f 3487/3112 3496/3121 522/379 519/376 
f 3490/3115 3500/3125 3496/3121 3487/3112 
f 3495/3120 3504/3129 523/380 522/379 
f 3498/3123 3508/3133 3504/3129 3495/3120 
f 3503/3128 3512/3137 525/382 523/380 
f 3506/3131 3516/3141 3512/3137 3503/3128 
f 3511/3136 3520/3145 524/381 525/382 
f 3514/3139 3524/3149 3520/3145 3511/3136 
f 3519/3144 3528/3153 526/383 524/381 
f 3522/3147 3532/3157 3528/3153 3519/3144 
f 3527/3152 3536/3161 527/384 526/383 
f 3530/3155 3540/3165 3536/3161 3527/3152 
f 3535/3160 3544/3169 528/385 527/384 
f 3538/3163 3548/3173 3544/3169 3535/3160 
f 3543/3168 3552/3177 521/378 528/385 
f 3546/3171 3556/3181 3552/3177 3543/3168 
f 3551/3176 3560/3185 529/386 521/378 
f 3554/3179 3564/3189 3560/3185 3551/3176 
f 3559/3184 3568/3193 530/387 529/386 
f 3562/3187 3572/3197 3568/3193 3559/3184 
f 3567/3192 3576/3201 531/388 530/387 
f 3570/3195 3580/3205 3576/3201 3567/3192 
f 3575/3200 3584/3209 512/369 531/388 
f 3578/3203 3588/3213 3584/3209 3575/3200 
f 3583/3208 3592/3217 532/389 512/369 
f 3586/3211 3596/3221 3592/3217 3583/3208 
f 3591/3216 3600/3225 509/366 532/389 
f 3594/3219 3604/3229 3600/3225 3591/3216 
f 3599/3224 3608/3233 510/367 509/366 
f 3602/3227 3612/3237 3608/3233 3599/3224 
f 3607/3232 3616/3241 511/368 510/367 
f 3610/3235 3618/3245 3616/3241 3607/3232 
f 3615/3240 3435/3057 513/370 511/368 
f 3423/3243 3413/3061 3435/3057 3615/3240 
f 3620/3248 3626/3257 535/392 534/391 
f 3623/3251 3630/3261 3626/3257 3620/3248 
f 3625/3256 3634/3265 536/393 535/392 
f 3628/3259 3638/3269 3634/3265 3625/3256 
f 3633/3264 3642/3273 533/390 536/393 
f 3636/3267 3644/3277 3642/3273 3633/3264 
f 3641/3272 3621/3249 534/391 533/390 
f 3532/3275 3522/3253 3621/3249 3641/3272 
f 3646/3280 3652/3289 542/399 541/398 
f 3649/3283 3656/3293 3652/3289 3646/3280 
f 3651/3288 3660/3297 544/401 542/399 
f 3654/3291 3664/3301 3660/3297 3651/3288 
f 3659/3296 3668/3305 543/400 544/401 
f 3662/3299 3672/3309 3668/3305 3659/3296 
f 3667/3304 3676/3313 545/402 543/400 
f 3670/3307 3680/3317 3676/3313 3667/3304 
f 3675/3312 3684/3321 546/403 545/402 
f 3678/3315 3688/3325 3684/3321 3675/3312 
f 3683/3320 3692/3329 547/404 546/403 
f 3686/3323 3696/3333 3692/3329 3683/3320 
f 3691/3328 3700/3337 540/397 547/404 
f 3694/3331 3704/3341 3700/3337 3691/3328 
f 3699/3336 3708/3345 548/405 540/397 
f 3702/3339 3712/3349 3708/3345 3699/3336 
f 3707/3344 3716/3353 549/406 548/405 
f 3710/3347 3720/3357 3716/3353 3707/3344 
f 3715/3352 3724/3361 550/407 549/406 
f 3718/3355 3728/3365 3724/3361 3715/3352 
f 3723/3360 3732/3369 537/394 550/407 
f 3726/3363 3736/3373 3732/3369 3723/3360 
f 3731/3368 3740/3377 538/395 537/394 
f 3734/3371 3744/3381 3740/3377 3731/3368 
f 3739/3376 3748/3385 539/396 538/395 
f 3742/3379 3750/3389 3748/3385 3739/3376 
f 3747/3384 3647/3281 541/398 539/396 
f 3638/3387 3628/3285 3647/3281 3747/3384 
f 3752/3392 3758/3401 553/410 552/409 
f 3755/3395 3762/3405 3758/3401 3752/3392 
f 3757/3400 3766/3409 554/411 553/410 
f 3760/3403 3770/3413 3766/3409 3757/3400 
f 3765/3408 3774/3417 551/408 554/411 
f 3768/3411 3776/3421 3774/3417 3765/3408 
f 3773/3416 3753/3393 552/409 551/408 
f 3704/3419 3694/3397 3753/3393 3773/3416 
f 3778/3424 3784/3433 557/414 556/413 
f 3781/3427 3788/3437 3784/3433 3778/3424 
f 3783/3432 3792/3441 558/415 557/414 
f 3786/3435 3796/3445 3792/3441 3783/3432 
f 3791/3440 3800/3449 555/412 558/415 
f 3794/3443 3802/3453 3800/3449 3791/3440 
f 3799/3448 3779/3425 556/413 555/412 
f 3770/3451 3760/3429 3779/3425 3799/3448 
f 3804/3456 3810/3465 561/418 560/417 
f 3807/3459 3814/3469 3810/3465 3804/3456 
f 3809/3464 3818/3473 562/419 561/418 
f 3812/3467 3822/3477 3818/3473 3809/3464 
f 3817/3472 3826/3481 559/416 562/419 
f 3820/3475 3828/3485 3826/3481 3817/3472 
f 3825/3480 3805/3457 560/417 559/416 
f 3796/3483 3786/3461 3805/3457 3825/3480 
f 3830/3488 3836/3497 568/425 567/424 
f 3833/3491 3840/3501 3836/3497 3830/3488 
f 3835/3496 3844/3505 570/427 568/425 
f 3838/3499 3848/3509 3844/3505 3835/3496 
f 3843/3504 3852/3513 569/426 570/427 
f 3846/3507 3856/3517 3852/3513 3843/3504 
f 3851/3512 3860/3521 571/428 569/426 
f 3854/3515 3864/3525 3860/3521 3851/3512 
f 3859/3520 3868/3529 572/429 571/428 
f 3862/3523 3872/3533 3868/3529 3859/3520 
f 3867/3528 3876/3537 573/430 572/429 
f 3870/3531 3878/3541 3876/3537 3867/3528 
f 3875/3536 3881/3545 566/423 573/430 
f 3407/3539 3429/3549 3881/3545 3875/3536 
f 3880/3544 3886/3553 574/431 566/423 
f 3883/3547 3890/3557 3886/3553 3880/3544 
f 3885/3552 3894/3561 575/432 574/431 
f 3888/3555 3898/3565 3894/3561 3885/3552 
f 3893/3560 3902/3569 576/433 575/432 
f 3896/3563 3906/3573 3902/3569 3893/3560 
f 3901/3568 3910/3577 563/420 576/433 
f 3904/3571 3914/3581 3910/3577 3901/3568 
f 3909/3576 3918/3585 564/421 563/420 
f 3912/3579 3922/3589 3918/3585 3909/3576 
f 3917/3584 3926/3593 565/422 564/421 
f 3920/3587 3928/3597 3926/3593 3917/3584 
f 3925/3592 3831/3489 567/424 565/422 
f 3822/3595 3812/3493 3831/3489 3925/3592 
f 3930/3600 3934/3609 584/441 583/440 
f 3814/3603 3807/3613 3934/3609 3930/3600 
f 3933/3608 3937/3616 577/434 584/441 
f 3788/3611 3781/3620 3937/3616 3933/3608 
f 3936/3615 3940/3623 578/435 577/434 
f 3762/3618 3755/3627 3940/3623 3936/3615 
f 3939/3622 3943/3631 579/436 578/435 
f 3696/3625 3686/3635 3943/3631 3939/3622 
f 3942/3630 3948/3639 580/437 579/436 
f 3945/3633 3950/3643 3948/3639 3942/3630 
f 3947/3638 3953/3647 581/438 580/437 
f 3484/3641 3474/3651 3953/3647 3947/3638 
f 3952/3646 3958/3655 582/439 581/438 
f 3955/3649 3960/3659 3958/3655 3952/3646 
f 3957/3654 3931/3601 583/440 582/439 
f 3840/3657 3833/3605 3931/3601 3957/3654 
f 3962/3662 3966/3671 591/448 590/447 
f 3928/3665 3920/3675 3966/3671 3962/3662 
f 3965/3670 3971/3679 592/449 591/448 
f 3968/3673 3973/3683 3971/3679 3965/3670 
f 3970/3678 3976/3687 585/442 592/449 
f 3580/3681 3570/3691 3976/3687 3970/3678 
f 3975/3686 3981/3695 586/443 585/442 
f 3978/3689 3983/3699 3981/3695 3975/3686 
f 3980/3694 3986/3703 587/444 586/443 
f 3712/3697 3702/3707 3986/3703 3980/3694 
f 3985/3702 3989/3711 588/445 587/444 
f 3776/3705 3768/3715 3989/3711 3985/3702 
f 3988/3710 3992/3718 589/446 588/445 
f 3802/3713 3794/3722 3992/3718 3988/3710 
f 3991/3717 3963/3663 590/447 589/446 
f 3828/3720 3820/3667 3963/3663 3991/3717 
f 3994/3724 3998/3730 595/452 594/451 
f 3524/3727 3514/3734 3998/3730 3994/3724 
f 3997/3729 4003/3738 596/453 595/452 
f 4000/3732 4005/3742 4003/3738 3997/3729 
f 4002/3737 4008/3746 593/450 596/453 
f 3656/3740 3649/3748 4008/3746 4002/3737 
f 4007/3745 3995/3725 594/451 593/450 
f 3630/3261 3623/3251 3995/3725 4007/3745 
f 4010/3750 4014/3756 599/456 598/455 
f 3750/3753 3742/3760 4014/3756 4010/3750 
f 4013/3755 4019/3764 600/457 599/456 
f 4016/3758 4021/3768 4019/3764 4013/3755 
f 4018/3763 4024/3772 597/454 600/457 
f 3540/3766 3530/3774 4024/3772 4018/3763 
f 4023/3771 4011/3751 598/455 597/454 
f 3644/3277 3636/3267 4011/3751 4023/3771 
s 2
f 4026/3776 4030/3782 603/460 602/459 
s 1
f 3516/3779 3506/3786 4030/3782 4026/3776 
f 4029/3781 4035/3790 604/461 603/460 
f 4032/3784 4037/3794 4035/3790 4029/3781 
s 2
f 4034/3789 4040/3798 601/458 604/461 
s 1
f 3664/3792 3654/3800 4040/3798 4034/3789 
f 4039/3797 4027/3777 602/459 601/458 
f 4005/3742 4000/3732 4027/3777 4039/3797 
s 2
f 4042/3802 4046/3808 607/464 606/463 
f 3508/3805 3498/3812 4046/3808 4042/3802 
s 1
f 4045/3807 4051/3816 608/465 607/464 
f 4048/3810 4053/3820 4051/3816 4045/3807 
s 2
f 4050/3815 4056/3824 605/462 608/465 
f 3672/3818 3662/3826 4056/3824 4050/3815 
s 1
f 4055/3823 4043/3803 606/463 605/462 
f 4037/3794 4032/3784 4043/3803 4055/3823 
s 2
f 4058/3828 4062/3837 611/468 610/467 
s 1
f 3500/3831 3490/3841 4062/3837 4058/3828 
f 4061/3836 4067/3845 612/469 611/468 
f 4064/3839 4069/3849 4067/3845 4061/3836 
s 2
f 4066/3844 4072/3853 609/466 612/469 
s 1
f 3680/3847 3670/3857 4072/3853 4066/3844 
f 4071/3852 4059/3829 610/467 609/466 
f 4053/3855 4048/3833 4059/3829 4071/3852 
f 4074/3860 4078/3866 615/472 614/471 
f 3492/3863 3482/3868 4078/3866 4074/3860 
f 4077/3865 4081/3871 616/473 615/472 
f 3950/3643 3945/3633 4081/3871 4077/3865 
f 4080/3870 4084/3876 613/470 616/473 
f 3688/3873 3678/3878 4084/3876 4080/3870 
f 4083/3875 4075/3861 614/471 613/470 
f 4069/3849 4064/3839 4075/3861 4083/3875 
s 2
f 4086/3880 4090/3886 619/476 618/475 
s 1
f 3744/3883 3734/3890 4090/3886 4086/3880 
f 4089/3885 4095/3894 620/477 619/476 
f 4092/3888 4097/3898 4095/3894 4089/3885 
s 2
f 4094/3893 4100/3902 617/474 620/477 
s 1
f 3548/3896 3538/3904 4100/3902 4094/3893 
f 4099/3901 4087/3881 618/475 617/474 
f 4021/3768 4016/3758 4087/3881 4099/3901 
s 2
f 4102/3906 4106/3912 623/480 622/479 
f 3736/3909 3726/3916 4106/3912 4102/3906 
s 1
f 4105/3911 4111/3920 624/481 623/480 
f 4108/3914 4113/3924 4111/3920 4105/3911 
s 2
f 4110/3919 4116/3928 621/478 624/481 
f 3556/3922 3546/3930 4116/3928 4110/3919 
s 1
f 4115/3927 4103/3907 622/479 621/478 
f 4097/3898 4092/3888 4103/3907 4115/3927 
s 2
f 4118/3932 4122/3941 627/484 626/483 
s 1
f 3728/3935 3718/3945 4122/3941 4118/3932 
f 4121/3940 4127/3949 628/485 627/484 
f 4124/3943 4129/3953 4127/3949 4121/3940 
s 2
f 4126/3948 4132/3957 625/482 628/485 
s 1
f 3564/3951 3554/3961 4132/3957 4126/3948 
f 4131/3956 4119/3933 626/483 625/482 
f 4113/3959 4108/3937 4119/3933 4131/3956 
f 4134/3964 4138/3970 631/488 630/487 
f 3720/3967 3710/3972 4138/3970 4134/3964 
f 4137/3969 4141/3975 632/489 631/488 
f 3983/3699 3978/3689 4141/3975 4137/3969 
f 4140/3974 4144/3980 629/486 632/489 
f 3572/3977 3562/3982 4144/3980 4140/3974 
f 4143/3979 4135/3965 630/487 629/486 
f 4129/3953 4124/3943 4135/3965 4143/3979 
f 4146/3984 4150/3990 635/492 634/491 
f 3878/3987 3870/3994 4150/3990 4146/3984 
f 4149/3989 4155/3998 636/493 635/492 
f 4152/3992 4157/4002 4155/3998 4149/3989 
f 4154/3997 4160/4006 633/490 636/493 
f 3444/4000 3437/4008 4160/4006 4154/3997 
f 4159/4005 4147/3985 634/491 633/490 
f 3415/3037 3405/3027 4147/3985 4159/4005 
f 4162/4010 4166/4016 639/496 638/495 
f 3618/4013 3610/4020 4166/4016 4162/4010 
f 4165/4015 4171/4024 640/497 639/496 
f 4168/4018 4173/4028 4171/4024 4165/4015 
f 4170/4023 4176/4032 637/494 640/497 
f 3890/4026 3883/4034 4176/4032 4170/4023 
f 4175/4031 4163/4011 638/495 637/494 
f 3431/3053 3421/3043 4163/4011 4175/4031 
s 2
f 4178/4036 4182/4042 643/500 642/499 
s 1
f 3872/4039 3862/4046 4182/4042 4178/4036 
f 4181/4041 4187/4050 644/501 643/500 
f 4184/4044 4189/4054 4187/4050 4181/4041 
s 2
f 4186/4049 4192/4058 641/498 644/501 
s 1
f 3452/4052 3442/4060 4192/4058 4186/4049 
f 4191/4057 4179/4037 642/499 641/498 
f 4157/4002 4152/3992 4179/4037 4191/4057 
s 2
f 4194/4062 4198/4068 647/504 646/503 
f 3864/4065 3854/4072 4198/4068 4194/4062 
s 1
f 4197/4067 4203/4076 648/505 647/504 
f 4200/4070 4205/4080 4203/4076 4197/4067 
s 2
f 4202/4075 4208/4084 645/502 648/505 
f 3460/4078 3450/4086 4208/4084 4202/4075 
s 1
f 4207/4083 4195/4063 646/503 645/502 
f 4189/4054 4184/4044 4195/4063 4207/4083 
s 2
f 4210/4088 4214/4097 651/508 650/507 
s 1
f 3856/4091 3846/4101 4214/4097 4210/4088 
f 4213/4096 4219/4105 652/509 651/508 
f 4216/4099 4221/4109 4219/4105 4213/4096 
s 2
f 4218/4104 4224/4113 649/506 652/509 
s 1
f 3468/4107 3458/4117 4224/4113 4218/4104 
f 4223/4112 4211/4089 650/507 649/506 
f 4205/4115 4200/4093 4211/4089 4223/4112 
f 4226/4120 4230/4126 655/512 654/511 
f 3848/4123 3838/4128 4230/4126 4226/4120 
f 4229/4125 4233/4131 656/513 655/512 
f 3960/3659 3955/3649 4233/4131 4229/4125 
f 4232/4130 4236/4136 653/510 656/513 
f 3476/4133 3466/4138 4236/4136 4232/4130 
f 4235/4135 4227/4121 654/511 653/510 
f 4221/4109 4216/4099 4227/4121 4235/4135 
s 2
f 4238/4140 4242/4146 659/516 658/515 
s 1
f 3612/4143 3602/4150 4242/4146 4238/4140 
f 4241/4145 4247/4154 660/517 659/516 
f 4244/4148 4249/4158 4247/4154 4241/4145 
s 2
f 4246/4153 4252/4162 657/514 660/517 
s 1
f 3898/4156 3888/4164 4252/4162 4246/4153 
f 4251/4161 4239/4141 658/515 657/514 
f 4173/4028 4168/4018 4239/4141 4251/4161 
s 2
f 4254/4166 4258/4172 663/520 662/519 
f 3604/4169 3594/4176 4258/4172 4254/4166 
s 1
f 4257/4171 4263/4180 664/521 663/520 
f 4260/4174 4265/4184 4263/4180 4257/4171 
s 2
f 4262/4179 4268/4188 661/518 664/521 
f 3906/4182 3896/4190 4268/4188 4262/4179 
s 1
f 4267/4187 4255/4167 662/519 661/518 
f 4249/4158 4244/4148 4255/4167 4267/4187 
s 2
f 4270/4192 4274/4201 667/524 666/523 
s 1
f 3596/4195 3586/4205 4274/4201 4270/4192 
f 4273/4200 4279/4209 668/525 667/524 
f 4276/4203 4281/4213 4279/4209 4273/4200 
s 2
f 4278/4208 4284/4217 665/522 668/525 
s 1
f 3914/4211 3904/4221 4284/4217 4278/4208 
f 4283/4216 4271/4193 666/523 665/522 
f 4265/4219 4260/4197 4271/4193 4283/4216 
f 4286/4224 4290/4230 671/528 670/527 
f 3588/4227 3578/4232 4290/4230 4286/4224 
f 4289/4229 4293/4235 672/529 671/528 
f 3973/3683 3968/3673 4293/4235 4289/4229 
f 4292/4234 4296/4240 669/526 672/529 
f 3922/4237 3912/4242 4296/4240 4292/4234 
f 4295/4239 4287/4225 670/527 669/526 
f 4281/4213 4276/4203 4287/4225 4295/4239 
f 4298/3024 4307/3033 675/364 674/363 
f 4301/3027 4311/3037 4307/3033 4298/3024 
f 4306/3032 4315/3041 676/365 675/364 
f 4309/3035 4319/3045 4315/3041 4306/3032 
f 4314/3040 4323/3049 673/362 676/365 
f 4317/3043 4327/3053 4323/3049 4314/3040 
f 4322/3048 4299/3025 674/363 673/362 
f 4325/3051 4303/3029 4299/3025 4322/3048 
f 4330/3056 4336/3065 682/371 681/370 
f 4333/3059 4340/3069 4336/3065 4330/3056 
f 4335/3064 4344/3073 684/373 682/371 
f 4338/3067 4348/3077 4344/3073 4335/3064 
f 4343/3072 4352/3081 683/372 684/373 
f 4346/3075 4356/3085 4352/3081 4343/3072 
f 4351/3080 4360/3089 685/374 683/372 
f 4354/3083 4364/3093 4360/3089 4351/3080 
f 4359/3088 4368/3097 686/375 685/374 
f 4362/3091 4372/3101 4368/3097 4359/3088 
f 4367/3096 4376/4243 688/377 686/375 
f 4370/3099 4380/3109 4376/4243 4367/3096 
f 4375/3104 4384/3113 687/376 688/377 
f 4378/3107 4388/3117 4384/3113 4375/3104 
f 4383/3112 4392/3121 690/379 687/376 
f 4386/3115 4396/3125 4392/3121 4383/3112 
f 4391/3120 4400/3129 691/380 690/379 
f 4394/3123 4404/3133 4400/3129 4391/3120 
f 4399/3128 4408/3137 693/382 691/380 
f 4402/3131 4412/3141 4408/3137 4399/3128 
f 4407/3136 4416/3145 692/381 693/382 
f 4410/3139 4420/3149 4416/3145 4407/3136 
f 4415/3144 4424/3153 694/383 692/381 
f 4418/3147 4428/3157 4424/3153 4415/3144 
f 4423/3152 4432/3161 695/384 694/383 
f 4426/3155 4436/3165 4432/3161 4423/3152 
f 4431/3160 4440/3169 696/385 695/384 
f 4434/3163 4444/3173 4440/3169 4431/3160 
f 4439/3168 4448/3177 689/378 696/385 
f 4442/3171 4452/3181 4448/3177 4439/3168 
f 4447/3176 4456/3185 697/386 689/378 
f 4450/3179 4460/3189 4456/3185 4447/3176 
f 4455/3184 4464/3193 698/387 697/386 
f 4458/3187 4468/3197 4464/3193 4455/3184 
f 4463/3192 4472/3201 699/388 698/387 
f 4466/3195 4476/3205 4472/3201 4463/3192 
f 4471/3200 4480/3209 680/369 699/388 
f 4474/3203 4484/3213 4480/3209 4471/3200 
f 4479/3208 4488/3217 700/389 680/369 
f 4482/3211 4492/3221 4488/3217 4479/3208 
f 4487/3216 4496/3225 677/366 700/389 
f 4490/3219 4500/3229 4496/3225 4487/3216 
f 4495/3224 4504/3233 678/367 677/366 
f 4498/3227 4508/3237 4504/3233 4495/3224 
f 4503/3232 4512/3241 679/368 678/367 
f 4506/3235 4514/3245 4512/3241 4503/3232 
f 4511/3240 4331/3057 681/370 679/368 
f 4319/3243 4309/3061 4331/3057 4511/3240 
f 4516/3248 4522/3257 703/392 702/391 
f 4519/3251 4526/3261 4522/3257 4516/3248 
f 4521/3256 4530/3265 704/393 703/392 
f 4524/3259 4534/3269 4530/3265 4521/3256 
f 4529/3264 4538/3273 701/390 704/393 
f 4532/3267 4540/3277 4538/3273 4529/3264 
f 4537/3272 4517/3249 702/391 701/390 
f 4428/3275 4418/3253 4517/3249 4537/3272 
f 4542/3280 4548/3289 710/399 709/398 
f 4545/3283 4552/3293 4548/3289 4542/3280 
f 4547/3288 4556/3297 712/401 710/399 
f 4550/3291 4560/3301 4556/3297 4547/3288 
f 4555/3296 4564/3305 711/400 712/401 
f 4558/3299 4568/3309 4564/3305 4555/3296 
f 4563/3304 4572/3313 713/402 711/400 
f 4566/3307 4576/3317 4572/3313 4563/3304 
f 4571/3312 4580/3321 714/403 713/402 
f 4574/3315 4584/3325 4580/3321 4571/3312 
f 4579/3320 4588/3329 715/404 714/403 
f 4582/3323 4592/3333 4588/3329 4579/3320 
f 4587/3328 4596/3337 708/397 715/404 
f 4590/3331 4600/3341 4596/3337 4587/3328 
f 4595/3336 4604/3345 716/405 708/397 
f 4598/3339 4608/3349 4604/3345 4595/3336 
f 4603/3344 4612/3353 717/406 716/405 
f 4606/3347 4616/3357 4612/3353 4603/3344 
f 4611/3352 4620/3361 718/407 717/406 
f 4614/3355 4624/3365 4620/3361 4611/3352 
f 4619/3360 4628/3369 705/394 718/407 
f 4622/3363 4632/3373 4628/3369 4619/3360 
f 4627/3368 4636/3377 706/395 705/394 
f 4630/3371 4640/3381 4636/3377 4627/3368 
f 4635/3376 4644/3385 707/396 706/395 
f 4638/3379 4646/3389 4644/3385 4635/3376 
f 4643/3384 4543/3281 709/398 707/396 
f 4534/3387 4524/3285 4543/3281 4643/3384 
f 4648/3392 4654/3401 721/410 720/409 
f 4651/3395 4658/3405 4654/3401 4648/3392 
f 4653/3400 4662/3409 722/411 721/410 
f 4656/3403 4666/3413 4662/3409 4653/3400 
f 4661/3408 4670/3417 719/408 722/411 
f 4664/3411 4672/3421 4670/3417 4661/3408 
f 4669/3416 4649/3393 720/409 719/408 
f 4600/3419 4590/3397 4649/3393 4669/3416 
f 4674/3424 4680/3433 725/414 724/413 
f 4677/3427 4684/3437 4680/3433 4674/3424 
f 4679/3432 4688/3441 726/415 725/414 
f 4682/3435 4692/3445 4688/3441 4679/3432 
f 4687/3440 4696/3449 723/412 726/415 
f 4690/3443 4698/3453 4696/3449 4687/3440 
f 4695/3448 4675/3425 724/413 723/412 
f 4666/3451 4656/3429 4675/3425 4695/3448 
f 4700/3456 4706/3465 729/418 728/417 
f 4703/3459 4710/3469 4706/3465 4700/3456 
f 4705/3464 4714/3473 730/419 729/418 
f 4708/3467 4718/3477 4714/3473 4705/3464 
f 4713/3472 4722/3481 727/416 730/419 
f 4716/3475 4724/3485 4722/3481 4713/3472 
f 4721/3480 4701/3457 728/417 727/416 
f 4692/3483 4682/3461 4701/3457 4721/3480 
f 4726/4244 4732/3497 736/425 735/424 
f 4729/3491 4736/3501 4732/3497 4726/4244 
f 4731/3496 4740/3505 738/427 736/425 
f 4734/3499 4744/3509 4740/3505 4731/3496 
f 4739/3504 4748/3513 737/426 738/427 
f 4742/3507 4752/3517 4748/3513 4739/3504 
f 4747/3512 4756/3521 739/428 737/426 
f 4750/3515 4760/3525 4756/3521 4747/3512 
f 4755/3520 4764/3529 740/429 739/428 
f 4758/3523 4768/3533 4764/3529 4755/3520 
f 4763/3528 4772/3537 741/430 740/429 
f 4766/3531 4774/3541 4772/3537 4763/3528 
f 4771/3536 4777/3545 734/423 741/430 
f 4303/3539 4325/3549 4777/3545 4771/3536 
f 4776/3544 4782/3553 742/431 734/423 
f 4779/3547 4786/3557 4782/3553 4776/3544 
f 4781/3552 4790/3561 743/432 742/431 
f 4784/3555 4794/3565 4790/3561 4781/3552 
f 4789/3560 4798/3569 744/433 743/432 
f 4792/3563 4802/3573 4798/3569 4789/3560 
f 4797/3568 4806/3577 731/420 744/433 
f 4800/3571 4810/3581 4806/3577 4797/3568 
f 4805/3576 4814/3585 732/421 731/420 
f 4808/3579 4818/3589 4814/3585 4805/3576 
f 4813/3584 4822/3593 733/422 732/421 
f 4816/3587 4824/3597 4822/3593 4813/3584 
f 4821/3592 4727/3489 735/424 733/422 
f 4718/3595 4708/3493 4727/3489 4821/3592 
f 4826/3600 4830/3609 752/441 751/440 
f 4710/3603 4703/3613 4830/3609 4826/3600 
f 4829/3608 4833/3616 745/434 752/441 
f 4684/3611 4677/3620 4833/3616 4829/3608 
f 4832/3615 4836/3623 746/435 745/434 
f 4658/3618 4651/3627 4836/3623 4832/3615 
f 4835/3622 4839/3631 747/436 746/435 
f 4592/3625 4582/3635 4839/3631 4835/3622 
f 4838/3630 4844/3639 748/437 747/436 
f 4841/3633 4846/3643 4844/3639 4838/3630 
f 4843/3638 4849/3647 749/438 748/437 
f 4380/3641 4370/3651 4849/3647 4843/3638 
f 4848/3646 4854/3655 750/439 749/438 
f 4851/3649 4856/3659 4854/3655 4848/3646 
f 4853/3654 4827/3601 751/440 750/439 
f 4736/3657 4729/3605 4827/3601 4853/3654 
f 4858/3662 4862/3671 759/448 758/447 
f 4824/3665 4816/3675 4862/3671 4858/3662 
f 4861/3670 4867/3679 760/449 759/448 
f 4864/3673 4869/3683 4867/3679 4861/3670 
f 4866/3678 4872/3687 753/442 760/449 
f 4476/3681 4466/3691 4872/3687 4866/3678 
f 4871/3686 4877/3695 754/443 753/442 
f 4874/3689 4879/3699 4877/3695 4871/3686 
f 4876/3694 4882/3703 755/444 754/443 
f 4608/3697 4598/3707 4882/3703 4876/3694 
f 4881/3702 4885/3711 756/445 755/444 
f 4672/3705 4664/3715 4885/3711 4881/3702 
f 4884/3710 4888/3718 757/446 756/445 
f 4698/3713 4690/3722 4888/3718 4884/3710 
f 4887/3717 4859/3663 758/447 757/446 
f 4724/3720 4716/3667 4859/3663 4887/3717 
f 4890/3724 4894/3730 763/452 762/451 
f 4420/3727 4410/3734 4894/3730 4890/3724 
f 4893/3729 4899/3738 764/453 763/452 
f 4896/3732 4901/3742 4899/3738 4893/3729 
f 4898/3737 4904/3746 761/450 764/453 
f 4552/3740 4545/3748 4904/3746 4898/3737 
f 4903/3745 4891/3725 762/451 761/450 
f 4526/3261 4519/3251 4891/3725 4903/3745 
f 4906/3750 4910/3756 767/456 766/455 
f 4646/3753 4638/3760 4910/3756 4906/3750 
f 4909/3755 4915/3764 768/457 767/456 
f 4912/3758 4917/3768 4915/3764 4909/3755 
f 4914/3763 4920/3772 765/454 768/457 
f 4436/3766 4426/3774 4920/3772 4914/3763 
f 4919/3771 4907/3751 766/455 765/454 
f 4540/3277 4532/3267 4907/3751 4919/3771 
s 2
f 4922/3776 4926/3782 771/460 770/459 
s 1
f 4412/3779 4402/3786 4926/3782 4922/3776 
f 4925/3781 4931/3790 772/461 771/460 
f 4928/3784 4933/3794 4931/3790 4925/3781 
s 2
f 4930/3789 4936/3798 769/458 772/461 
s 1
f 4560/3792 4550/3800 4936/3798 4930/3789 
f 4935/3797 4923/3777 770/459 769/458 
f 4901/3742 4896/3732 4923/3777 4935/3797 
s 2
f 4938/3802 4942/3808 775/464 774/463 
f 4404/3805 4394/3812 4942/3808 4938/3802 
s 1
f 4941/3807 4947/3816 776/465 775/464 
f 4944/3810 4949/3820 4947/3816 4941/3807 
s 2
f 4946/3815 4952/3824 773/462 776/465 
f 4568/3818 4558/3826 4952/3824 4946/3815 
s 1
f 4951/3823 4939/3803 774/463 773/462 
f 4933/3794 4928/3784 4939/3803 4951/3823 
s 2
f 4954/3828 4958/3837 779/468 778/467 
s 1
f 4396/3831 4386/3841 4958/3837 4954/3828 
f 4957/3836 4963/3845 780/469 779/468 
f 4960/3839 4965/3849 4963/3845 4957/3836 
s 2
f 4962/3844 4968/3853 777/466 780/469 
s 1
f 4576/3847 4566/3857 4968/3853 4962/3844 
f 4967/3852 4955/3829 778/467 777/466 
f 4949/3855 4944/3833 4955/3829 4967/3852 
f 4970/3860 4974/3866 783/472 782/471 
f 4388/3863 4378/3868 4974/3866 4970/3860 
f 4973/3865 4977/3871 784/473 783/472 
f 4846/3643 4841/3633 4977/3871 4973/3865 
f 4976/3870 4980/3876 781/470 784/473 
f 4584/3873 4574/3878 4980/3876 4976/3870 
f 4979/3875 4971/3861 782/471 781/470 
f 4965/3849 4960/3839 4971/3861 4979/3875 
s 2
f 4982/3880 4986/3886 787/476 786/475 
s 1
f 4640/3883 4630/3890 4986/3886 4982/3880 
f 4985/3885 4991/3894 788/477 787/476 
f 4988/3888 4993/3898 4991/3894 4985/3885 
s 2
f 4990/3893 4996/3902 785/474 788/477 
s 1
f 4444/3896 4434/3904 4996/3902 4990/3893 
f 4995/3901 4983/3881 786/475 785/474 
f 4917/3768 4912/3758 4983/3881 4995/3901 
s 2
f 4998/3906 5002/3912 791/480 790/479 
f 4632/3909 4622/3916 5002/3912 4998/3906 
s 1
f 5001/3911 5007/3920 792/481 791/480 
f 5004/3914 5009/3924 5007/3920 5001/3911 
s 2
f 5006/3919 5012/3928 789/478 792/481 
f 4452/3922 4442/3930 5012/3928 5006/3919 
s 1
f 5011/3927 4999/3907 790/479 789/478 
f 4993/3898 4988/3888 4999/3907 5011/3927 
s 2
f 5014/3932 5018/3941 795/484 794/483 
s 1
f 4624/3935 4614/3945 5018/3941 5014/3932 
f 5017/3940 5023/3949 796/485 795/484 
f 5020/3943 5025/3953 5023/3949 5017/3940 
s 2
f 5022/3948 5028/3957 793/482 796/485 
s 1
f 4460/3951 4450/3961 5028/3957 5022/3948 
f 5027/3956 5015/3933 794/483 793/482 
f 5009/3959 5004/3937 5015/3933 5027/3956 
f 5030/3964 5034/3970 799/488 798/487 
f 4616/3967 4606/3972 5034/3970 5030/3964 
f 5033/3969 5037/3975 800/489 799/488 
f 4879/3699 4874/3689 5037/3975 5033/3969 
f 5036/3974 5040/3980 797/486 800/489 
f 4468/3977 4458/3982 5040/3980 5036/3974 
f 5039/3979 5031/3965 798/487 797/486 
f 5025/3953 5020/3943 5031/3965 5039/3979 
f 5042/3984 5046/3990 803/492 802/491 
f 4774/3987 4766/3994 5046/3990 5042/3984 
f 5045/3989 5051/3998 804/493 803/492 
f 5048/3992 5053/4002 5051/3998 5045/3989 
f 5050/3997 5056/4006 801/490 804/493 
f 4340/4000 4333/4008 5056/4006 5050/3997 
f 5055/4005 5043/3985 802/491 801/490 
f 4311/3037 4301/3027 5043/3985 5055/4005 
f 5058/4010 5062/4016 807/496 806/495 
f 4514/4013 4506/4020 5062/4016 5058/4010 
f 5061/4015 5067/4024 808/497 807/496 
f 5064/4018 5069/4028 5067/4024 5061/4015 
f 5066/4023 5072/4032 805/494 808/497 
f 4786/4026 4779/4034 5072/4032 5066/4023 
f 5071/4031 5059/4011 806/495 805/494 
f 4327/3053 4317/3043 5059/4011 5071/4031 
s 2
f 5074/4036 5078/4042 811/500 810/499 
s 1
f 4768/4039 4758/4046 5078/4042 5074/4036 
f 5077/4041 5083/4050 812/501 811/500 
f 5080/4044 5085/4054 5083/4050 5077/4041 
s 2
f 5082/4049 5088/4058 809/498 812/501 
s 1
f 4348/4052 4338/4060 5088/4058 5082/4049 
f 5087/4057 5075/4037 810/499 809/498 
f 5053/4002 5048/3992 5075/4037 5087/4057 
s 2
f 5090/4062 5094/4068 815/504 814/503 
f 4760/4065 4750/4072 5094/4068 5090/4062 
s 1
f 5093/4067 5099/4076 816/505 815/504 
f 5096/4070 5101/4080 5099/4076 5093/4067 
s 2
f 5098/4075 5104/4084 813/502 816/505 
f 4356/4078 4346/4086 5104/4084 5098/4075 
s 1
f 5103/4083 5091/4063 814/503 813/502 
f 5085/4054 5080/4044 5091/4063 5103/4083 
s 2
f 5106/4088 5110/4097 819/508 818/507 
s 1
f 4752/4091 4742/4101 5110/4097 5106/4088 
f 5109/4096 5115/4105 820/509 819/508 
f 5112/4099 5117/4109 5115/4105 5109/4096 
s 2
f 5114/4104 5120/4113 817/506 820/509 
s 1
f 4364/4107 4354/4117 5120/4113 5114/4104 
f 5119/4112 5107/4089 818/507 817/506 
f 5101/4115 5096/4093 5107/4089 5119/4112 
f 5122/4120 5126/4126 823/512 822/511 
f 4744/4123 4734/4128 5126/4126 5122/4120 
f 5125/4125 5129/4131 824/513 823/512 
f 4856/3659 4851/3649 5129/4131 5125/4125 
f 5128/4130 5132/4136 821/510 824/513 
f 4372/4133 4362/4138 5132/4136 5128/4130 
f 5131/4135 5123/4121 822/511 821/510 
f 5117/4109 5112/4099 5123/4121 5131/4135 
s 2
f 5134/4140 5138/4146 827/516 826/515 
s 1
f 4508/4143 4498/4150 5138/4146 5134/4140 
f 5137/4145 5143/4154 828/517 827/516 
f 5140/4148 5145/4158 5143/4154 5137/4145 
s 2
f 5142/4153 5148/4162 825/514 828/517 
s 1
f 4794/4156 4784/4164 5148/4162 5142/4153 
f 5147/4161 5135/4141 826/515 825/514 
f 5069/4028 5064/4018 5135/4141 5147/4161 
s 2
f 5150/4166 5154/4172 831/520 830/519 
f 4500/4169 4490/4176 5154/4172 5150/4166 
s 1
f 5153/4171 5159/4180 832/521 831/520 
f 5156/4174 5161/4184 5159/4180 5153/4171 
s 2
f 5158/4179 5164/4188 829/518 832/521 
f 4802/4182 4792/4190 5164/4188 5158/4179 
s 1
f 5163/4187 5151/4167 830/519 829/518 
f 5145/4158 5140/4148 5151/4167 5163/4187 
s 2
f 5166/4192 5170/4201 835/524 834/523 
s 1
f 4492/4195 4482/4205 5170/4201 5166/4192 
f 5169/4200 5175/4209 836/525 835/524 
f 5172/4203 5177/4213 5175/4209 5169/4200 
s 2
f 5174/4208 5180/4217 833/522 836/525 
s 1
f 4810/4211 4800/4221 5180/4217 5174/4208 
f 5179/4216 5167/4193 834/523 833/522 
f 5161/4219 5156/4197 5167/4193 5179/4216 
f 5182/4224 5186/4230 839/528 838/527 
f 4484/4227 4474/4232 5186/4230 5182/4224 
f 5185/4229 5189/4235 840/529 839/528 
f 4869/3683 4864/3673 5189/4235 5185/4229 
f 5188/4234 5192/4240 837/526 840/529 
f 4818/4237 4808/4242 5192/4240 5188/4234 
f 5191/4239 5183/4225 838/527 837/526 
f 5177/4213 5172/4203 5183/4225 5191/4239 
f 5193/4245 5194/4246 5195/4247 5196/4248 
f 5197/4249 5198/4250 5199/4251 5200/4252 
f 5201/4253 5202/4254 5203/4255 5204/4256 
f 5205/4257 5206/4258 5207/4259 5208/4260 
f 5209/4261 5210/4262 5211/4263 5212/4264 
f 5213/4265 5214/4266 5215/4267 5216/4268 
f 5217/4269 5218/4270 5219/4271 5220/4272 
f 5221/4273 5222/4274 5223/4275 5224/4276 
f 5225/4277 5226/4278 5227/4279 5228/4280 
f 5229/4281 5230/4282 5231/4283 5232/4284 
f 5233/4285 5234/4286 5194/4246 5235/4287 
f 5236/4288 5237/4289 5234/4286 5233/4285 
f 5238/4290 5233/4285 5235/4287 5239/4291 
f 5240/4292 5236/4288 5233/4285 5238/4290 
f 5241/4293 5242/4294 5195/4247 5243/4295 
f 5244/4296 5245/4297 5242/4294 5241/4293 
f 5246/4298 5241/4293 5243/4295 5247/4299 
f 5248/4300 5244/4296 5241/4293 5246/4298 
f 5249/4301 5250/4302 5196/4248 5251/4303 
f 5252/4304 5253/4305 5250/4302 5249/4301 
f 5254/4306 5249/4301 5251/4303 5255/4307 
f 5256/4308 5252/4304 5249/4301 5254/4306 
f 5257/4309 5258/4310 5193/4245 5259/4311 
f 5260/4312 5261/4313 5258/4310 5257/4309 
f 5262/4314 5257/4309 5259/4311 5263/4315 
f 5264/4316 5260/4312 5257/4309 5262/4314 
f 5265/4317 5266/4318 5198/4250 5267/4319 
f 5268/4320 5269/4321 5266/4318 5265/4317 
f 5244/4322 5265/4317 5267/4319 5245/4323 
f 5248/4324 5268/4320 5265/4317 5244/4322 
f 5270/4325 5271/4326 5199/4251 5272/4327 
f 5273/4328 5274/4329 5271/4326 5270/4325 
f 5275/4330 5270/4325 5272/4327 5276/4331 
f 5277/4332 5273/4328 5270/4325 5275/4330 
f 5278/4333 5279/4334 5200/4252 5280/4335 
f 5281/4336 5282/4337 5279/4334 5278/4333 
f 5283/4338 5278/4333 5280/4335 5284/4339 
f 5285/4340 5281/4336 5278/4333 5283/4338 
f 5286/4341 5287/4342 5197/4249 5288/4343 
f 5254/4344 5255/4345 5287/4342 5286/4341 
f 5289/4346 5286/4341 5288/4343 5290/4347 
f 5256/4348 5254/4344 5286/4341 5289/4346 
f 5291/4349 5292/4350 5202/4254 5293/4351 
f 5294/4352 5295/4353 5292/4350 5291/4349 
f 5273/4354 5291/4349 5293/4351 5274/4355 
f 5277/4356 5294/4352 5291/4349 5273/4354 
f 5296/4357 5297/4358 5203/4255 5298/4359 
f 5299/4360 5300/4361 5297/4358 5296/4357 
f 5301/4362 5296/4357 5298/4359 5302/4363 
f 5303/4364 5299/4360 5296/4357 5301/4362 
f 5304/4365 5305/4366 5204/4256 5306/4367 
f 5307/4368 5308/4369 5305/4366 5304/4365 
f 5309/4370 5304/4365 5306/4367 5310/4371 
f 5311/4372 5307/4368 5304/4365 5309/4370 
f 5312/4373 5313/4374 5201/4253 5314/4375 
f 5283/4376 5284/4377 5313/4374 5312/4373 
f 5315/4378 5312/4373 5314/4375 5316/4379 
f 5285/4380 5283/4376 5312/4373 5315/4378 
f 5317/4381 5318/4382 5206/4258 5319/4383 
f 5246/4384 5247/4385 5318/4382 5317/4381 
f 5268/4386 5317/4381 5319/4383 5269/4387 
f 5248/4388 5246/4384 5317/4381 5268/4386 
f 5320/4389 5321/4390 5207/4259 5322/4391 
f 5323/4392 5324/4393 5321/4390 5320/4389 
f 5236/4394 5320/4389 5322/4391 5237/4395 
f 5240/4396 5323/4392 5320/4389 5236/4394 
f 5325/4397 5326/4398 5208/4260 5327/4399 
f 5301/4400 5302/4401 5326/4398 5325/4397 
f 5328/4402 5325/4397 5327/4399 5329/4403 
f 5303/4404 5301/4400 5325/4397 5328/4402 
f 5330/4405 5331/4406 5205/4257 5332/4407 
f 5275/4408 5276/4409 5331/4406 5330/4405 
f 5294/4410 5330/4405 5332/4407 5295/4411 
f 5277/4412 5275/4408 5330/4405 5294/4410 
f 5333/4413 5334/4414 5210/4262 5335/4415 
f 5289/4416 5290/4417 5334/4414 5333/4413 
f 5252/4418 5333/4413 5335/4415 5253/4419 
f 5256/4420 5289/4416 5333/4413 5252/4418 
f 5336/4421 5337/4422 5211/4263 5338/4423 
f 5315/4424 5316/4425 5337/4422 5336/4421 
f 5281/4426 5336/4421 5338/4423 5282/4427 
f 5285/4428 5315/4424 5336/4421 5281/4426 
f 5339/4429 5340/4430 5212/4264 5341/4431 
f 5342/4432 5343/4433 5340/4430 5339/4429 
f 5307/4434 5339/4429 5341/4431 5308/4435 
f 5311/4436 5342/4432 5339/4429 5307/4434 
f 5344/4437 5345/4438 5209/4261 5346/4439 
f 5262/4440 5263/4441 5345/4438 5344/4437 
f 5347/4442 5344/4437 5346/4439 5348/4443 
f 5264/4444 5262/4440 5344/4437 5347/4442 
f 5349/4445 5350/4446 5214/4266 5351/4447 
f 5352/4448 5353/4449 5350/4446 5349/4445 
f 5354/4450 5349/4445 5351/4447 5355/4451 
f 5356/4452 5352/4448 5349/4445 5354/4450 
f 5357/4453 5358/4454 5215/4267 5359/4455 
f 5360/4456 5361/4457 5358/4454 5357/4453 
f 5362/4458 5357/4453 5359/4455 5363/4459 
f 5364/4460 5360/4456 5357/4453 5362/4458 
f 5365/4461 5366/4462 5216/4268 5367/4463 
f 5368/4464 5369/4465 5366/4462 5365/4461 
f 5370/4466 5365/4461 5367/4463 5371/4467 
f 5372/4468 5368/4464 5365/4461 5370/4466 
f 5373/4469 5374/4470 5213/4265 5375/4471 
f 5376/4472 5377/4473 5374/4470 5373/4469 
f 5378/4474 5373/4469 5375/4471 5379/4475 
f 5380/4476 5376/4472 5373/4469 5378/4474 
f 5381/4477 5382/4478 5218/4270 5383/4479 
f 5238/4290 5239/4291 5382/4478 5381/4477 
f 5384/4480 5381/4477 5383/4479 5385/4481 
f 5240/4292 5238/4290 5381/4477 5384/4480 
f 5386/4482 5387/4483 5219/4271 5388/4484 
f 5389/4485 5390/4486 5387/4483 5386/4482 
f 5260/4312 5386/4482 5388/4484 5261/4313 
f 5264/4316 5389/4485 5386/4482 5260/4312 
f 5391/4487 5392/4488 5220/4272 5393/4489 
f 5354/4490 5355/4491 5392/4488 5391/4487 
f 5394/4492 5391/4487 5393/4489 5395/4493 
f 5356/4494 5354/4490 5391/4487 5394/4492 
f 5396/4495 5397/4496 5217/4269 5398/4497 
f 5399/4498 5400/4499 5397/4496 5396/4495 
f 5376/4500 5396/4495 5398/4497 5377/4501 
f 5380/4502 5399/4498 5396/4495 5376/4500 
f 5401/4503 5402/4504 5222/4274 5403/4505 
f 5347/4442 5348/4443 5402/4504 5401/4503 
f 5389/4506 5401/4503 5403/4505 5390/4507 
f 5264/4444 5347/4442 5401/4503 5389/4506 
f 5404/4508 5405/4509 5223/4275 5406/4510 
f 5407/4511 5408/4512 5405/4509 5404/4508 
f 5342/4432 5404/4508 5406/4510 5343/4433 
f 5311/4436 5407/4511 5404/4508 5342/4432 
f 5409/4513 5410/4514 5224/4276 5411/4515 
f 5362/4516 5363/4517 5410/4514 5409/4513 
f 5412/4518 5409/4513 5411/4515 5413/4519 
f 5364/4520 5362/4516 5409/4513 5412/4518 
f 5414/4521 5415/4522 5221/4273 5416/4523 
f 5394/4524 5395/4525 5415/4522 5414/4521 
f 5352/4526 5414/4521 5416/4523 5353/4527 
f 5356/4528 5394/4524 5414/4521 5352/4526 
f 5417/4529 5418/4530 5226/4278 5419/4531 
f 5309/4370 5310/4371 5418/4530 5417/4529 
f 5407/4532 5417/4529 5419/4531 5408/4533 
f 5311/4372 5309/4370 5417/4529 5407/4532 
f 5420/4534 5421/4535 5227/4279 5422/4536 
f 5423/4537 5424/4538 5421/4535 5420/4534 
f 5299/4360 5420/4534 5422/4536 5300/4361 
f 5303/4364 5423/4537 5420/4534 5299/4360 
f 5425/4539 5426/4540 5228/4280 5427/4541 
f 5370/4542 5371/4543 5426/4540 5425/4539 
f 5428/4544 5425/4539 5427/4541 5429/4545 
f 5372/4546 5370/4542 5425/4539 5428/4544 
f 5430/4547 5431/4548 5225/4277 5432/4549 
f 5412/4550 5413/4551 5431/4548 5430/4547 
f 5360/4552 5430/4547 5432/4549 5361/4553 
f 5364/4554 5412/4550 5430/4547 5360/4552 
f 5433/4555 5434/4556 5230/4282 5435/4557 
f 5328/4402 5329/4403 5434/4556 5433/4555 
f 5423/4558 5433/4555 5435/4557 5424/4559 
f 5303/4404 5328/4402 5433/4555 5423/4558 
f 5436/4560 5437/4561 5231/4283 5438/4562 
f 5384/4563 5385/4564 5437/4561 5436/4560 
f 5323/4392 5436/4560 5438/4562 5324/4393 
f 5240/4396 5384/4563 5436/4560 5323/4392 
f 5439/4565 5440/4566 5232/4284 5441/4567 
f 5378/4568 5379/4569 5440/4566 5439/4565 
f 5399/4570 5439/4565 5441/4567 5400/4571 
f 5380/4572 5378/4568 5439/4565 5399/4570 
f 5442/4573 5443/4574 5229/4281 5444/4575 
f 5428/4576 5429/4577 5443/4574 5442/4573 
f 5368/4578 5442/4573 5444/4575 5369/4579 
f 5372/4580 5428/4576 5442/4573 5368/4578 
f 5234/4286 5243/4295 5195/4247 5194/4246 
f 5237/4289 5247/4299 5243/4295 5234/4286 
f 5242/4294 5251/4303 5196/4248 5195/4247 
f 5245/4297 5255/4307 5251/4303 5242/4294 
f 5250/4302 5259/4311 5193/4245 5196/4248 
f 5253/4305 5263/4315 5259/4311 5250/4302 
f 5258/4310 5235/4287 5194/4246 5193/4245 
f 5261/4313 5239/4291 5235/4287 5258/4310 
f 5266/4318 5272/4327 5199/4251 5198/4250 
f 5269/4321 5276/4331 5272/4327 5266/4318 
f 5271/4326 5280/4335 5200/4252 5199/4251 
f 5274/4329 5284/4339 5280/4335 5271/4326 
f 5279/4334 5288/4343 5197/4249 5200/4252 
f 5282/4337 5290/4347 5288/4343 5279/4334 
f 5287/4342 5267/4319 5198/4250 5197/4249 
f 5255/4345 5245/4323 5267/4319 5287/4342 
f 5292/4350 5298/4359 5203/4255 5202/4254 
f 5295/4353 5302/4363 5298/4359 5292/4350 
f 5297/4358 5306/4367 5204/4256 5203/4255 
f 5300/4361 5310/4371 5306/4367 5297/4358 
f 5305/4366 5314/4375 5201/4253 5204/4256 
f 5308/4369 5316/4379 5314/4375 5305/4366 
f 5313/4374 5293/4351 5202/4254 5201/4253 
f 5284/4377 5274/4355 5293/4351 5313/4374 
f 5318/4382 5322/4391 5207/4259 5206/4258 
f 5247/4385 5237/4395 5322/4391 5318/4382 
f 5321/4390 5327/4399 5208/4260 5207/4259 
f 5324/4393 5329/4403 5327/4399 5321/4390 
f 5326/4398 5332/4407 5205/4257 5208/4260 
f 5302/4401 5295/4411 5332/4407 5326/4398 
f 5331/4406 5319/4383 5206/4258 5205/4257 
f 5276/4409 5269/4387 5319/4383 5331/4406 
f 5334/4414 5338/4423 5211/4263 5210/4262 
f 5290/4417 5282/4427 5338/4423 5334/4414 
f 5337/4422 5341/4431 5212/4264 5211/4263 
f 5316/4425 5308/4435 5341/4431 5337/4422 
f 5340/4430 5346/4439 5209/4261 5212/4264 
f 5343/4433 5348/4443 5346/4439 5340/4430 
f 5345/4438 5335/4415 5210/4262 5209/4261 
f 5263/4441 5253/4419 5335/4415 5345/4438 
f 5350/4446 5359/4455 5215/4267 5214/4266 
f 5353/4449 5363/4459 5359/4455 5350/4446 
f 5358/4454 5367/4463 5216/4268 5215/4267 
f 5361/4457 5371/4467 5367/4463 5358/4454 
f 5366/4462 5375/4471 5213/4265 5216/4268 
f 5369/4465 5379/4475 5375/4471 5366/4462 
f 5374/4470 5351/4447 5214/4266 5213/4265 
f 5377/4473 5355/4451 5351/4447 5374/4470 
f 5382/4478 5388/4484 5219/4271 5218/4270 
f 5239/4291 5261/4313 5388/4484 5382/4478 
f 5387/4483 5393/4489 5220/4272 5219/4271 
f 5390/4486 5395/4493 5393/4489 5387/4483 
f 5392/4488 5398/4497 5217/4269 5220/4272 
f 5355/4491 5377/4501 5398/4497 5392/4488 
f 5397/4496 5383/4479 5218/4270 5217/4269 
f 5400/4499 5385/4481 5383/4479 5397/4496 
f 5402/4504 5406/4510 5223/4275 5222/4274 
f 5348/4443 5343/4433 5406/4510 5402/4504 
f 5405/4509 5411/4515 5224/4276 5223/4275 
f 5408/4512 5413/4519 5411/4515 5405/4509 
f 5410/4514 5416/4523 5221/4273 5224/4276 
f 5363/4517 5353/4527 5416/4523 5410/4514 
f 5415/4522 5403/4505 5222/4274 5221/4273 
f 5395/4525 5390/4507 5403/4505 5415/4522 
f 5418/4530 5422/4536 5227/4279 5226/4278 
f 5310/4371 5300/4361 5422/4536 5418/4530 
f 5421/4535 5427/4541 5228/4280 5227/4279 
f 5424/4538 5429/4545 5427/4541 5421/4535 
f 5426/4540 5432/4549 5225/4277 5228/4280 
f 5371/4543 5361/4553 5432/4549 5426/4540 
f 5431/4548 5419/4531 5226/4278 5225/4277 
f 5413/4551 5408/4533 5419/4531 5431/4548 
f 5434/4556 5438/4562 5231/4283 5230/4282 
f 5329/4403 5324/4393 5438/4562 5434/4556 
f 5437/4561 5441/4567 5232/4284 5231/4283 
f 5385/4564 5400/4571 5441/4567 5437/4561 
f 5440/4566 5444/4575 5229/4281 5232/4284 
f 5379/4569 5369/4579 5444/4575 5440/4566 
f 5443/4574 5435/4557 5230/4282 5229/4281 
f 5429/4577 5424/4559 5435/4557 5443/4574 
s 16
f 5445/4581 5446/4582 5447/4583 5448/4584 
s 4
f 5449/4585 5450/4586 5451/4587 5452/4588 
f 5453/4589 5454/4590 5450/4586 5449/4585 
f 5455/4591 5456/4592 5454/4590 5453/4589 
f 5457/4593 5458/4594 5456/4592 5455/4591 
f 5459/4595 5460/4596 5458/4594 5457/4593 
f 5461/4597 5462/4598 5460/4596 5459/4595 
f 5463/4599 5464/4600 5462/4601 5461/4602 
f 5465/4603 5466/4604 5464/4605 5463/4606 
f 5467/4607 5468/4608 5466/4604 5465/4603 
f 5469/4609 5470/4610 5468/4608 5467/4607 
f 5471/4611 5472/4612 5470/4610 5469/4609 
f 5473/4613 5474/4614 5472/4612 5471/4611 
f 5475/4615 5476/4616 5474/4614 5473/4613 
f 5477/4617 5478/4618 5476/4616 5475/4615 
f 5479/4619 5480/4620 5478/4621 5477/4622 
f 5481/4623 5482/4624 5483/4625 5484/4626 
f 5485/4627 5486/4628 5480/4629 5479/4630 
f 5487/4631 5488/4632 5486/4628 5485/4627 
f 5489/4633 5490/4634 5488/4632 5487/4631 
f 5484/4626 5483/4625 5490/4634 5489/4633 
f 5491/4635 5492/4636 5482/4624 5481/4623 
f 5493/4637 5494/4638 5492/4636 5491/4635 
f 5495/4639 5496/4640 5494/4638 5493/4637 
f 5497/4641 5498/4642 5496/4640 5495/4639 
f 5499/4643 5500/4644 5498/4645 5497/4646 
f 5501/4647 5502/4648 5500/4644 5499/4643 
f 5503/4649 5504/4650 5502/4648 5501/4647 
s 16
f 5505/4651 5506/4652 5507/4653 5508/4654 
f 5509/4655 5510/4656 5506/4657 5505/4658 
f 5511/4659 5512/4660 5510/4656 5509/4655 
f 5513/4661 5505/4651 5508/4654 5514/4662 
f 5515/4663 5509/4664 5505/4651 5513/4661 
f 5516/4665 5511/4659 5509/4655 5515/4666 
f 5517/4667 5513/4661 5514/4662 5518/4668 
f 5519/4669 5515/4663 5513/4661 5517/4667 
f 5520/4670 5516/4665 5515/4666 5519/4671 
f 5521/4672 5522/4673 5523/4674 5524/4675 
f 5525/4676 5526/4677 5522/4673 5521/4672 
f 5527/4678 5528/4679 5526/4677 5525/4676 
f 5529/4680 5521/4681 5524/4682 5530/4683 
f 5531/4684 5525/4676 5521/4672 5529/4685 
f 5532/4686 5527/4678 5525/4676 5531/4684 
f 5533/4687 5529/4680 5530/4683 5534/4688 
f 5535/4689 5531/4690 5529/4680 5533/4687 
f 5536/4691 5532/4692 5531/4690 5535/4689 
f 5537/4693 5538/4694 5539/4695 5540/4696 
f 5541/4697 5542/4698 5538/4699 5537/4700 
f 5543/4701 5544/4702 5542/4698 5541/4697 
f 5545/4703 5537/4693 5540/4696 5546/4704 
f 5547/4705 5541/4706 5537/4693 5545/4703 
f 5548/4707 5543/4701 5541/4697 5547/4708 
f 5549/4709 5545/4703 5546/4704 5550/4710 
f 5551/4711 5547/4705 5545/4703 5549/4709 
f 5552/4712 5548/4707 5547/4708 5551/4713 
f 5553/4714 5554/4715 5555/4716 5556/4717 
f 5557/4718 5558/4719 5554/4715 5553/4714 
f 5559/4720 5560/4721 5558/4719 5557/4718 
f 5561/4722 5553/4723 5556/4724 5562/4725 
f 5563/4726 5557/4718 5553/4714 5561/4727 
f 5564/4728 5559/4720 5557/4718 5563/4726 
f 5565/4729 5561/4722 5562/4725 5566/4730 
f 5567/4731 5563/4732 5561/4722 5565/4729 
f 5568/4733 5564/4734 5563/4732 5567/4731 
f 5569/4735 5570/4736 5448/4584 5571/4737 
f 5572/4738 5573/4739 5570/4740 5569/4741 
f 5574/4742 5575/4743 5573/4739 5572/4738 
f 5576/4744 5569/4735 5571/4737 5577/4745 
f 5578/4746 5572/4747 5569/4735 5576/4744 
f 5579/4748 5574/4742 5572/4738 5578/4749 
f 5527/4750 5576/4744 5577/4745 5528/4751 
f 5532/4752 5578/4746 5576/4744 5527/4750 
f 5536/4691 5579/4748 5578/4749 5532/4692 
f 5580/4753 5581/4754 5445/4581 5582/4755 
f 5583/4756 5584/4757 5581/4754 5580/4753 
f 5585/4758 5586/4759 5584/4757 5583/4756 
f 5587/4760 5580/4761 5582/4762 5588/4763 
f 5589/4764 5583/4756 5580/4753 5587/4765 
f 5590/4766 5585/4758 5583/4756 5589/4764 
f 5591/4767 5587/4760 5588/4763 5592/4768 
f 5593/4769 5589/4770 5587/4760 5591/4767 
f 5594/4771 5590/4772 5589/4770 5593/4769 
f 5595/4773 5596/4774 5446/4582 5597/4775 
f 5598/4776 5599/4777 5596/4778 5595/4779 
f 5600/4780 5601/4781 5599/4777 5598/4776 
f 5602/4782 5595/4773 5597/4775 5603/4783 
f 5604/4784 5598/4785 5595/4773 5602/4782 
f 5605/4786 5600/4780 5598/4776 5604/4787 
f 5606/4788 5602/4782 5603/4783 5607/4789 
f 5608/4790 5604/4784 5602/4782 5606/4788 
f 5609/4791 5605/4786 5604/4787 5608/4792 
f 5610/4793 5611/4794 5447/4583 5612/4795 
f 5613/4796 5614/4797 5611/4794 5610/4793 
f 5549/4798 5550/4799 5614/4797 5613/4796 
f 5615/4800 5610/4801 5612/4802 5616/4803 
f 5617/4804 5613/4796 5610/4793 5615/4805 
f 5551/4806 5549/4798 5613/4796 5617/4804 
f 5618/4807 5615/4800 5616/4803 5619/4808 
f 5620/4809 5617/4810 5615/4800 5618/4807 
f 5552/4712 5551/4713 5617/4810 5620/4809 
f 5621/4811 5622/4812 5623/4813 5624/4814 
f 5625/4815 5626/4816 5622/4817 5621/4818 
f 5627/4819 5628/4820 5626/4816 5625/4815 
f 5629/4821 5621/4811 5624/4814 5630/4822 
f 5631/4823 5625/4824 5621/4811 5629/4821 
f 5632/4825 5627/4819 5625/4815 5631/4826 
f 5585/4827 5629/4821 5630/4822 5586/4828 
f 5590/4829 5631/4823 5629/4821 5585/4827 
f 5594/4771 5632/4825 5631/4826 5590/4772 
f 5633/4830 5634/4831 5635/4832 5636/4833 
f 5637/4834 5638/4835 5634/4831 5633/4830 
f 5606/4836 5607/4837 5638/4835 5637/4834 
f 5639/4838 5633/4839 5636/4840 5640/4841 
f 5641/4842 5637/4834 5633/4830 5639/4843 
f 5608/4844 5606/4836 5637/4834 5641/4842 
f 5642/4845 5639/4838 5640/4841 5643/4846 
f 5644/4847 5641/4848 5639/4838 5642/4845 
f 5609/4791 5608/4792 5641/4848 5644/4847 
f 5645/4849 5646/4850 5647/4851 5648/4852 
f 5649/4853 5650/4854 5646/4850 5645/4849 
f 5517/4855 5518/4856 5650/4854 5649/4853 
f 5651/4857 5645/4858 5648/4859 5652/4860 
f 5653/4861 5649/4853 5645/4849 5651/4862 
f 5519/4863 5517/4855 5649/4853 5653/4861 
f 5654/4864 5651/4857 5652/4860 5655/4865 
f 5656/4866 5653/4867 5651/4857 5654/4864 
f 5520/4670 5519/4671 5653/4867 5656/4866 
f 5657/4868 5658/4869 5659/4870 5660/4871 
f 5661/4872 5662/4873 5658/4874 5657/4875 
f 5663/4876 5664/4877 5662/4873 5661/4872 
f 5665/4878 5657/4868 5660/4871 5666/4879 
f 5667/4880 5661/4881 5657/4868 5665/4878 
f 5668/4882 5663/4876 5661/4872 5667/4883 
f 5559/4884 5665/4878 5666/4879 5560/4885 
f 5564/4886 5667/4880 5665/4878 5559/4884 
f 5568/4733 5668/4882 5667/4883 5564/4734 
f 5522/4673 5540/4696 5539/4695 5523/4674 
f 5526/4677 5546/4704 5540/4696 5522/4673 
f 5528/4679 5550/4710 5546/4704 5526/4677 
f 5554/4715 5508/4654 5507/4653 5555/4716 
f 5558/4719 5514/4662 5508/4654 5554/4715 
f 5560/4721 5518/4668 5514/4662 5558/4719 
f 5581/4754 5597/4775 5446/4582 5445/4581 
f 5584/4757 5603/4783 5597/4775 5581/4754 
f 5586/4759 5607/4789 5603/4783 5584/4757 
f 5446/4582 5596/4774 5612/4795 5447/4583 
f 5596/4778 5599/4777 5616/4803 5612/4802 
f 5599/4777 5601/4781 5619/4808 5616/4803 
f 5611/4794 5571/4737 5448/4584 5447/4583 
f 5614/4797 5577/4745 5571/4737 5611/4794 
f 5550/4799 5528/4751 5577/4745 5614/4797 
f 5634/4831 5624/4814 5623/4813 5635/4832 
f 5638/4835 5630/4822 5624/4814 5634/4831 
f 5607/4837 5586/4828 5630/4822 5638/4835 
f 5646/4850 5660/4871 5659/4870 5647/4851 
f 5650/4854 5666/4879 5660/4871 5646/4850 
f 5518/4856 5560/4885 5666/4879 5650/4854 
f 5669/4887 5670/4888 5671/4889 5672/4890 
f 5670/4888 5673/4891 5674/4892 5671/4889 
f 5673/4891 5592/4768 5575/4743 5674/4892 
s 4
f 5675/4893 5676/4894 5677/4895 5678/4896 
f 5676/4894 5679/4897 5680/4898 5677/4895 
f 5679/4897 5681/4899 5682/4900 5680/4898 
s 16
f 5669/4887 5683/4901 5670/4888 
f 5684/4902 5673/4891 5670/4888 5683/4901 
f 5591/4767 5592/4768 5673/4891 5684/4902 
f 5685/4903 5683/4901 5686/4904 5687/4905 
f 5683/4901 5688/4906 5684/4902 
f 5593/4769 5591/4767 5684/4902 5688/4906 
f 5627/4819 5685/4903 5687/4905 5628/4820 
f 5632/4825 5688/4906 5685/4903 5627/4819 
f 5688/4906 5594/4771 5593/4769 
f 5672/4890 5689/4907 5690/4908 
f 5691/4909 5692/4910 5690/4908 5689/4907 
f 5533/4687 5534/4688 5692/4910 5691/4909 
f 5693/4911 5689/4907 5671/4889 5674/4892 
f 5689/4907 5694/4912 5691/4909 
f 5535/4689 5533/4687 5691/4909 5694/4912 
f 5574/4742 5693/4911 5674/4892 5575/4743 
f 5579/4748 5694/4912 5693/4911 5574/4742 
f 5694/4912 5536/4691 5535/4689 
f 5695/4913 5696/4914 5697/4915 
f 5698/4916 5699/4917 5697/4915 5696/4914 
f 5654/4864 5655/4865 5699/4917 5698/4916 
f 5700/4918 5696/4914 5701/4919 5702/4920 
f 5696/4914 5703/4921 5698/4916 
f 5656/4866 5654/4864 5698/4916 5703/4921 
f 5511/4659 5700/4918 5702/4920 5512/4660 
f 5516/4665 5703/4921 5700/4918 5511/4659 
f 5703/4921 5520/4670 5656/4866 
f 5704/4922 5705/4923 5706/4924 
f 5707/4925 5708/4926 5706/4924 5705/4923 
f 5618/4807 5619/4808 5708/4926 5707/4925 
f 5709/4927 5705/4923 5710/4928 5711/4929 
f 5705/4923 5712/4930 5707/4925 
f 5620/4809 5618/4807 5707/4925 5712/4930 
f 5543/4701 5709/4927 5711/4929 5544/4702 
f 5548/4707 5712/4930 5709/4927 5543/4701 
f 5712/4930 5552/4712 5620/4809 
f 5713/4931 5714/4932 5715/4933 
f 5716/4934 5717/4935 5715/4933 5714/4932 
f 5642/4845 5643/4846 5717/4935 5716/4934 
f 5718/4936 5714/4932 5719/4937 5720/4938 
f 5714/4932 5721/4939 5716/4934 
f 5644/4847 5642/4845 5716/4934 5721/4939 
f 5600/4780 5718/4936 5720/4938 5601/4781 
f 5605/4786 5721/4939 5718/4936 5600/4780 
f 5721/4939 5609/4791 5644/4847 
f 5722/4940 5723/4941 5724/4942 
f 5725/4943 5726/4944 5724/4942 5723/4941 
f 5565/4729 5566/4730 5726/4944 5725/4943 
f 5727/4945 5723/4941 5728/4946 5729/4947 
f 5723/4941 5730/4948 5725/4943 
f 5567/4731 5565/4729 5725/4943 5730/4948 
f 5663/4876 5727/4945 5729/4947 5664/4877 
f 5668/4882 5730/4948 5727/4945 5663/4876 
f 5730/4948 5568/4733 5567/4731 
f 5669/4887 5686/4904 5683/4901 
f 5683/4901 5685/4903 5688/4906 
f 5688/4906 5632/4825 5594/4771 
f 5713/4931 5719/4937 5714/4932 
f 5714/4932 5718/4936 5721/4939 
f 5721/4939 5605/4786 5609/4791 
f 5704/4922 5710/4928 5705/4923 
f 5705/4923 5709/4927 5712/4930 
f 5712/4930 5548/4707 5552/4712 
f 5722/4940 5728/4946 5723/4941 
f 5723/4941 5727/4945 5730/4948 
f 5730/4948 5668/4882 5568/4733 
f 5672/4890 5671/4889 5689/4907 
f 5689/4907 5693/4911 5694/4912 
f 5694/4912 5579/4748 5536/4691 
f 5695/4913 5701/4919 5696/4914 
f 5696/4914 5700/4918 5703/4921 
f 5703/4921 5516/4665 5520/4670 
f 5647/4851 5659/4870 5731/4949 5732/4950 
f 5452/4588 5451/4587 5669/4887 5672/4890 
s 4
f 5733/4951 5734/4952 5504/4650 5503/4649 
s 2
f 5735/4953 5736/4954 5737/4955 5738/4956 
f 5739/4957 5738/4956 5737/4955 5740/4958 
f 5741/4959 5739/4957 5740/4958 5742/4960 
f 5743/4961 5741/4959 5742/4960 5744/4962 
f 5745/4963 5743/4961 5744/4962 5746/4964 
f 5747/4965 5745/4963 5746/4964 5748/4966 
f 5749/4967 5747/4968 5748/4969 5750/4970 
f 5751/4971 5749/4972 5750/4973 5752/4974 
f 5753/4975 5751/4971 5752/4974 5754/4976 
f 5755/4977 5753/4975 5754/4976 5756/4978 
f 5757/4979 5755/4977 5756/4978 5758/4980 
f 5759/4981 5757/4979 5758/4980 5760/4982 
f 5761/4983 5759/4981 5760/4982 5762/4984 
f 5763/4985 5761/4983 5762/4984 5764/4986 
f 5765/4987 5763/4988 5764/4989 5766/4990 
f 5767/4991 5768/4992 5769/4993 5770/4994 
f 5771/4995 5765/4996 5766/4997 5772/4998 
f 5773/4999 5771/4995 5772/4998 5774/5000 
f 5775/5001 5773/4999 5774/5000 5776/5002 
f 5768/4992 5775/5001 5776/5002 5769/4993 
f 5777/5003 5767/4991 5770/4994 5778/5004 
f 5779/5005 5777/5003 5778/5004 5780/5006 
f 5781/5007 5779/5005 5780/5006 5782/5008 
f 5783/5009 5781/5007 5782/5008 5784/5010 
f 5785/5011 5783/5012 5784/5013 5786/5014 
f 5787/5015 5785/5011 5786/5014 5788/5016 
f 5789/5017 5787/5015 5788/5016 5790/5018 
s 16
f 5570/4736 5582/4755 5445/4581 5448/4584 
f 5570/4740 5573/4739 5588/4763 5582/4762 
f 5573/4739 5575/4743 5592/4768 5588/4763 
f 5659/4870 5658/4869 5791/5019 5731/4949 
f 5658/4869 5662/5020 5792/5021 5791/5019 
f 5664/5022 5793/5023 5792/5021 5662/5020 
f 5695/4913 5697/4915 5794/5024 5795/5025 
f 5697/4915 5699/4917 5796/5026 5794/5024 
f 5655/5027 5797/5028 5796/5029 5699/5030 
f 5704/4922 5706/4924 5719/4937 5713/4931 
f 5706/4924 5708/4926 5720/4938 5719/4937 
f 5708/4926 5619/4808 5601/4781 5720/4938 
s 2
f 5798/5031 5799/5032 5800/5033 5801/5034 
f 5799/5032 5802/5035 5803/5036 5800/5033 
f 5804/5037 5805/5038 5803/5036 5802/5035 
s 4
f 5733/4951 5806/5039 5807/5040 5734/4952 
f 5806/5041 5808/5042 5809/5043 5807/5044 
f 5808/5042 5682/4900 5681/4899 5809/5043 
s 16
f 5795/5025 5736/4954 5735/4953 5695/4913 
s 2
f 5790/5018 5810/5045 5811/5046 5789/5017 
s 16
f 5732/4950 5812/5047 5648/4852 5647/4851 
f 5812/5047 5813/5048 5652/5049 5648/4852 
f 5797/5028 5655/5027 5652/5049 5813/5048 
f 5814/5050 5815/5051 5728/4946 5722/4940 
f 5815/5051 5816/5052 5729/4947 5728/4946 
f 5793/5023 5664/5022 5729/5053 5816/5054 
s 2
f 5810/5045 5817/5055 5818/5056 5811/5046 
f 5817/5057 5819/5058 5820/5059 5818/5060 
f 5805/5038 5804/5037 5820/5059 5819/5058 
s 64
f 5798/5031 5801/5034 5814/5050 5722/4940 
f 5675/4893 5678/4896 5704/4922 5713/4931 
s 16
f 5732/5061 5731/5062 5635/5063 5623/5064 
f 5451/5065 5736/5066 5795/5067 5669/5068 
s 1
f 5734/5069 5810/5070 5790/5071 5504/5072 
f 5450/5073 5737/5074 5736/5066 5451/5065 
f 5454/5075 5740/5076 5737/5074 5450/5073 
f 5456/5077 5742/5078 5740/5076 5454/5075 
f 5458/5079 5744/5080 5742/5078 5456/5077 
f 5460/5081 5746/5082 5744/5080 5458/5079 
f 5462/5083 5748/5084 5746/5082 5460/5081 
f 5464/5085 5750/5086 5748/5087 5462/5088 
f 5466/5089 5752/5090 5750/5091 5464/5092 
f 5468/5093 5754/5094 5752/5090 5466/5089 
f 5470/5095 5756/5096 5754/5094 5468/5093 
f 5472/5097 5758/5098 5756/5096 5470/5095 
f 5474/5099 5760/5100 5758/5098 5472/5097 
f 5476/5101 5762/5102 5760/5100 5474/5099 
f 5478/5103 5764/5104 5762/5102 5476/5101 
f 5480/5105 5766/5106 5764/5107 5478/5108 
f 5482/5109 5770/5110 5769/5111 5483/5112 
f 5486/5113 5772/5114 5766/5115 5480/5116 
f 5488/5117 5774/5118 5772/5114 5486/5113 
f 5490/5119 5776/5120 5774/5118 5488/5117 
f 5483/5112 5769/5111 5776/5120 5490/5119 
f 5492/5121 5778/5122 5770/5110 5482/5109 
f 5494/5123 5780/5124 5778/5122 5492/5121 
f 5496/5125 5782/5126 5780/5124 5494/5123 
f 5498/5127 5784/5128 5782/5126 5496/5125 
f 5500/5129 5786/5130 5784/5131 5498/5132 
f 5502/5133 5788/5134 5786/5130 5500/5129 
f 5504/5072 5790/5071 5788/5134 5502/5133 
s 16
f 5622/5135 5812/5136 5732/5061 5623/5064 
f 5622/5137 5626/5138 5813/5139 5812/5140 
f 5626/5138 5628/5141 5797/5142 5813/5139 
f 5731/5062 5791/5143 5636/5144 5635/5063 
f 5791/5145 5792/5146 5640/5147 5636/5148 
f 5792/5146 5793/5149 5643/5150 5640/5147 
f 5795/5067 5794/5151 5686/5152 5669/5068 
f 5794/5151 5796/5153 5687/5154 5686/5152 
f 5796/5153 5797/5142 5628/5141 5687/5154 
f 5713/5155 5715/5156 5815/5157 5814/5158 
f 5715/5156 5717/5159 5816/5160 5815/5157 
f 5717/5159 5643/5150 5793/5149 5816/5160 
s 1
f 5801/5161 5800/5162 5676/5163 5675/5164 
f 5800/5162 5803/5165 5679/5166 5676/5163 
f 5803/5165 5805/5167 5681/5168 5679/5166 
f 5734/5069 5807/5169 5817/5170 5810/5070 
f 5807/5171 5809/5172 5819/5173 5817/5174 
f 5809/5172 5681/5168 5805/5167 5819/5173 
s 32
f 5801/5161 5675/5164 5713/5155 5814/5158 
s 16
f 5695/5175 5735/5176 5452/5177 5672/5178 
s 8
f 5789/5179 5811/5180 5733/5181 5503/5182 
s 16
f 5507/5183 5506/5184 5524/5185 5523/5186 
f 5506/5187 5510/5188 5530/5189 5524/5190 
f 5510/5188 5512/5191 5534/5192 5530/5189 
f 5722/5193 5724/5194 5710/5195 5704/5196 
f 5724/5194 5726/5197 5711/5198 5710/5195 
f 5726/5197 5566/5199 5544/5200 5711/5198 
s 8
f 5811/5180 5818/5201 5806/5202 5733/5181 
f 5818/5203 5820/5204 5808/5205 5806/5206 
f 5820/5204 5804/5207 5682/5208 5808/5205 
s 16
f 5539/5209 5555/5210 5507/5183 5523/5186 
s 8
f 5449/5211 5452/5177 5735/5176 5738/5212 
f 5453/5213 5449/5211 5738/5212 5739/5214 
f 5455/5215 5453/5213 5739/5214 5741/5216 
f 5457/5217 5455/5215 5741/5216 5743/5218 
f 5459/5219 5457/5217 5743/5218 5745/5220 
f 5461/5221 5459/5219 5745/5220 5747/5222 
f 5463/5223 5461/5224 5747/5225 5749/5226 
f 5465/5227 5463/5228 5749/5229 5751/5230 
f 5467/5231 5465/5227 5751/5230 5753/5232 
f 5469/5233 5467/5231 5753/5232 5755/5234 
f 5471/5235 5469/5233 5755/5234 5757/5236 
f 5473/5237 5471/5235 5757/5236 5759/5238 
f 5475/5239 5473/5237 5759/5238 5761/5240 
f 5477/5241 5475/5239 5761/5240 5763/5242 
f 5479/5243 5477/5244 5763/5245 5765/5246 
f 5481/5247 5484/5248 5768/5249 5767/5250 
f 5485/5251 5479/5252 5765/5253 5771/5254 
f 5487/5255 5485/5251 5771/5254 5773/5256 
f 5489/5257 5487/5255 5773/5256 5775/5258 
f 5484/5248 5489/5257 5775/5258 5768/5249 
f 5491/5259 5481/5247 5767/5250 5777/5260 
f 5493/5261 5491/5259 5777/5260 5779/5262 
f 5495/5263 5493/5261 5779/5262 5781/5264 
f 5497/5265 5495/5263 5781/5264 5783/5266 
f 5499/5267 5497/5268 5783/5269 5785/5270 
f 5501/5271 5499/5267 5785/5270 5787/5272 
f 5501/5271 5787/5272 5789/5179 5503/5182 
s 16
f 5539/5209 5538/5273 5556/5274 5555/5210 
f 5538/5275 5542/5276 5562/5277 5556/5278 
f 5542/5276 5544/5200 5566/5199 5562/5277 
f 5690/5279 5701/5280 5695/5175 5672/5178 
f 5690/5279 5692/5281 5702/5282 5701/5280 
f 5692/5281 5534/5192 5512/5191 5702/5282 
s 8
f 5678/5283 5677/5284 5799/5285 5798/5286 
f 5677/5284 5680/5287 5802/5288 5799/5285 
f 5680/5287 5682/5208 5804/5207 5802/5288 
s 32
f 5678/5283 5798/5286 5722/5193 5704/5196 
s 1
f 5821/5289 5822/5290 5823/5291 5824/5292 
f 5825/5293 5826/5294 5827/5295 5828/5296 
f 5827/5295 5829/5297 5828/5296 
f 5825/5293 5828/5296 5830/5298 
f 5831/5299 5832/5300 5833/5301 5834/5302 
f 5835/5303 5836/5304 5837/5305 5838/5306 
f 5835/5303 5838/5306 5839/5307 5840/5308 
f 5841/5309 5842/5310 5843/5311 5844/5312 
f 5845/5313 5846/5314 5847/5315 5848/5316 
f 5849/5317 5850/5318 5851/5319 5852/5320 
f 5853/5321 5854/5322 5855/5323 5856/5324 
f 5857/5325 5858/5326 5859/5327 5860/5328 
f 5861/5329 5862/5330 5863/5331 5864/5332 
f 5860/5328 5861/5329 5864/5332 5857/5325 
f 5865/5333 5866/5334 5867/5335 5868/5336 
f 5869/5337 5870/5338 5871/5339 5872/5340 
f 5868/5336 5872/5340 5871/5339 5865/5333 
f 5873/5341 5874/5342 5875/5343 5876/5344 
f 5877/5345 5878/5346 5879/5347 5880/5348 
f 5881/5349 5882/5350 5883/5351 5884/5352 
f 5885/5353 5886/5354 5887/5355 5888/5356 
f 5889/5357 5890/5358 5891/5359 5892/5360 
f 5893/5361 5894/5362 5895/5363 5896/5364 
f 5897/5365 5898/5366 5899/5367 5900/5368 
f 5901/5369 5902/5370 5903/5371 5904/5372 
f 5905/5373 5906/5374 5907/5375 5908/5376 
f 5909/5377 5910/5378 5911/5379 5912/5380 
f 5913/5381 5914/5382 5915/5383 5916/5384 
f 5917/5385 5918/5386 5919/5387 5920/5388 
f 5921/5389 5922/5390 5923/5391 5924/5392 
f 5925/5393 5926/5394 5927/5395 5928/5396 
f 5929/5397 5930/5398 5931/5399 5932/5400 
f 5933/5401 5934/5402 5935/5403 5936/5404 
f 5937/5405 5938/5406 5939/5407 5940/5408 
f 5941/5409 5942/5410 5943/5411 5944/5412 
f 5945/5413 5946/5414 5822/5290 5947/5415 
f 5948/5416 5949/5417 5946/5414 5945/5413 
f 5950/5418 5945/5413 5947/5415 5951/5419 
f 5952/5420 5948/5416 5945/5413 5950/5418 
f 5953/5421 5954/5422 5823/5291 5955/5423 
f 5956/5424 5957/5425 5954/5422 5953/5421 
f 5958/5426 5953/5421 5955/5423 5959/5427 
f 5960/5428 5956/5424 5953/5421 5958/5426 
f 5961/5429 5962/5430 5824/5292 5963/5431 
f 5964/5432 5965/5433 5962/5430 5961/5429 
f 5966/5434 5961/5429 5963/5431 5967/5435 
f 5968/5436 5964/5432 5961/5429 5966/5434 
f 5969/5437 5970/5438 5821/5289 5971/5439 
f 5972/5440 5973/5441 5970/5438 5969/5437 
f 5974/5442 5969/5437 5971/5439 5975/5443 
f 5976/5444 5972/5440 5969/5437 5974/5442 
f 5977/5445 5978/5446 5829/5297 5979/5447 
f 5974/5448 5975/5449 5978/5446 5977/5445 
f 5980/5450 5977/5445 5979/5447 5981/5451 
f 5976/5452 5974/5448 5977/5445 5980/5450 
f 5982/5453 5983/5454 5828/5296 5984/5455 
f 5985/5456 5986/5457 5983/5454 5982/5453 
f 5964/5458 5982/5453 5984/5455 5965/5459 
f 5968/5460 5985/5456 5982/5453 5964/5458 
f 5987/5461 5988/5462 5830/5298 5989/5463 
f 5990/5464 5991/5465 5988/5462 5987/5461 
f 5992/5466 5987/5461 5989/5463 5993/5467 
f 5994/5468 5990/5464 5987/5461 5992/5466 
f 5995/5469 5996/5470 5825/5293 5997/5471 
f 5998/5472 5999/5473 5996/5470 5995/5469 
f 6000/5474 5995/5469 5997/5471 6001/5475 
f 6002/5476 5998/5477 5995/5478 6000/5479 
f 6003/5480 6004/5481 5826/5294 6005/5482 
f 6006/5483 6007/5484 6004/5481 6003/5480 
f 6008/5485 6003/5480 6005/5482 6009/5486 
f 6010/5487 6006/5488 6003/5489 6008/5490 
f 6011/5491 6012/5492 5827/5295 6013/5493 
f 6014/5494 6015/5495 6012/5492 6011/5491 
f 6016/5496 6011/5491 6013/5493 6017/5497 
f 6018/5498 6014/5494 6011/5491 6016/5496 
f 6019/5499 6020/5500 5832/5300 6021/5501 
f 6008/5490 6009/5502 6020/5500 6019/5499 
f 6022/5503 6019/5499 6021/5501 6023/5504 
f 6010/5487 6008/5490 6019/5499 6022/5503 
f 6024/5505 6025/5506 5833/5301 6026/5507 
f 6027/5508 6028/5509 6025/5506 6024/5505 
f 5998/5477 6024/5505 6026/5507 5999/5510 
f 6002/5476 6027/5508 6024/5505 5998/5477 
f 6029/5511 6030/5512 5834/5302 6031/5513 
f 6032/5514 6033/5515 6030/5512 6029/5511 
f 6034/5516 6029/5511 6031/5513 6035/5517 
f 6036/5518 6032/5514 6029/5511 6034/5516 
f 6037/5519 6038/5520 5831/5299 6039/5521 
f 6040/5522 6041/5523 6038/5520 6037/5519 
f 6042/5524 6037/5519 6039/5521 6043/5525 
f 6044/5526 6040/5522 6037/5519 6042/5524 
f 6045/5527 6046/5528 5840/5308 6047/5529 
f 6042/5530 6043/5531 6046/5528 6045/5527 
f 6048/5532 6045/5527 6047/5529 6049/5533 
f 6044/5534 6042/5530 6045/5527 6048/5532 
f 6050/5535 6051/5536 5835/5303 6052/5537 
f 6053/5538 6054/5539 6051/5536 6050/5535 
f 6032/5540 6050/5535 6052/5537 6033/5541 
f 6036/5542 6053/5538 6050/5535 6032/5540 
f 6055/5543 6056/5544 5836/5304 6057/5545 
f 6058/5546 6059/5547 6056/5544 6055/5543 
f 6060/5548 6055/5543 6057/5545 6061/5549 
f 6062/5550 6058/5546 6055/5543 6060/5548 
f 6063/5551 6064/5552 5837/5305 6065/5553 
f 6066/5554 6067/5555 6064/5552 6063/5551 
f 6068/5556 6063/5551 6065/5553 6069/5557 
f 6070/5558 6066/5554 6063/5551 6068/5556 
f 6071/5559 6072/5560 5838/5306 6073/5561 
f 6074/5562 6075/5563 6072/5560 6071/5559 
f 6076/5564 6071/5559 6073/5561 6077/5565 
f 6078/5566 6074/5562 6071/5559 6076/5564 
f 6079/5567 6080/5568 5839/5307 6081/5569 
f 6082/5570 6083/5571 6080/5568 6079/5567 
f 6084/5572 6079/5567 6081/5569 6085/5573 
f 6086/5574 6082/5570 6079/5567 6084/5572 
f 6087/5575 6088/5576 5842/5310 6089/5577 
f 6076/5578 6077/5579 6088/5576 6087/5575 
f 6090/5580 6087/5575 6089/5577 6091/5581 
f 6078/5582 6076/5578 6087/5575 6090/5580 
f 6092/5583 6093/5584 5843/5311 6094/5585 
f 6095/5586 6096/5587 6093/5584 6092/5583 
f 6066/5588 6092/5583 6094/5585 6067/5589 
f 6070/5590 6095/5586 6092/5583 6066/5588 
f 6097/5591 6098/5592 5844/5312 6099/5593 
f 6100/5594 6101/5595 6098/5592 6097/5591 
f 6102/5596 6097/5591 6099/5593 6103/5597 
f 6104/5598 6100/5594 6097/5591 6102/5596 
f 6105/5599 6106/5600 5841/5309 6107/5601 
f 6108/5602 6109/5603 6106/5600 6105/5599 
f 6110/5604 6105/5599 6107/5601 6111/5605 
f 6112/5606 6108/5602 6105/5599 6110/5604 
f 6113/5607 6114/5608 5846/5314 6115/5609 
f 6110/5610 6111/5611 6114/5608 6113/5607 
f 6116/5612 6113/5607 6115/5609 6117/5613 
f 6112/5614 6110/5610 6113/5607 6116/5612 
f 6118/5615 6119/5616 5847/5315 6120/5617 
f 6121/5618 6122/5619 6119/5616 6118/5615 
f 6100/5620 6118/5615 6120/5617 6101/5621 
f 6104/5622 6121/5618 6118/5615 6100/5620 
f 6123/5623 6124/5624 5848/5316 6125/5625 
f 6126/5626 6127/5627 6124/5624 6123/5623 
f 6128/5628 6123/5623 6125/5625 6129/5629 
f 6130/5630 6126/5626 6123/5623 6128/5628 
f 6131/5631 6132/5632 5845/5313 6133/5633 
f 6134/5634 6135/5635 6132/5632 6131/5631 
f 6136/5636 6131/5631 6133/5633 6137/5637 
f 6138/5638 6134/5634 6131/5631 6136/5636 
f 6139/5639 6140/5640 5850/5318 6141/5641 
f 6136/5642 6137/5643 6140/5640 6139/5639 
f 6142/5644 6139/5639 6141/5641 6143/5645 
f 6138/5646 6136/5642 6139/5639 6142/5644 
f 6144/5647 6145/5648 5851/5319 6146/5649 
f 6147/5650 6148/5651 6145/5648 6144/5647 
f 6126/5652 6144/5647 6146/5649 6127/5653 
f 6130/5654 6147/5650 6144/5647 6126/5652 
f 6149/5655 6150/5656 5852/5320 6151/5657 
f 6152/5658 6153/5659 6150/5656 6149/5655 
f 6154/5660 6149/5655 6151/5657 6155/5661 
f 6156/5662 6152/5658 6149/5655 6154/5660 
f 6157/5663 6158/5664 5849/5317 6159/5665 
f 6160/5666 6161/5667 6158/5664 6157/5663 
f 6162/5668 6157/5663 6159/5665 6163/5669 
f 6164/5670 6160/5666 6157/5663 6162/5668 
f 6165/5671 6166/5672 5854/5322 6167/5673 
f 6162/5674 6163/5675 6166/5672 6165/5671 
f 6168/5676 6165/5671 6167/5673 6169/5677 
f 6164/5678 6162/5674 6165/5671 6168/5676 
f 6170/5679 6171/5680 5855/5323 6172/5681 
f 6173/5682 6174/5683 6171/5680 6170/5679 
f 6152/5684 6170/5679 6172/5681 6153/5685 
f 6156/5686 6173/5682 6170/5679 6152/5684 
f 6175/5687 6176/5688 5856/5324 6177/5689 
f 5958/5690 5959/5691 6176/5688 6175/5687 
f 6178/5692 6175/5687 6177/5689 6179/5693 
f 5960/5694 5958/5690 6175/5687 6178/5692 
f 6180/5695 6181/5696 5853/5321 6182/5697 
f 6183/5698 6184/5699 6181/5696 6180/5695 
f 5948/5700 6180/5695 6182/5697 5949/5701 
f 5952/5702 6183/5698 6180/5695 5948/5700 
f 6185/5703 6186/5704 5861/5329 6187/5705 
f 6188/5706 6189/5707 6186/5704 6185/5703 
f 6190/5708 6185/5703 6187/5705 6191/5709 
f 6192/5710 6188/5706 6185/5703 6190/5708 
f 6193/5711 6194/5712 5862/5330 6195/5713 
f 6196/5714 6197/5715 6194/5712 6193/5711 
f 6198/5716 6193/5711 6195/5713 6199/5717 
f 6200/5718 6196/5714 6193/5711 6198/5716 
f 6201/5719 6202/5720 5863/5331 6203/5721 
f 6204/5722 6205/5723 6202/5720 6201/5719 
f 6206/5724 6201/5719 6203/5721 6207/5725 
f 6208/5726 6204/5722 6201/5719 6206/5724 
f 6209/5727 6210/5728 5864/5332 6211/5729 
f 6212/5730 6213/5731 6210/5728 6209/5727 
f 6214/5732 6209/5727 6211/5729 6215/5733 
f 6216/5734 6212/5730 6209/5727 6214/5732 
f 6217/5735 6218/5736 5857/5325 6219/5737 
f 6220/5738 6221/5739 6218/5736 6217/5735 
f 6222/5740 6217/5735 6219/5737 6223/5741 
f 6224/5742 6220/5738 6217/5735 6222/5740 
f 6225/5743 6226/5744 5858/5326 6227/5745 
f 6228/5746 6229/5747 6226/5744 6225/5743 
f 6230/5748 6225/5743 6227/5745 6231/5749 
f 6232/5750 6228/5746 6225/5743 6230/5748 
f 6233/5751 6234/5752 5859/5327 6235/5753 
f 6236/5754 6237/5755 6234/5752 6233/5751 
f 6238/5756 6233/5751 6235/5753 6239/5757 
f 6240/5758 6236/5754 6233/5751 6238/5756 
f 6241/5759 6242/5760 5860/5328 6243/5761 
f 6244/5762 6245/5763 6242/5760 6241/5759 
f 6246/5764 6241/5759 6243/5761 6247/5765 
f 6248/5766 6244/5762 6241/5759 6246/5764 
f 6249/5767 6250/5768 5871/5339 6251/5769 
f 6252/5770 6253/5771 6250/5768 6249/5767 
f 6254/5772 6249/5767 6251/5769 6255/5773 
f 6256/5774 6252/5770 6249/5767 6254/5772 
f 6257/5775 6258/5776 5865/5333 6259/5777 
f 6260/5778 6261/5779 6258/5776 6257/5775 
f 6262/5780 6257/5775 6259/5777 6263/5781 
f 6264/5782 6260/5778 6257/5775 6262/5780 
f 6265/5783 6266/5784 5866/5334 6267/5785 
f 6268/5786 6269/5787 6266/5784 6265/5783 
f 6270/5788 6265/5783 6267/5785 6271/5789 
f 6272/5790 6268/5786 6265/5783 6270/5788 
f 6273/5791 6274/5792 5867/5335 6275/5793 
f 6276/5794 6277/5795 6274/5792 6273/5791 
f 6278/5796 6273/5791 6275/5793 6279/5797 
f 6280/5798 6276/5794 6273/5791 6278/5796 
f 6281/5799 6282/5800 5868/5336 6283/5801 
f 6284/5802 6285/5803 6282/5800 6281/5799 
f 6286/5804 6281/5799 6283/5801 6287/5805 
f 6288/5806 6284/5802 6281/5799 6286/5804 
f 6289/5807 6290/5808 5872/5340 6291/5809 
f 6292/5810 6293/5811 6290/5808 6289/5807 
f 6294/5812 6289/5807 6291/5809 6295/5813 
f 6296/5814 6292/5810 6289/5807 6294/5812 
f 6297/5815 6298/5816 5869/5337 6299/5817 
f 6300/5818 6301/5819 6298/5816 6297/5815 
f 6302/5820 6297/5815 6299/5817 6303/5821 
f 6304/5822 6300/5818 6297/5815 6302/5820 
f 6305/5823 6306/5824 5870/5338 6307/5825 
f 6308/5826 6309/5827 6306/5824 6305/5823 
f 6310/5828 6305/5823 6307/5825 6311/5829 
f 6312/5830 6308/5826 6305/5823 6310/5828 
f 6313/5831 6314/5832 5874/5833 6315/5834 
f 6022/5503 6023/5504 6314/5832 6313/5831 
f 6006/5488 6313/5831 6315/5834 6007/5835 
f 6010/5487 6022/5503 6313/5831 6006/5488 
f 6316/5836 6317/5837 5875/5838 6318/5839 
f 6048/5532 6049/5533 6317/5840 6316/5841 
f 6040/5522 6316/5836 6318/5839 6041/5523 
f 6044/5526 6048/5842 6316/5836 6040/5522 
f 6319/5843 6320/5844 5876/5845 6321/5846 
f 6322/5847 6323/5848 6320/5844 6319/5843 
f 6082/5570 6319/5849 6321/5850 6083/5571 
f 6086/5851 6322/5847 6319/5843 6082/5852 
f 6324/5853 6325/5854 5873/5855 6326/5856 
f 6016/5857 6017/5858 6325/5854 6324/5853 
f 6327/5859 6324/5853 6326/5856 6328/5860 
f 6018/5861 6016/5857 6324/5853 6327/5859 
f 6329/5862 6330/5863 5878/5864 6331/5865 
f 6034/5516 6035/5517 6330/5863 6329/5862 
f 6053/5538 6329/5866 6331/5867 6054/5539 
f 6036/5518 6034/5516 6329/5862 6053/5868 
f 6332/5869 6333/5870 5879/5871 6334/5872 
f 6000/5479 6001/5873 6333/5870 6332/5869 
f 6027/5508 6332/5869 6334/5872 6028/5509 
f 6002/5476 6000/5479 6332/5869 6027/5508 
f 6335/5874 6336/5875 5880/5876 6337/5877 
f 6338/5878 6339/5879 6336/5875 6335/5874 
f 5990/5880 6335/5874 6337/5877 5991/5881 
f 5994/5882 6338/5878 6335/5874 5990/5880 
f 6340/5883 6341/5884 5877/5885 6342/5886 
f 6060/5548 6061/5549 6341/5887 6340/5888 
f 6343/5889 6340/5883 6342/5886 6344/5890 
f 6062/5891 6060/5892 6340/5883 6343/5889 
f 6345/5893 6346/5894 5882/5350 6347/5895 
f 5950/5418 5951/5419 6346/5894 6345/5893 
f 6348/5896 6345/5893 6347/5895 6349/5897 
f 5952/5420 5950/5418 6345/5893 6348/5896 
f 6350/5898 6351/5899 5883/5351 6352/5900 
f 6353/5901 6354/5902 6351/5899 6350/5898 
f 5972/5440 6350/5898 6352/5900 5973/5441 
f 5976/5444 6353/5901 6350/5898 5972/5440 
f 6355/5903 6356/5904 5884/5352 6357/5905 
f 6222/5906 6223/5907 6356/5904 6355/5903 
f 6358/5908 6355/5903 6357/5905 6359/5909 
f 6224/5910 6222/5906 6355/5903 6358/5908 
f 6360/5911 6361/5912 5881/5349 6362/5913 
f 6363/5914 6364/5915 6361/5912 6360/5911 
f 6212/5916 6360/5911 6362/5913 6213/5917 
f 6216/5918 6363/5914 6360/5911 6212/5916 
f 6365/5919 6366/5920 5886/5354 6367/5921 
f 5980/5450 5981/5451 6366/5920 6365/5919 
f 6353/5922 6365/5919 6367/5921 6354/5923 
f 5976/5452 5980/5450 6365/5919 6353/5922 
f 6368/5924 6369/5925 5887/5355 6370/5926 
f 6371/5927 6372/5928 6369/5925 6368/5924 
f 6014/5494 6368/5924 6370/5926 6015/5495 
f 6018/5498 6371/5927 6368/5924 6014/5494 
f 6373/5929 6374/5930 5888/5356 6375/5931 
f 6230/5932 6231/5933 6374/5930 6373/5929 
f 6376/5934 6373/5929 6375/5931 6377/5935 
f 6232/5936 6230/5932 6373/5929 6376/5934 
f 6378/5937 6379/5938 5885/5353 6380/5939 
f 6358/5940 6359/5941 6379/5938 6378/5937 
f 6220/5942 6378/5937 6380/5939 6221/5943 
f 6224/5944 6358/5940 6378/5937 6220/5942 
f 6381/5945 6382/5946 5890/5358 6383/5947 
f 6327/5859 6328/5860 6382/5946 6381/5945 
f 6371/5948 6381/5945 6383/5947 6372/5949 
f 6018/5861 6327/5859 6381/5945 6371/5948 
f 6384/5950 6385/5951 5891/5359 6386/5952 
f 6387/5953 6388/5954 6385/5951 6384/5950 
f 6322/5847 6384/5950 6386/5952 6323/5848 
f 6086/5851 6387/5953 6384/5950 6322/5847 
f 6389/5955 6390/5956 5892/5360 6391/5957 
f 6238/5958 6239/5959 6390/5956 6389/5955 
f 6392/5960 6389/5955 6391/5957 6393/5961 
f 6240/5962 6238/5958 6389/5955 6392/5960 
f 6394/5963 6395/5964 5889/5357 6396/5965 
f 6376/5966 6377/5967 6395/5964 6394/5963 
f 6228/5968 6394/5963 6396/5965 6229/5969 
f 6232/5970 6376/5966 6394/5963 6228/5968 
f 6397/5971 6398/5972 5894/5362 6399/5973 
f 6084/5572 6085/5573 6398/5972 6397/5971 
f 6387/5974 6397/5971 6399/5973 6388/5975 
f 6086/5574 6084/5572 6397/5971 6387/5974 
f 6400/5976 6401/5977 5895/5363 6402/5978 
f 6403/5979 6404/5980 6401/5977 6400/5976 
f 6074/5562 6400/5976 6402/5978 6075/5563 
f 6078/5566 6403/5979 6400/5976 6074/5562 
f 6405/5981 6406/5982 5896/5364 6407/5983 
f 6246/5984 6247/5985 6406/5982 6405/5981 
f 6408/5986 6405/5981 6407/5983 6409/5987 
f 6248/5766 6246/5764 6405/5988 6408/5989 
f 6410/5990 6411/5991 5893/5361 6412/5992 
f 6392/5993 6393/5994 6411/5991 6410/5990 
f 6236/5995 6410/5990 6412/5992 6237/5996 
f 6240/5997 6392/5993 6410/5990 6236/5995 
f 6413/5998 6414/5999 5898/5366 6415/6000 
f 6090/5580 6091/5581 6414/5999 6413/5998 
f 6403/6001 6413/5998 6415/6000 6404/6002 
f 6078/5582 6090/5580 6413/5998 6403/6001 
f 6416/6003 6417/6004 5899/5367 6418/6005 
f 6419/6006 6420/6007 6417/6004 6416/6003 
f 6108/5602 6416/6003 6418/6005 6109/5603 
f 6112/5606 6419/6006 6416/6003 6108/5602 
f 6421/6008 6422/6009 5900/5368 6423/6010 
f 6190/6011 6191/6012 6422/6009 6421/6008 
f 6424/6013 6421/6008 6423/6010 6425/6014 
f 6192/5710 6190/5708 6421/6015 6424/6016 
f 6426/6017 6427/6018 5897/5365 6428/6019 
f 6408/6020 6409/6021 6427/6018 6426/6017 
f 6244/6022 6426/6017 6428/6019 6245/6023 
f 6248/5766 6408/5989 6426/6024 6244/5762 
f 6429/6025 6430/6026 5902/5370 6431/6027 
f 6116/5612 6117/5613 6430/6026 6429/6025 
f 6419/6028 6429/6025 6431/6027 6420/6029 
f 6112/5614 6116/5612 6429/6025 6419/6028 
f 6432/6030 6433/6031 5903/5371 6434/6032 
f 6435/6033 6436/6034 6433/6031 6432/6030 
f 6134/5634 6432/6030 6434/6032 6135/5635 
f 6138/5638 6435/6033 6432/6030 6134/5634 
f 6437/6035 6438/6036 5904/5372 6439/6037 
f 6198/6038 6199/6039 6438/6036 6437/6035 
f 6440/6040 6437/6035 6439/6037 6441/6041 
f 6200/6042 6198/6038 6437/6035 6440/6040 
f 6442/6043 6443/6044 5901/5369 6444/6045 
f 6424/6046 6425/6047 6443/6044 6442/6043 
f 6188/6048 6442/6043 6444/6045 6189/6049 
f 6192/5710 6424/6016 6442/6050 6188/5706 
f 6445/6051 6446/6052 5906/5374 6447/6053 
f 6142/5644 6143/5645 6446/6052 6445/6051 
f 6435/6054 6445/6051 6447/6053 6436/6055 
f 6138/5646 6142/5644 6445/6051 6435/6054 
f 6448/6056 6449/6057 5907/5375 6450/6058 
f 6451/6059 6452/6060 6449/6057 6448/6056 
f 6160/5666 6448/6056 6450/6058 6161/5667 
f 6164/5670 6451/6059 6448/6056 6160/5666 
f 6453/6061 6454/6062 5908/5376 6455/6063 
f 6206/6064 6207/6065 6454/6062 6453/6061 
f 6456/6066 6453/6061 6455/6063 6457/6067 
f 6208/6068 6206/6064 6453/6061 6456/6066 
f 6458/6069 6459/6070 5905/5373 6460/6071 
f 6440/6072 6441/6073 6459/6070 6458/6069 
f 6196/6074 6458/6069 6460/6071 6197/6075 
f 6200/6076 6440/6072 6458/6069 6196/6074 
f 6461/6077 6462/6078 5910/5378 6463/6079 
f 6168/5676 6169/5677 6462/6078 6461/6077 
f 6451/6080 6461/6077 6463/6079 6452/6081 
f 6164/5678 6168/5676 6461/6077 6451/6080 
f 6464/6082 6465/6083 5911/5379 6466/6084 
f 6348/6085 6349/6086 6465/6083 6464/6082 
f 6183/5698 6464/6082 6466/6084 6184/5699 
f 5952/5702 6348/6085 6464/6082 6183/5698 
f 6467/6087 6468/6088 5912/5380 6469/6089 
f 6214/6090 6215/6091 6468/6088 6467/6087 
f 6363/6092 6467/6087 6469/6089 6364/6093 
f 6216/6094 6214/6090 6467/6087 6363/6092 
f 6470/6095 6471/6096 5909/5377 6472/6097 
f 6456/6098 6457/6099 6471/6096 6470/6095 
f 6204/6100 6470/6095 6472/6097 6205/6101 
f 6208/6102 6456/6098 6470/6095 6204/6100 
f 6473/6103 6474/6104 5914/5382 6475/6105 
f 5966/5434 5967/5435 6474/6104 6473/6103 
f 6476/6106 6473/6103 6475/6105 6477/6107 
f 5968/5436 5966/5434 6473/6103 6476/6106 
f 6478/6108 6479/6109 5915/5383 6480/6110 
f 6481/6111 6482/6112 6479/6109 6478/6108 
f 5956/5424 6478/6108 6480/6110 5957/5425 
f 5960/5428 6481/6111 6478/6108 5956/5424 
f 6483/6113 6484/6114 5916/5384 6485/6115 
f 6294/6116 6295/6117 6484/6114 6483/6113 
f 6486/6118 6483/6113 6485/6115 6487/6119 
f 6296/6120 6294/6116 6483/6113 6486/6118 
f 6488/6121 6489/6122 5913/5381 6490/6123 
f 6491/6124 6492/6125 6489/6122 6488/6121 
f 6284/6126 6488/6121 6490/6123 6285/6127 
f 6288/6128 6491/6124 6488/6121 6284/6126 
f 6493/6129 6494/6130 5918/5386 6495/6131 
f 6178/5692 6179/5693 6494/6130 6493/6129 
f 6481/6132 6493/6129 6495/6131 6482/6133 
f 5960/5694 6178/5692 6493/6129 6481/6132 
f 6496/6134 6497/6135 5919/5387 6498/6136 
f 6499/6137 6500/6138 6497/6135 6496/6134 
f 6173/5682 6496/6134 6498/6136 6174/5683 
f 6156/5686 6499/6137 6496/6134 6173/5682 
f 6501/6139 6502/6140 5920/5388 6503/6141 
f 6302/6142 6303/6143 6502/6140 6501/6139 
f 6504/6144 6501/6139 6503/6141 6505/6145 
f 6304/6146 6302/6142 6501/6139 6504/6144 
f 6506/6147 6507/6148 5917/5385 6508/6149 
f 6486/6150 6487/6151 6507/6148 6506/6147 
f 6292/6152 6506/6147 6508/6149 6293/6153 
f 6296/6154 6486/6150 6506/6147 6292/6152 
f 6509/6155 6510/6156 5922/5390 6511/6157 
f 6154/5660 6155/5661 6510/6156 6509/6155 
f 6499/6158 6509/6155 6511/6157 6500/6159 
f 6156/5662 6154/5660 6509/6155 6499/6158 
f 6512/6160 6513/6161 5923/5391 6514/6162 
f 6515/6163 6516/6164 6513/6161 6512/6160 
f 6147/5650 6512/6160 6514/6162 6148/5651 
f 6130/5654 6515/6163 6512/6160 6147/5650 
f 6517/6165 6518/6166 5924/5392 6519/6167 
f 6310/6168 6311/6169 6518/6166 6517/6165 
f 6520/6170 6517/6165 6519/6167 6521/6171 
f 6312/6172 6310/6168 6517/6165 6520/6170 
f 6522/6173 6523/6174 5921/5389 6524/6175 
f 6504/6176 6505/6177 6523/6174 6522/6173 
f 6300/6178 6522/6173 6524/6175 6301/6179 
f 6304/6180 6504/6176 6522/6173 6300/6178 
f 6525/6181 6526/6182 5926/5394 6527/6183 
f 6128/5628 6129/5629 6526/6182 6525/6181 
f 6515/6184 6525/6181 6527/6183 6516/6185 
f 6130/5630 6128/5628 6525/6181 6515/6184 
f 6528/6186 6529/6187 5927/5395 6530/6188 
f 6531/6189 6532/6190 6529/6187 6528/6186 
f 6121/5618 6528/6186 6530/6188 6122/5619 
f 6104/5622 6531/6189 6528/6186 6121/5618 
f 6533/6191 6534/6192 5928/5396 6535/6193 
f 6254/6194 6255/6195 6534/6192 6533/6191 
f 6536/6196 6533/6191 6535/6193 6537/6197 
f 6256/5774 6254/5772 6533/6198 6536/6199 
f 6538/6200 6539/6201 5925/5393 6540/6202 
f 6520/6203 6521/6204 6539/6201 6538/6200 
f 6308/6205 6538/6200 6540/6202 6309/6206 
f 6312/6207 6520/6203 6538/6200 6308/6205 
f 6541/6208 6542/6209 5930/5398 6543/6210 
f 6102/5596 6103/5597 6542/6209 6541/6208 
f 6531/6211 6541/6208 6543/6210 6532/6212 
f 6104/5598 6102/5596 6541/6208 6531/6211 
f 6544/6213 6545/6214 5931/5399 6546/6215 
f 6547/6216 6548/6217 6545/6214 6544/6213 
f 6095/5586 6544/6213 6546/6215 6096/5587 
f 6070/5590 6547/6216 6544/6213 6095/5586 
f 6549/6218 6550/6219 5932/5400 6551/6220 
f 6262/6221 6263/6222 6550/6219 6549/6218 
f 6552/6223 6549/6218 6551/6220 6553/6224 
f 6264/5782 6262/5780 6549/6225 6552/6226 
f 6554/6227 6555/6228 5929/5397 6556/6229 
f 6536/6230 6537/6231 6555/6228 6554/6227 
f 6252/6232 6554/6227 6556/6229 6253/6233 
f 6256/5774 6536/6199 6554/6234 6252/5770 
f 6557/6235 6558/6236 5934/5402 6559/6237 
f 6068/5556 6069/5557 6558/6236 6557/6235 
f 6547/6238 6557/6235 6559/6237 6548/6239 
f 6070/5558 6068/5556 6557/6235 6547/6238 
f 6560/6240 6561/6241 5935/5403 6562/6242 
f 6563/6243 6564/6244 6561/6241 6560/6240 
f 6058/5546 6560/6240 6562/6242 6059/5547 
f 6062/5550 6563/6243 6560/6240 6058/5546 
f 6565/6245 6566/6246 5936/5404 6567/6247 
f 6270/6248 6271/6249 6566/6246 6565/6245 
f 6568/6250 6565/6245 6567/6247 6569/6251 
f 6272/6252 6270/6248 6565/6245 6568/6250 
f 6570/6253 6571/6254 5933/5401 6572/6255 
f 6552/6256 6553/6257 6571/6254 6570/6253 
f 6260/6258 6570/6253 6572/6255 6261/6259 
f 6264/5782 6552/6226 6570/6260 6260/5778 
f 6573/6261 6574/6262 5938/5406 6575/6263 
f 6343/5889 6344/5890 6574/6262 6573/6261 
f 6563/6264 6573/6261 6575/6263 6564/6265 
f 6062/5891 6343/5889 6573/6261 6563/6264 
f 6576/6266 6577/6267 5939/5407 6578/6268 
f 6579/6269 6580/6270 6577/6267 6576/6266 
f 6338/5878 6576/6266 6578/6268 6339/5879 
f 5994/5882 6579/6269 6576/6266 6338/5878 
f 6581/6271 6582/6272 5940/5408 6583/6273 
f 6278/6274 6279/6275 6582/6272 6581/6271 
f 6584/6276 6581/6271 6583/6273 6585/6277 
f 6280/6278 6278/6274 6581/6271 6584/6276 
f 6586/6279 6587/6280 5937/5405 6588/6281 
f 6568/6282 6569/6283 6587/6280 6586/6279 
f 6268/6284 6586/6279 6588/6281 6269/6285 
f 6272/6286 6568/6282 6586/6279 6268/6284 
f 6589/6287 6590/6288 5942/5410 6591/6289 
f 5992/5466 5993/5467 6590/6288 6589/6287 
f 6579/6290 6589/6287 6591/6289 6580/6291 
f 5994/5468 5992/5466 6589/6287 6579/6290 
f 6592/6292 6593/6293 5943/5411 6594/6294 
f 6476/6295 6477/6296 6593/6293 6592/6292 
f 5985/5456 6592/6292 6594/6294 5986/5457 
f 5968/5460 6476/6295 6592/6292 5985/5456 
f 6595/6297 6596/6298 5944/5412 6597/6299 
f 6286/6300 6287/6301 6596/6298 6595/6297 
f 6491/6302 6595/6297 6597/6299 6492/6303 
f 6288/6304 6286/6300 6595/6297 6491/6302 
f 6598/6305 6599/6306 5941/5409 6600/6307 
f 6584/6308 6585/6309 6599/6306 6598/6305 
f 6276/6310 6598/6305 6600/6307 6277/6311 
f 6280/6312 6584/6308 6598/6305 6276/6310 
f 5946/5414 5955/5423 5823/5291 5822/5290 
f 5949/5417 5959/5427 5955/5423 5946/5414 
f 5954/5422 5963/5431 5824/5292 5823/5291 
f 5957/5425 5967/5435 5963/5431 5954/5422 
f 5962/5430 5971/5439 5821/5289 5824/5292 
f 5965/5433 5975/5443 5971/5439 5962/5430 
f 5970/5438 5947/5415 5822/5290 5821/5289 
f 5973/5441 5951/5419 5947/5415 5970/5438 
f 5978/5446 5984/5455 5828/5296 5829/5297 
f 5975/5449 5965/5459 5984/5455 5978/5446 
f 5983/5454 5989/5463 5830/5298 5828/5296 
f 5986/5457 5993/5467 5989/5463 5983/5454 
f 5988/5462 5997/5471 5825/5293 5830/5298 
f 5991/5465 6001/5475 5997/5471 5988/5462 
f 5996/5470 6005/5482 5826/5294 5825/5293 
f 5999/5473 6009/5486 6005/5482 5996/5470 
f 6004/5481 6013/5493 5827/5295 5826/5294 
f 6007/5484 6017/5497 6013/5493 6004/5481 
f 6012/5492 5979/5447 5829/5297 5827/5295 
f 6015/5495 5981/5451 5979/5447 6012/5492 
f 6020/5500 6026/5507 5833/5301 5832/5300 
f 6009/5502 5999/5510 6026/5507 6020/5500 
f 6025/5506 6031/5513 5834/5302 5833/5301 
f 6028/5509 6035/5517 6031/5513 6025/5506 
f 6030/5512 6039/5521 5831/5299 5834/5302 
f 6033/5515 6043/5525 6039/5521 6030/5512 
f 6038/5520 6021/5501 5832/5300 5831/5299 
f 6041/5523 6023/5504 6021/5501 6038/5520 
f 6046/5528 6052/5537 5835/5303 5840/5308 
f 6043/5531 6033/5541 6052/5537 6046/5528 
f 6051/5536 6057/5545 5836/5304 5835/5303 
f 6054/5539 6061/5549 6057/5545 6051/5536 
f 6056/5544 6065/5553 5837/5305 5836/5304 
f 6059/5547 6069/5557 6065/5553 6056/5544 
f 6064/5552 6073/5561 5838/5306 5837/5305 
f 6067/5555 6077/5565 6073/5561 6064/5552 
f 6072/5560 6081/5569 5839/5307 5838/5306 
f 6075/5563 6085/5573 6081/5569 6072/5560 
f 6080/5568 6047/5529 5840/5308 5839/5307 
f 6083/5571 6049/5533 6047/5529 6080/5568 
f 6088/5576 6094/5585 5843/5311 5842/5310 
f 6077/5579 6067/5589 6094/5585 6088/5576 
f 6093/5584 6099/5593 5844/5312 5843/5311 
f 6096/5587 6103/5597 6099/5593 6093/5584 
f 6098/5592 6107/5601 5841/5309 5844/5312 
f 6101/5595 6111/5605 6107/5601 6098/5592 
f 6106/5600 6089/5577 5842/5310 5841/5309 
f 6109/5603 6091/5581 6089/5577 6106/5600 
f 6114/5608 6120/5617 5847/5315 5846/5314 
f 6111/5611 6101/5621 6120/5617 6114/5608 
f 6119/5616 6125/5625 5848/5316 5847/5315 
f 6122/5619 6129/5629 6125/5625 6119/5616 
f 6124/5624 6133/5633 5845/5313 5848/5316 
f 6127/5627 6137/5637 6133/5633 6124/5624 
f 6132/5632 6115/5609 5846/5314 5845/5313 
f 6135/5635 6117/5613 6115/5609 6132/5632 
f 6140/5640 6146/5649 5851/5319 5850/5318 
f 6137/5643 6127/5653 6146/5649 6140/5640 
f 6145/5648 6151/5657 5852/5320 5851/5319 
f 6148/5651 6155/5661 6151/5657 6145/5648 
f 6150/5656 6159/5665 5849/5317 5852/5320 
f 6153/5659 6163/5669 6159/5665 6150/5656 
f 6158/5664 6141/5641 5850/5318 5849/5317 
f 6161/5667 6143/5645 6141/5641 6158/5664 
f 6166/5672 6172/5681 5855/5323 5854/5322 
f 6163/5675 6153/5685 6172/5681 6166/5672 
f 6171/5680 6177/5689 5856/5324 5855/5323 
f 6174/5683 6179/5693 6177/5689 6171/5680 
f 6176/5688 6182/5697 5853/5321 5856/5324 
f 5959/5691 5949/5701 6182/5697 6176/5688 
f 6181/5696 6167/5673 5854/5322 5853/5321 
f 6184/5699 6169/5677 6167/5673 6181/5696 
f 6186/5704 6195/5713 5862/5330 5861/5329 
f 6189/5707 6199/5717 6195/5713 6186/5704 
f 6194/5712 6203/5721 5863/5331 5862/5330 
f 6197/5715 6207/5725 6203/5721 6194/5712 
f 6202/5720 6211/5729 5864/5332 5863/5331 
f 6205/5723 6215/5733 6211/5729 6202/5720 
f 6210/5728 6219/5737 5857/5325 5864/5332 
f 6213/5731 6223/5741 6219/5737 6210/5728 
f 6218/5736 6227/5745 5858/5326 5857/5325 
f 6221/5739 6231/5749 6227/5745 6218/5736 
f 6226/5744 6235/5753 5859/5327 5858/5326 
f 6229/5747 6239/5757 6235/5753 6226/5744 
f 6234/5752 6243/5761 5860/5328 5859/5327 
f 6237/5755 6247/5765 6243/5761 6234/5752 
f 6242/5760 6187/5705 5861/5329 5860/5328 
f 6245/5763 6191/5709 6187/5705 6242/5760 
f 6250/5768 6259/5777 5865/5333 5871/5339 
f 6253/5771 6263/5781 6259/5777 6250/5768 
f 6258/5776 6267/5785 5866/5334 5865/5333 
f 6261/5779 6271/5789 6267/5785 6258/5776 
f 6266/5784 6275/5793 5867/5335 5866/5334 
f 6269/5787 6279/5797 6275/5793 6266/5784 
f 6274/5792 6283/5801 5868/5336 5867/5335 
f 6277/5795 6287/5805 6283/5801 6274/5792 
f 6282/5800 6291/5809 5872/5340 5868/5336 
f 6285/5803 6295/5813 6291/5809 6282/5800 
f 6290/5808 6299/5817 5869/5337 5872/5340 
f 6293/5811 6303/5821 6299/5817 6290/5808 
f 6298/5816 6307/5825 5870/5338 5869/5337 
f 6301/5819 6311/5829 6307/5825 6298/5816 
f 6306/5824 6251/5769 5871/5339 5870/5338 
f 6309/5827 6255/5773 6251/5769 6306/5824 
f 6314/5832 6318/5839 5875/5838 5874/5833 
f 6023/5504 6041/5523 6318/5839 6314/5832 
f 6317/6313 6321/6314 5876/5344 5875/5343 
f 6049/5533 6083/5571 6321/5850 6317/5840 
f 6320/5844 6326/5856 5873/5855 5876/5845 
f 6323/5848 6328/5860 6326/5856 6320/5844 
f 6325/5854 6315/5834 5874/5833 5873/5855 
f 6017/5858 6007/5835 6315/5834 6325/5854 
f 6330/5863 6334/5872 5879/5871 5878/5864 
f 6035/5517 6028/5509 6334/5872 6330/5863 
f 6333/5870 6337/5877 5880/5876 5879/5871 
f 6001/5873 5991/5881 6337/5877 6333/5870 
f 6336/5875 6342/5886 5877/5885 5880/5876 
f 6339/5879 6344/5890 6342/5886 6336/5875 
f 6341/6315 6331/6316 5878/5346 5877/5345 
f 6061/5549 6054/5539 6331/5867 6341/5887 
f 6346/5894 6352/5900 5883/5351 5882/5350 
f 5951/5419 5973/5441 6352/5900 6346/5894 
f 6351/5899 6357/5905 5884/5352 5883/5351 
f 6354/5902 6359/5909 6357/5905 6351/5899 
f 6356/5904 6362/5913 5881/5349 5884/5352 
f 6223/5907 6213/5917 6362/5913 6356/5904 
f 6361/5912 6347/5895 5882/5350 5881/5349 
f 6364/5915 6349/5897 6347/5895 6361/5912 
f 6366/5920 6370/5926 5887/5355 5886/5354 
f 5981/5451 6015/5495 6370/5926 6366/5920 
f 6369/5925 6375/5931 5888/5356 5887/5355 
f 6372/5928 6377/5935 6375/5931 6369/5925 
f 6374/5930 6380/5939 5885/5353 5888/5356 
f 6231/5933 6221/5943 6380/5939 6374/5930 
f 6379/5938 6367/5921 5886/5354 5885/5353 
f 6359/5941 6354/5923 6367/5921 6379/5938 
f 6382/5946 6386/5952 5891/5359 5890/5358 
f 6328/5860 6323/5848 6386/5952 6382/5946 
f 6385/5951 6391/5957 5892/5360 5891/5359 
f 6388/5954 6393/5961 6391/5957 6385/5951 
f 6390/5956 6396/5965 5889/5357 5892/5360 
f 6239/5959 6229/5969 6396/5965 6390/5956 
f 6395/5964 6383/5947 5890/5358 5889/5357 
f 6377/5967 6372/5949 6383/5947 6395/5964 
f 6398/5972 6402/5978 5895/5363 5894/5362 
f 6085/5573 6075/5563 6402/5978 6398/5972 
f 6401/5977 6407/5983 5896/5364 5895/5363 
f 6404/5980 6409/5987 6407/5983 6401/5977 
f 6406/5982 6412/5992 5893/5361 5896/5364 
f 6247/5985 6237/5996 6412/5992 6406/5982 
f 6411/5991 6399/5973 5894/5362 5893/5361 
f 6393/5994 6388/5975 6399/5973 6411/5991 
f 6414/5999 6418/6005 5899/5367 5898/5366 
f 6091/5581 6109/5603 6418/6005 6414/5999 
f 6417/6004 6423/6010 5900/5368 5899/5367 
f 6420/6007 6425/6014 6423/6010 6417/6004 
f 6422/6009 6428/6019 5897/5365 5900/5368 
f 6191/6012 6245/6023 6428/6019 6422/6009 
f 6427/6018 6415/6000 5898/5366 5897/5365 
f 6409/6021 6404/6002 6415/6000 6427/6018 
f 6430/6026 6434/6032 5903/5371 5902/5370 
f 6117/5613 6135/5635 6434/6032 6430/6026 
f 6433/6031 6439/6037 5904/5372 5903/5371 
f 6436/6034 6441/6041 6439/6037 6433/6031 
f 6438/6036 6444/6045 5901/5369 5904/5372 
f 6199/6039 6189/6049 6444/6045 6438/6036 
f 6443/6044 6431/6027 5902/5370 5901/5369 
f 6425/6047 6420/6029 6431/6027 6443/6044 
f 6446/6052 6450/6058 5907/5375 5906/5374 
f 6143/5645 6161/5667 6450/6058 6446/6052 
f 6449/6057 6455/6063 5908/5376 5907/5375 
f 6452/6060 6457/6067 6455/6063 6449/6057 
f 6454/6062 6460/6071 5905/5373 5908/5376 
f 6207/6065 6197/6075 6460/6071 6454/6062 
f 6459/6070 6447/6053 5906/5374 5905/5373 
f 6441/6073 6436/6055 6447/6053 6459/6070 
f 6462/6078 6466/6084 5911/5379 5910/5378 
f 6169/5677 6184/5699 6466/6084 6462/6078 
f 6465/6083 6469/6089 5912/5380 5911/5379 
f 6349/6086 6364/6093 6469/6089 6465/6083 
f 6468/6088 6472/6097 5909/5377 5912/5380 
f 6215/6091 6205/6101 6472/6097 6468/6088 
f 6471/6096 6463/6079 5910/5378 5909/5377 
f 6457/6099 6452/6081 6463/6079 6471/6096 
f 6474/6104 6480/6110 5915/5383 5914/5382 
f 5967/5435 5957/5425 6480/6110 6474/6104 
f 6479/6109 6485/6115 5916/5384 5915/5383 
f 6482/6112 6487/6119 6485/6115 6479/6109 
f 6484/6114 6490/6123 5913/5381 5916/5384 
f 6295/6117 6285/6127 6490/6123 6484/6114 
f 6489/6122 6475/6105 5914/5382 5913/5381 
f 6492/6125 6477/6107 6475/6105 6489/6122 
f 6494/6130 6498/6136 5919/5387 5918/5386 
f 6179/5693 6174/5683 6498/6136 6494/6130 
f 6497/6135 6503/6141 5920/5388 5919/5387 
f 6500/6138 6505/6145 6503/6141 6497/6135 
f 6502/6140 6508/6149 5917/5385 5920/5388 
f 6303/6143 6293/6153 6508/6149 6502/6140 
f 6507/6148 6495/6131 5918/5386 5917/5385 
f 6487/6151 6482/6133 6495/6131 6507/6148 
f 6510/6156 6514/6162 5923/5391 5922/5390 
f 6155/5661 6148/5651 6514/6162 6510/6156 
f 6513/6161 6519/6167 5924/5392 5923/5391 
f 6516/6164 6521/6171 6519/6167 6513/6161 
f 6518/6166 6524/6175 5921/5389 5924/5392 
f 6311/6169 6301/6179 6524/6175 6518/6166 
f 6523/6174 6511/6157 5922/5390 5921/5389 
f 6505/6177 6500/6159 6511/6157 6523/6174 
f 6526/6182 6530/6188 5927/5395 5926/5394 
f 6129/5629 6122/5619 6530/6188 6526/6182 
f 6529/6187 6535/6193 5928/5396 5927/5395 
f 6532/6190 6537/6197 6535/6193 6529/6187 
f 6534/6192 6540/6202 5925/5393 5928/5396 
f 6255/6195 6309/6206 6540/6202 6534/6192 
f 6539/6201 6527/6183 5926/5394 5925/5393 
f 6521/6204 6516/6185 6527/6183 6539/6201 
f 6542/6209 6546/6215 5931/5399 5930/5398 
f 6103/5597 6096/5587 6546/6215 6542/6209 
f 6545/6214 6551/6220 5932/5400 5931/5399 
f 6548/6217 6553/6224 6551/6220 6545/6214 
f 6550/6219 6556/6229 5929/5397 5932/5400 
f 6263/6222 6253/6233 6556/6229 6550/6219 
f 6555/6228 6543/6210 5930/5398 5929/5397 
f 6537/6231 6532/6212 6543/6210 6555/6228 
f 6558/6236 6562/6242 5935/5403 5934/5402 
f 6069/5557 6059/5547 6562/6242 6558/6236 
f 6561/6241 6567/6247 5936/5404 5935/5403 
f 6564/6244 6569/6251 6567/6247 6561/6241 
f 6566/6246 6572/6255 5933/5401 5936/5404 
f 6271/6249 6261/6259 6572/6255 6566/6246 
f 6571/6254 6559/6237 5934/5402 5933/5401 
f 6553/6257 6548/6239 6559/6237 6571/6254 
f 6574/6262 6578/6268 5939/5407 5938/5406 
f 6344/5890 6339/5879 6578/6268 6574/6262 
f 6577/6267 6583/6273 5940/5408 5939/5407 
f 6580/6270 6585/6277 6583/6273 6577/6267 
f 6582/6272 6588/6281 5937/5405 5940/5408 
f 6279/6275 6269/6285 6588/6281 6582/6272 
f 6587/6280 6575/6263 5938/5406 5937/5405 
f 6569/6283 6564/6265 6575/6263 6587/6280 
f 6590/6288 6594/6294 5943/5411 5942/5410 
f 5993/5467 5986/5457 6594/6294 6590/6288 
f 6593/6293 6597/6299 5944/5412 5943/5411 
f 6477/6296 6492/6303 6597/6299 6593/6293 
f 6596/6298 6600/6307 5941/5409 5944/5412 
f 6287/6301 6277/6311 6600/6307 6596/6298 
f 6599/6306 6591/6289 5942/5410 5941/5409 
f 6585/6309 6580/6291 6591/6289 6599/6306 
# 6500 polygons - 112 triangles

